Title,Authors,Abstract,Published Year,Published Month,Journal,Volume,Issue,Pages,Accession Number,DOI,Ref,Covidence #,Study,Notes,Tags
The predictive value of supervised machine learning models for insomnia symptoms through smartphone usage behavior.,Simon L; Terhorst Y; Cohrdes C; Pryss R; Steinmetz L; Elhai JD; Baumeister H,"INTRODUCTION: Digital phenotyping can be an innovative and unobtrusive way to improve the detection of insomnia. This study explores the correlations between smartphone usage features (SUF) and insomnia symptoms and their predictive value for detecting insomnia symptoms. METHODS: In an observational study of a German convenience sample, the Insomnia Severity Index (ISI) and smartphone usage data (e.g., time the screen was active, longest time the screen was inactive in the night) for the previous 7 days were obtained. SUF (e.g., min, mean) were calculated from the smartphone usage data. Correlation analyses between the ISI and SUF were conducted. For the specification of the machine learning models (ML), 80 % of the data was allocated to training, 20 % to testing, and five-fold cross-validation was used. Six algorithms (support vector machine, XGBoost, Random Forest, k-Nearest-Neighbor, Naive Bayes, and Logistic Regressions) were specified to predict ISI scores ≥15. RESULTS: 752 participants (51.1 % female, mean ISI = 10.23, mean age = 41.92) were included in the analyses. Small correlations between some of the SUF and insomnia symptoms were found. In the ML models, sensitivity was low, ranging from 0.05 to 0.27 in the testing subsample. Random Forest and Naive Bayes were the best-performing algorithms. Yet, their AUCs (0.57, 0.58 respectively) in the testing subsample indicated a low discrimination capacity. CONCLUSIONS: Given the small magnitude of the correlations and low discrimination capacity of the ML models, SUFs, as measured in this study, do not appear to be sufficient for detecting insomnia symptoms. Further research is necessary to explore whether examining intra-individual variations and subpopulations or employing alternative smartphone sensors yields more promising outcomes.",2024,Dec,Sleep Med X,7,,100114,,10.1016/j.sleepx.2024.100114,38765885,#20,Simon 2024,Exclusion reason: The study utilizes digital phenotypes collected from smartphones but does not aim to predict any mental health conditions; ,""
A digital phenotyping dataset for impending panic symptoms: a prospective longitudinal study.,Jang S; Sun TH; Shin S; Lee HJ; Shin YB; Yeom JW; Park YR; Cho CH,"This study investigated the utilization of digital phenotypes and machine learning algorithms to predict impending panic symptoms in patients with mood and anxiety disorders. A cohort of 43 patients was monitored over a two-year period, with data collected from smartphone applications and wearable devices. This research aimed to differentiate between the day before panic (DBP) and stable days without symptoms. With RandomForest, GradientBoost, and XGBoost classifiers, the study analyzed 3,969 data points, including 254 DBP events. The XGBoost model demonstrated performance with a ROC-AUC score of 0.905, while a simplified model using only the top 10 variables maintained an ROC-AUC of 0.903. Key predictors of panic events included evaluated Childhood Trauma Questionnaire scores, increased step counts, and higher anxiety levels. These findings indicate the potential of machine learning algorithms leveraging digital phenotypes to predict panic symptoms, thereby supporting the development of proactive and personalized digital therapies and providing insights into real-life indicators that may exacerbate panic symptoms in this population.",2024,Nov,Sci Data,11,1,1264,,10.1038/s41597-024-04147-6,39572578,#159,Jang 2024,"Exclusion reason: Do not utilize smartphone digital phenotypes and focus solely on digital phenotypes collected from clinical lab equipment (e.g., EEG) or any other wearable sensor data(e.g., smartwatch) to understand psychopathological disorders; Sharon Sunny (2025-09-13 03:32:17)(Select): Message sending history is a daily log, which is reported by the user. Details like sleep, step count are recorded using fitbit.; ",""
"Acute Exacerbation of a Chronic Obstructive Pulmonary Disease Prediction System Using Wearable Device Data, Machine Learning, and Deep Learning: Development and Cohort Study.",Wu CT; Li GH; Huang CT; Cheng YC; Chen CH; Chien JY; Kuo PH; Kuo LC; Lai F,"BACKGROUND: The World Health Organization has projected that by 2030, chronic obstructive pulmonary disease (COPD) will be the third-leading cause of mortality and the seventh-leading cause of morbidity worldwide. Acute exacerbations of chronic obstructive pulmonary disease (AECOPD) are associated with an accelerated decline in lung function, diminished quality of life, and higher mortality. Accurate early detection of acute exacerbations will enable early management and reduce mortality. OBJECTIVE: The aim of this study was to develop a prediction system using lifestyle data, environmental factors, and patient symptoms for the early detection of AECOPD in the upcoming 7 days. METHODS: This prospective study was performed at National Taiwan University Hospital. Patients with COPD that did not have a pacemaker and were not pregnant were invited for enrollment. Data on lifestyle, temperature, humidity, and fine particulate matter were collected using wearable devices (Fitbit Versa), a home air quality-sensing device (EDIMAX Airbox), and a smartphone app. AECOPD episodes were evaluated via standardized questionnaires. With these input features, we evaluated the prediction performance of machine learning models, including random forest, decision trees, k-nearest neighbor, linear discriminant analysis, and adaptive boosting, and a deep neural network model. RESULTS: The continuous real-time monitoring of lifestyle and indoor environment factors was implemented by integrating home air quality-sensing devices, a smartphone app, and wearable devices. All data from 67 COPD patients were collected prospectively during a mean 4-month follow-up period, resulting in the detection of 25 AECOPD episodes. For 7-day AECOPD prediction, the proposed AECOPD predictive model achieved an accuracy of 92.1%, sensitivity of 94%, and specificity of 90.4%. Receiver operating characteristic curve analysis showed that the area under the curve of the model in predicting AECOPD was greater than 0.9. The most important variables in the model were daily steps walked, stairs climbed, and daily distance moved. CONCLUSIONS: Using wearable devices, home air quality-sensing devices, a smartphone app, and supervised prediction algorithms, we achieved excellent power to predict whether a patient would experience AECOPD within the upcoming 7 days. The AECOPD prediction system provided an effective way to collect lifestyle and environmental data, and yielded reliable predictions of future AECOPD events. Compared with previous studies, we have comprehensively improved the performance of the AECOPD prediction model by adding objective lifestyle and environmental data. This model could yield more accurate prediction results for COPD patients than using only questionnaire data.",2021,May,JMIR Mhealth Uhealth,9,5,e22591,,10.2196/22591,33955840,#1552,Wu 2021,Exclusion reason: The study utilizes digital phenotypes collected from smartphones but does not aim to predict any mental health conditions; ,""
Continuous-Time Hidden Markov Factor Model for Mobile Health Data: Application to Adverse Posttraumatic Neuropsychiatric Sequelae,"Ge, L.; An, X.; Zeng, D.; Mclean, S.; Kessler, R.; Song, R.","Each year, a significant portion of the 40 million individuals in the United States who seek care in emergency departments (EDs) following traumatic experiences develop adverse posttraumatic neuropsychiatric sequelae (APNS). This highlights the widespread impact of trauma and the critical need for effective interventions to address the health outcomes of these events. Despite significant research efforts, advancements in understanding the neurobiological mechanisms of APNS have been hindered, primarily due to reliance on subjective self-reports, which are susceptible to recall biases and careless responses. To overcome this limitation, we investigate the use of objective, longitudinal mobile device data to identify consistent APNS states and examine their dynamic transitions over time. To address the complexity of longitudinal mobile data, we developed a continuous-time hidden Markov factor model and applied it to mobile device data from the Advancing Understanding of Recovery after Trauma (AURORA) study. Findings from this study highlight the great potential of leveraging mobile device data for continuous health monitoring and for guiding personalized treatment approaches through mobile health initiatives.  © 2013 IEEE.",2025,,IEEE J. Biomedical Health Informat.,29,2,741-749,,10.1109/JBHI.2024.3514678,,#2450,Ge 2025,"Exclusion reason: Do not utilize smartphone digital phenotypes and focus solely on digital phenotypes collected from clinical lab equipment (e.g., EEG) or any other wearable sensor data(e.g., smartwatch) to understand psychopathological disorders; ",""
Depression and Anxiety Screening for Pregnant Women via Free Conversational Speech in Naturalistic Condition,"Sousa, R.T.; Silva, G.D.M.; Pinto, P.L.L.; Backes, J.; Mota, A.S.; Paixão, T.M.; Teixeira, M.G.S.; Hisatugu, W.H.; Garcia, A.S.; Prado, K.S.; Dias, R.S.; Galletta, M.A.; Tavares, H.","Depression and anxiety during pregnancy are critical public health concerns, impacting both maternal and fetal well-being. The onset of these mental health conditions during pregnancy can lead to adverse outcomes, such as preterm birth and impaired infant development. Traditional diagnostic and monitoring methods, reliant on self-reporting and clinical evaluations, are often hindered by stigmatization, subjective bias, and accessibility issues, leading to underdiagnosis and inadequate management of these conditions. This study addresses the challenge by making use of free conversational speech recordings via smartphones as an approach for screening depression and anxiety in pregnant women. By leveraging machine learning techniques to analyze speech patterns, this research seeks to offer a non-invasive, objective, and accessible method for early detection and intervention. The research involved collecting conversational speech samples from pregnant women attending a high-risk pregnancy outpatient service, employing smartphones to capture naturalistic speech in everyday contexts. Machine learning algorithms were utilized combined with different audio feature sets to analyze these recordings in conjunction with PHQ-4 questionnaire scores. The combination of Mel Frequency Cepstral Coefficients and OpenSmile feature sets analyzed through LightGBM classifiers emerged as the most effective, achieving an accuracy of 75% and an Area Under the Curve of 0.71. These findings highlight the potential of smartphone-based speech analysis as a viable screening tool for mental health in pregnant women, suggesting a significant shift towards accessible, real-time monitoring. This technological intervention could enhance maternal health by enabling early detection and timely care, ultimately improving pregnancy outcomes and child development. © 2013 IEEE.",2025,,IEEE Access,13,,52149-52156,,10.1109/ACCESS.2025.3552659,,#2505,Sousa 2025,"Exclusion reason: Do not utilize smartphone digital phenotypes and focus solely on digital phenotypes collected from clinical lab equipment (e.g., EEG) or any other wearable sensor data(e.g., smartwatch) to understand psychopathological disorders; ",""
A Smart Federated Learning Approach for Mental Health Detection,"Farnaz, N.; Guru, S.; Prakash, A.; Tripathy, H.K.; Yang, T.; Wang, L.; Rathore, B.","Mental health has emerged as an important part of health care and self-care following the recent COVID-19 pandemic. With everyone being locked in their homes, it has led to isolation and disconnect from human presence and this has caused people to realize the importance of mental well-being and fitness along with physical fitness. Over time, various forms of mental illnesses, such as depression, anxiety disorders, schizophrenia, and bipolar disorder, have been identified and recognized, highlighting the diverse and concerning nature of these conditions. Out of all the illnesses, the most common is depression which has been identified in mostly adults and senior citizens and rarely in children. With this study, we aim to make mental health detection easier and recognize early signs by harnessing data from a multitude of sources including wearable devices, smartphone apps, electronic health records, and social media. Our main objective of using federated learning was to protect the patient’s privacy which might have been compromised using other predictive learning techniques. © The Author(s), under exclusive license to Springer Nature Singapore Pte Ltd. 2024.",2024,,Lect. Notes Networks Syst.,1085 LNNS,,467-479,,10.1007/978-981-97-6726-7_37,,#2597,Farnaz 2024,"Exclusion reason: Do not utilize smartphone digital phenotypes and focus solely on digital phenotypes collected from clinical lab equipment (e.g., EEG) or any other wearable sensor data(e.g., smartwatch) to understand psychopathological disorders; ",""
Federated Learning Framework for Mobile Sensing Apps in Mental Health,"Suruliraj, Banuchitra; Orji, Rita","Mental health issues are negatively impacting people, the economy and life expectancy. Several mobile applications are developed to aid mental health treatment and mobile sensing applications help remotely monitor patients with mental illness, understand key factors like sleep and exercise, and deliver effective treatment methods. Though new smartphones are increasingly efficient, the majority of mental health applications transfer data to centralized servers for processing. In this paper, we propose a Federated Learning framework for Mental Health Monitoring Systems (MHMS) to preserve user data privacy, reduce network usage and improve performance. To detect depression using the Federated Learning framework we defined a mobile application architecture, and developed two versions of applications that collect three types of sensing information such as location, accelerometer and calls. We defined epochs and developed an anomaly detection algorithm that helps to label local data to train models. We conducted a preliminary study for 6 weeks using two app versions. The results from the study indicate the app implementing the Federated Learning framework is capable of continuously tracking data utilizing less power, storage space and internet data. It also preserved users' privacy. In future, we are planning to implement Federated Learning to run large-scale studies with improved server-side federated averaging methods.",2022,,2022 IEEE 10TH INTERNATIONAL CONFERENCE ON SERIOUS GAMES AND APPLICATIONS FOR HEALTH(SEGAH' 22),,,,WOS:000922932000047,10.1109/SEGAH54908.2022.9978600,,#3217,Suruliraj 2022,"Exclusion reason: Conceptual or theoretical frameworks without data collection, feature extraction, digital marker modeling, or machine learning model development; ",""
Attention Deficit Hyperactivity Disorder and Use of Mobile Phones among Children- Need for Concern?,"Varghese, Aby Dany; Mathew, Geethu; Xson, Cinderella","Introduction: The prevalence of Attention Deficit Hyperactivity Disorder (ADHD) is on the rise. Among multiple factors that are linked with ADHD, electronic media use has been gaining considerable attention recently. There is only a limited source of information regarding the burden of ADHD and its association with screen time in the Indian context.Aim: Screening of the children for ADHD and its association with mobile phone use at an outpatient service in a tertiary care hospital in Kerala.Materials and Methods: A cross-sectional questionnaire-based study was conducted among 157 children in the outpatient services in a tertiary care hospital in Pathanamthitta district, Kerala, India. School-going children aged between 6 and 11 years were included in the study. ADHD screening was done using Conner's Abbreviated Rating Scale (CARS)Results: The mean age of children was 8.1 +/- 1.9 years. All the participants used mobile phones, and 15 (9.6%) owned one. The mean duration of mobile phone use per day was 1.4 +/- 0.7 hours. Among participants, 53 (33.8%) used mobile phones for more than one hour daily. Parents reported that nearly one-fifth of the children use mobile phones late at night (after 10 pm). Among children, 22.9% screened positive for ADHD. The ADHD scores are significantly correlated with the duration of mobile phone use (r=0.368 p<0.001). Among the children who used mobile phones for more than a year, 32.1% screened positive for ADHD (OR=3.21, CI 1.41-7.32). The mean ADHD score was significantly higher among children with > 1 hour of mobile phone use/day than those who use <1 hour/day (t-test=-2.27 p-value=0.025). The vast majority, 148 (94.2%), also noticed behavioural changes among children when denied mobile phones. Significant changes included anger (22.9%), sadness (31.8%), withdrawal (20%), frustration (17.8%) and violence (8.9%).Conclusion: In this study, 22.9% of children screened positive for ADHD. Mobile phone use was found to be significantly associated with ADHD.",2023,,JOURNAL OF CLINICAL AND DIAGNOSTIC RESEARCH,17,6,SC1-SC4,WOS:001010486300013,10.7860/JCDR/2023/60328.17984,,#3253,Varghese 2023,Exclusion reason: Studies that explore problematic smartphone usage that relies solely on tools such as questionnaires; ,""
A Unified Deep Learning Framework for Smartphone-Enabled ADHD Detection,"Mandal, Sayantika; Kumar, G. Pradeep; Saini, Manali; Satija, Udit; Kumar, Yogesh","Attention-deficit hyperactivity disorder (ADHD) is a persistent condition with repeated issues, such as difficulty maintaining attention, impetuous behavior, and hyperactivity. It severely impacts a considerable population of children. Therefore, it is crucial to focus on early detection and treatment of ADHD. Few recent studies utilize electroencephalogram (EEG) measurements acquired during distinct cognitive graphics along with machine learning and deep learning for its detection. However, such studies are limited with the availability of only two public EEG measurement datasets to date. In view of these aspects, this work proposes a deep learning-based unified framework for the detection of ADHD and its real-time deployment on smartphones. Extensive performance assessment with the average accuracies of 99.02% and 98.60% for EEG measurements in two public datasets suggests that the proposed approach can be more accurate than those of prior studies in some cases. Robustness analysis using inter-dataset signals further demonstrates the effectiveness and cost efficiency of the proposed framework. The framework predicts ADHD/non-ADHD signals on smartphone with a latency of 67 ms and utilizes an overall energy of 82.50 mWh for processing EEG measurements, detecting ADHD/non-ADHD and communicating these details to the medical server. This demonstrates its feasibility in real-time environment with the facility of tracking ADHD progression by subjects toward self-assessment, thereby decreasing the transportation cost of frequent clinical sessions.",2024,,IEEE TRANSACTIONS ON INSTRUMENTATION AND MEASUREMENT,73,,,WOS:001132683400195,10.1109/TIM.2023.3338713,,#3404,Mandal 2024,"Exclusion reason: Do not utilize smartphone digital phenotypes and focus solely on digital phenotypes collected from clinical lab equipment (e.g., EEG) or any other wearable sensor data(e.g., smartwatch) to understand psychopathological disorders; ",""
"Method for predicting depression risk based on            Global Positioning System positioning data of mobile            phone for treating depressive disorders, involves            inputting daily data set formed by extracting new data            of dai",ZHAO G; WANG L,"NOVELTY - The method involves collecting (S01) data of a                daily visit place by a Global Positioning System                (GPS) module on a mobile phone. Data statistical                calculation process is performed (S02) on the daily                visit location data to obtain total mobile distance                of each day, number of visit location clusters,                visit location variability, average value of a                visit location to a home distance, daily average                movement speed and residence time. A depression                degree label is established (S04) each day and                correspondingly stored in a database, according to                the owner's self-report of daily depression                severity. A prediction model is constructed (S05)                for predicting depression risk degree.USE - Method for predicting depression risk based on                Global Positioning System (GPS) positioning data of                a mobile phone for treating depressive disorders                and avoiding tragedy.ADVANTAGE - The method predicts the depression risk degree                according to the behavior of the user on the day,                without wearing additional collecting device,                simple operation. The method provides an                automation, low cost method for long-term                continuous monitoring of depression risk,                collecting global positioning system (GPS) data by                mobile phone built-in sensor, extracting related                behavior index, and predicting the risk state of                the mobile phone user in real time.DETAILED DESCRIPTION - An INDEPENDENT CLAIM is included for a system                for predicting a depression risk score based on                Global Positioning System (GPS) positioning data of                a mobile phone.DESCRIPTION Of DRAWING(S) - The drawing shows a flow diagram illustrating                the method for predicting depression risk based on                GPS positioning data of mobile phone. (Drawing                includes non-English language text).S01Step for collecting data of a daily visit                place by a Global Positioning System (GPS) module                on a mobile phoneS02Step for performing a data statistical                calculation process on the daily visit location                data to obtain total mobile distance of each day,                number of visit location clusters, visit location                variability, average value of a visit location to a                home distance, daily average movement speed and                residence timeS03Step for extracting each day data set in                the database, and calculating rhythm index of the                daily visit placeS04Step for establishing a depression degree                label each day and correspondingly stored in a                database, according to the owner's self-report of                daily depression severityS05Step for constructing a prediction model                constructed for predicting depression risk                degree",,,,,,,DIIDW:2023509047,,,#3537,,Exclusion reason: Systematic Review; Linnea Stenlund-Roderick (2025-10-15 21:28:32)(Select): cannot find the text; ,""
Readiness of Smartphones for Data Collection and Data Mining with an Example Application in Mental Health,"Yates, Darren; Islam, Md. Zahidul","Smartphones have become the ultimate 'personal' computers with sufficient processing power and storage to perform machine learning tasks. Building on our previous research, this paper investigates an example practical application of this capability, combining it with a smartphone's on-board sensors to develop a personalised, self-contained machine-learning framework for monitoring mental health. We present a mobile application for Android devices called 'Mindful' that incorporates data collection from the phone's sensors and data sources, pre-processes the data locally and executes data mining on that data to provide pre-emptive feedback to the phone user about their mind state. Rather than as a finished product, this application is presented as a first step to show that from a technological perspective, smartphones are well equipped to perform this type of role. We invite colleagues from the mental health sciences to join us in furthering this work into a smart monitor for mental health.",2019,,"DATA MINING, AUSDM 2019",1127,,235-246,WOS:000922737000019,10.1007/978-981-15-1699-3_19,,#3612,Yates 2019,"Exclusion reason: Conceptual or theoretical frameworks without data collection, feature extraction, digital marker modeling, or machine learning model development; ",""
Associations Between Working Memory Contributions to Reinforcement Learning and Mental Health Phenotypes in a Representative Online Hypothesis-Generating Sample,"Bustamante, Laura; Bera, Krishn; Pagnier, Guillaume; Cruz, Alexis; Zimmerman, Alyssa; Roberts, Alyssa; Loder, Allie; Barch, Deanna; Boudewyn, Megan; Carter, Cameron; Erickson, Molly; Gold, James; Luck, Steven; Ragland, Daniel; Yonelinas, Andrew; MacDonald, Angus, III; Frank, Michael",,2024,,NEUROPSYCHOPHARMACOLOGY,49,,171-171,WOS:001421429700345,,,#3623,Bustamante 2024,"Exclusion reason: Studies published as posters, protocols, reports, books, brief communications, editorial letters, commentaries, opinions, reviews, dissertations, theses, and unpublished works; Anoop Kadan (2025-09-09 19:43:47)(Select): Plenary and Symposium Abstracts; ",""
Prediction of mental health risk in adolescents via a smartphone app: a feasibility pilot study,"Bel, T. Bellido; Kadirvelu, B.; Freccero, A.; Di Simplicio, M.; Faisal, A. A.; Nicholls, D.",,2024,,EUROPEAN JOURNAL OF PUBLIC HEALTH,34,,,WOS:001398326500033,10.1093/eurpub/ckae144.1120,,#3672,Bel 2024,"Exclusion reason: Studies published as posters, protocols, reports, books, brief communications, editorial letters, commentaries, opinions, reviews, dissertations, theses, and unpublished works; Linnea Stenlund-Roderick (2025-09-27 19:33:17)(Select): I have followed the Doi and downloaded the Pdf, however I could only find the abstract and not the full document. ; ",""
Individual differences in the prediction of mental health by smartphone and Instagram use: the moderating role of extraversion and neuroticism,"Gugushvili, Nino; Taht, Karin; Ruiter, Robert A. C.; Verduyn, Philippe","The impact of smartphones and social media on mental health depends on how people use these technologies. Research distinguishes between overall, social and non-social smartphone use, as well as between overall, active, and passive social media use. Recent studies revealed that the consequences of these usage types for mental health may depend on personality traits; however, evidence remains elusive. This study examines the moderating role of extraversion and neuroticism in the within-person relationship between different types of (a) smartphone use and mental health, and (b) Instagram use and mental health. In a weeklong diary study with 142 participants (63% female, average age = 26.39), we collected data on subtypes of smartphone and Instagram use, and positive and negative affect. Neuroticism and extraversion were measured at baseline. Passive Instagram use predicted increases in negative affect. Moreover, Neuroticism (but not extraversion) emerged as a significant moderator. Only for users scoring high on neuroticism, time spent on smartphones and passive use of Instagram predicted increases in negative affect, emphasizing the complex interplay between usage types, user characteristics, and mental health. These findings may help practitioners tailor interventions to specific populations. Future research with diverse samples is necessary to identify additional vulnerability and protective user characteristics.",2025,,BEHAVIOUR & INFORMATION TECHNOLOGY,,,,WOS:001492258500001,10.1080/0144929X.2025.2506661,,#3714,Gugushvili 2025,"Exclusion reason: Do not utilize smartphone digital phenotypes and focus solely on digital phenotypes collected from clinical lab equipment (e.g., EEG) or any other wearable sensor data(e.g., smartwatch) to understand psychopathological disorders; ",""
"Attention Bias Modification Training Via Smartphone to Reduce Social Anxiety: A Randomized, Controlled Multi-Session Experiment","Enock, Philip M.; Hofmann, Stefan G.; McNally, Richard J.","Testing feasibility and efficacy of psychological treatment via mobile devices is important, given its potential benefits for high-dosage treatment delivery, widespread and inexpensive dissemination, and efficient research methods. We conducted the first randomized controlled trial of attention bias modification training delivered via smartphones, comparing this training to control training in a double-blind design, also including a waitlist condition. All participants performed a variant of dot-probe training involving faces with neutral and disgust (representative of social threat) expressions in brief sessions three times daily over 4 weeks on their own smartphones, at home or anywhere they chose. Attention bias modification, also known as cognitive bias modification of attention, training included a contingency to induce attentional deployment away from disgust faces, whereas the control training included no contingency. Participants completed weekly Internet-based self-report symptom assessments as well as smartphone-delivered dot-probe attention bias assessments, whose reliability findings supported the viability of using smartphones for reaction-time based assessments. The between-groups training effect on attention bias scores was small, showing statistical significance in some analyses and not in others. On measures of social anxiety, intention-to-treat analyses (n = 326) revealed significant pre-post treatment declines with medium to large effect sizes in both training groups, whereas small declines in a waitlist group were nonsignificant. Both training groups showed greater reductions in social anxiety than did waitlist; however, the benefits under these two training conditions were statistically indistinguishable. Improvements in the two training conditions beyond those of waitlist could be attributable to any factors common to them, but not to the contingency training specific to active attention bias modification training.",2014,,COGNITIVE THERAPY AND RESEARCH,38,2,200-216,WOS:000332961200010,10.1007/s10608-014-9606-z,,#3732,Enock 2014,"Exclusion reason: Do not utilize smartphone digital phenotypes and focus solely on digital phenotypes collected from clinical lab equipment (e.g., EEG) or any other wearable sensor data(e.g., smartwatch) to understand psychopathological disorders; ",""
App-based ecological momentary assessment of problematic smartphone use during examination weeks in university students: 6-week observational study,"Ahn, Ji Seon; Jeong, InJi; Park, Sehwan; Lee, Jooho; Jeon, Minjeong; Lee, Sangil; Do, Gangho; Jung, Dooyoung; Park, Jin Young","Background: The increasing prevalence of problematic smartphone use (PSU) among university students is raising concerns, particularly as excessive smartphone engagement is linked to negative outcomes such as mental health issues, academic underperformance, and sleep disruption. Despite the severity of PSU, its association with behaviors such as physical activity, mobility, and sociability has received limited research attention. Ecological momentary assessment (EMA), including passive data collection through digital phenotyping indicators, offers an objective approach to explore these behavioral patterns. Objective: This study aimed to examine associations between self-reported psychosocial measures; app-based EMA data, including daily behavioral indicators from GPS location tracking; and PSU in university students during the examination period. Methods: A 6-week observational study involving 243 university students was conducted using app-based EMA on personal smartphones to collect data on daily behaviors and psychosocial factors related to smartphone overuse. PSU was assessed using the Korean Smartphone Addiction Proneness Scale. Data collected from the Big4+ app, including self-reports on mood, sleep, and appetite, as well as passive sensor data (GPS location, acceleration, and steps) were used to evaluate overall health. Logistic regression analysis was conducted to identify factors that significantly influenced smartphone overuse, providing insights into daily behavior and mental health patterns. Results: In total, 23% (56/243) of the students exhibited PSU. The regression analysis revealed significant positive associations between PSU and several factors, including depression (Patient Health Questionnaire-9; odds ratio [OR] 8.48, 95% CI 1.95-36.87; P = .004), social interaction anxiety (Social Interaction Anxiety Scale; OR 4.40, 95% CI 1.59-12.15; P = .004), sleep disturbances (General Sleep Disturbance Scale; OR 3.44, 95% CI 1.15-10.30; P = .03), and longer sleep duration (OR 3.11, 95% CI 1.14-8.48; P = .03). Conversely, a significant negative association was found between PSU and time spent at home (OR 0.35, 95% CI 0.13-0.94; P = .04). Conclusions: This study suggests that negative self-perceptions of mood and sleep, along with patterns of increased mobility identified through GPS data, increase the risk of PSU, particularly during periods of academic stress. Combining psychosocial assessments with EMA data offers valuable insights for managing PSU during high-stress periods, such as examinations, and provides new directions for future research. (PsycInfo Database Record (c) 2025 APA, all rights reserved)",2025,,Journal of Medical Internet Research,27,,,2025-81129-001,10.2196/69320,2025-81129-001,#3830,Ahn 2025,Exclusion reason: The study utilizes digital phenotypes collected from smartphones but does not aim to predict any mental health conditions; ,""
"A novel scalable, low-burden, and privacy-preserving affective mobile sensing system for mental health monitoring in real-world settings","Islam, Mohammad Rahul","Access to mental health resources remains a significant challenge worldwide, with over 450 million people affected by mental illness. The gap between those needing support and available caregivers continues to widen. Technological advancements have introduced various solutions, including Smartphone-Based Active Self-Reporting, Lab-Based Physiological Monitoring, Wearable Physiological Sensors, and Passive Behavioral Sensing via Smartphones, to aid in the early diagnosis and continuous monitoring of mental illness. However, these approaches often face scalability challenges due to high costs and significant user burden. To this, the widespread accessibility and ubiquity of smartphones offer an unprecedented opportunity to monitor mental health unobtrusively and continuously. While smartphones provide low-burden solutions to real-time monitoring and intervention, their sensing capability has only been limited to behavioral and social signals. As we know, mental illness is multifaceted and affects the behavioral, physiological, and social aspects of people's lives. This missed opportunity creates a gap in the sensing capabilities of smartphones for a holistic understanding of a person's mental health.In my thesis, I explore the potential of using smartphone front-facing cameras to capture physiological signals—such as pupillary responses and facial expressions—for objective mental state assessment. Modern smartphones often rely on camera-based biometrics and facial recognition for effortless unlocking, capturing spontaneous, unfiltered facial snapshots hundreds of times daily. Unlike posed selfies, these snapshots reflect genuine expressions, free from biases like social desirability. By leveraging advanced AI to process this data directly on the device in real-time, my work ensures privacy, as images are never transmitted off the smartphone. This seamless, low-burden, and continuous approach can enable early detection, timely intervention, and ongoing monitoring of individuals at risk. The research demonstrates the feasibility of smartphone-based physiological sensing in naturalistic settings, laying the groundwork for scalable, accessible mental health solutions and advancing passive sensing technology for global impact. (PsycInfo Database Record (c) 2025 APA, all rights reserved)",2025,01/01/2025,Dissertation Abstracts International: Section B: The Sciences and Engineering,86,6-B,,2025-77701-141,,2025-77701-141,#3854,Islam 2025,"Exclusion reason: Studies published as posters, protocols, reports, books, brief communications, editorial letters, commentaries, opinions, reviews, dissertations, theses, and unpublished works; Anoop Kadan (2025-09-09 18:54:23)(Select): Dissertation ; ",""
Beyond step count: Are we ready to use digital phenotyping to make actionable individual predictions in psychiatry?,"Ortiz, Abigail; Mulsant, Benoit H.","Some models for mental disorders or behaviors (eg, suicide) have been successfully developed, allowing predictions at the population level. However, current demographic and clinical variables are neither sensitive nor specific enough for making individual actionable clinical predictions. A major hope of the “Decade of the Brain” was that biological measures (biomarkers) would solve these issues and lead to precision psychiatry. However, as models are based on sociodemographic and clinical data, even when these biomarkers differ significantly between groups of patients and control participants, they are still neither sensitive nor specific enough to be applied to individual patients. Technological advances over the past decade offer a promising approach based on new measures that may be essential for understanding mental disorders and predicting their trajectories. Several new tools allow us to continuously monitor objective behavioral measures (eg, hours of sleep) and densely sample subjective measures (eg, mood). The promise of this approach, referred to as digital phenotyping, was recognized almost a decade ago, with its potential impact on psychiatry being compared to the impact of the microscope on biological sciences. However, despite the intuitive belief that collecting densely sampled data (big data) improves clinical outcomes, recent clinical trials have not shown that incorporating digital phenotyping improves clinical outcomes. This viewpoint provides a stepwise development and implementation approach, similar to the one that has been successful in the prediction and prevention of cardiovascular disease, to achieve clinically actionable predictions in psychiatry. (PsycInfo Database Record (c) 2025 APA, all rights reserved)",2024,,Journal of Medical Internet Research,26,,,2025-12892-001,10.2196/59826,2025-12892-001,#4088,Ortiz 2024,"Exclusion reason: Studies published as posters, protocols, reports, books, brief communications, editorial letters, commentaries, opinions, reviews, dissertations, theses, and unpublished works; ",""
Accelerating Medicines Partnership® Schizophrenia (AMP® SCZ): Rationale and study design of the largest global prospective cohort study of clinical high risk for psychosis,"Wannan, Cassandra M. J.; Nelson, Barnaby; Addington, Jean; Allott, Kelly; Anticevic, Alan; Arango, Celso; Baker, Justin T.; Bearden, Carrie E.; Billah, Tashrif; Bouix, Sylvain; Broome, Matthew R.; Buccilli, Kate; Cadenhead, Kristin S.; Calkins, Monica E.; Cannon, Tyrone D.; Cecci, Guillermo; Chen, Eric Yu Hai; Cho, Kang Ik K.; Choi, Jimmy; Clark, Scott R.; Coleman, Michael J.; Conus, Philippe; Corcoran, Cheryl M.; Cornblatt, Barbara A.; Diaz-Caneja, Covadonga M.; Dwyer, Dominic; Ebdrup, Bjørn H.; Ellman, Lauren M.; Fusar-Poli, Paolo; Galindo, Liliana; Gaspar, Pablo A.; Gerber, Carla; Glenthøj, Louise Birkedal; Glynn, Robert; Harms, Michael P.; Horton, Leslie E.; Kahn, René S.; Kambeitz, Joseph; Kambeitz-Ilankovic, Lana; Kane, John M.; Kapur, Tina; Keshavan, Matcheri S.; Kim, Sung-Wan; Koutsouleris, Nikolaos; Kubicki, Marek; Kwon, Jun Soo; Langbein, Kerstin; Lewandowski, Kathryn E.; Light, Gregory A.; Mamah, Daniel; Marcy, Patricia J.; Mathalon, Daniel H.; McGorry, Patrick D.; Mittal, Vijay A.; Nordentoft, Merete; Nunez, Angela; Pasternak, Ofer; Pearlson, Godfrey D.; Perez, Jesus; Perkins, Diana O.; Powers, Albert R.; Roalf, David R.; Sabb, Fred W.; Schiffman, Jason; Shah, Jai L.; Smesny, Stefan; Spark, Jessica; Stone, William S.; Strauss, Gregory P.; Tamayo, Zailyn; Torous, John; Upthegrove, Rachel; Vangel, Mark; Verma, Swapna; Wang, Jijun; Rossum, Inge Winter-van; Wolf, Daniel H.; Wolff, Phillip; Wood, Stephen J.; Yung, Alison R.; Agurto, Carla; Alvarez-Jimenez, Mario; Amminger, Paul; Armando, Marco; Asgari-Targhi, Ameneh; Cahill, John; Carrión, Ricardo E.; Castro, Eduardo; Cetin-Karayumak, Suheyla; Mallar Chakravarty, M.; Cho, Youngsun T.; Cotter, David; D'Alfonso, Simon; Ennis, Michaela; Fadnavis, Shreyas; Fonteneau, Clara; Gao, Caroline; Gupta, Tina; Gur, Raquel E.; Gur, Ruben C.; Hamilton, Holly K.; Hoftman, Gil D.; Jacobs, Grace R.; Jarcho, Johanna; Ji, Jie Lisa; Kohler, Christian G.; Lalousis, Paris Alexandros; Lavoie, Suzie; Lepage, Martin; Liebenthal, Einat; Mervis, Josh; Murty, Vishnu; Nicholas, Spero C.; Ning, Lipeng; Penzel, Nora; Poldrack, Russell; Polosecki, Pablo; Pratt, Danielle N.; Rabin, Rachel; Eichi, Habiballah Rahimi; Rathi, Yogesh; Reichenberg, Avraham; Reinen, Jenna; Rogers, Jack; Ruiz-Yu, Bernalyn; Scott, Isabelle; Seitz-Holland, Johanna; Srihari, Vinod H.; Srivastava, Agrima; Thompson, Andrew; Turetsky, Bruce I.; Walsh, Barbara C.; Whitford, Thomas; Wigman, Johanna T. W.; Yao, Beier; Yuen, Hok Pan; Ahmed, Uzair; Byun, Andrew (Jin Soo); Chung, Yooho; Do, Kim; Hendricks, Larry; Huynh, Kevin; Jeffries, Clark; Lane, Erlend; Langholm, Carsten; Lin, Eric; Mantua, Larry; Santorelli, Gennarina; Ruparel, Kosha; Zoupou, Eirini; Adasme, Tatiana; Addamo, Lauren; Adery, Laura; Ali, Munaza; Auther, Andrea; Aversa, Samantha; Baek, Seon-Hwa; Bates, Kelly; Bathery, Alyssa; Bayer, Johanna M. M.; Beedham, Rebecca; Bilgrami, Zarina; Birch, Sonia; Bonoldi, Ilaria; Borders, Owen; Borgatti, Renato; Brown, Lisa; Bruna, Alejandro; Carrington, Holly; Castillo-Passi, Rolando I.; Chen, Justine; Cheng, Nicholas; Ching, Ann Ee; Clifford, Chloe; Colton, Beau-Luke; Contreras, Pamela; Corral, Sebastián; Damiani, Stefano; Done, Monica; Estradé, Andrés; Etuka, Brandon Asika; Formica, Melanie; Furlan, Rachel; Geljic, Mia; Germano, Carmela; Getachew, Ruth; Goncalves, Mathias; Haidar, Anastasia; Hartmann, Jessica; Jo, Anna; John, Omar; Kerins, Sarah; Kerr, Melissa; Kesselring, Irena; Kim, Honey; Kim, Nicholas; Kinney, Kyle; Kremar, Marija; Kotler, Elana; Lafanechere, Melanie; Lee, Clarice; Llerena, Joshua; Markiewicz, Christopher; Matnejl, Priya; Maturana, Alejandro; Mavambu, Aissata; Mayol-Troncoso, Rocío; McDonnell, Amelia; McGowan, Alessia; McLaughlin, Danielle; McIlhenny, Rebecca; McQueen, Brittany; Mebrahtu, Yohannes; Mensi, Martina; Hui, Christy Lai Ming; Suen, Yi Nam; Wong, Stephanie Ming Yin; Morrell, Neal; Omar, Mariam; Partridge, Alice; Phassouliotis, Christina; Pichiecchio, Anna; Politi, Pierluigi; Porter, Christian; Provenzani, Umberto; Prunier, Nicholas; Raj, Jasmine; Ray, Susan; Rayner, Victoria; Reyes, Manuel; Reynolds, Kate; Rush, Sage; Salinas, Cesar; Shetty, Jashmina; Snowball, Callum; Tod, Sophie; Turra-Fariña, Gabriel; Valle, Daniela; Veale, Simone; Whitson, Sarah; Wickham, Alana; Youn, Sarah; Zamorano, Francisco; Zavaglia, Elissa; Zinberg, Jamie; Woods, Scott W.; Shenton, Martha E.","This article describes the rationale, aims, and methodology of the Accelerating Medicines Partnership® Schizophrenia (AMP® SCZ). This is the largest international collaboration to date that will develop algorithms to predict trajectories and outcomes of individuals at clinical high risk (CHR) for psychosis and to advance the development and use of novel pharmacological interventions for CHR individuals. We present a description of the participating research networks and the data processing analysis and coordination center, their processes for data harmonization across 43 sites from 13 participating countries (recruitment across North America, Australia, Europe, Asia, and South America), data flow and quality assessment processes, data analyses, and the transfer of data to the National Institute of Mental Health (NIMH) Data Archive (NDA) for use by the research community. In an expected sample of approximately 2000 CHR individuals and 640 matched healthy controls, AMP SCZ will collect clinical, environmental, and cognitive data along with multimodal biomarkers, including neuroimaging, electrophysiology, fluid biospecimens, speech and facial expression samples, novel measures derived from digital health technologies including smartphone-based daily surveys, and passive sensing as well as actigraphy. The study will investigate a range of clinical outcomes over a 2-year period, including transition to psychosis, remission or persistence of CHR status, attenuated positive symptoms, persistent negative symptoms, mood and anxiety symptoms, and psychosocial functioning. The global reach of AMP SCZ and its harmonized innovative methods promise to catalyze the development of new treatments to address critical unmet clinical and public health needs in CHR individuals. (PsycInfo Database Record (c) 2025 APA, all rights reserved)",2024,,Schizophrenia Bulletin,50,3,496-512,2024-86786-003,10.1093/schbul/sbae011,2024-86786-003,#4182,Wannan 2024,"Exclusion reason: Conceptual or theoretical frameworks without data collection, feature extraction, digital marker modeling, or machine learning model development; ",""
Automatic depression screening and depressive symptom prediction using smartphone sensing data,"Ware, Shweta","Depression is a common, yet serious health problem. It has significant detrimental impacts on both physical and psychological functioning. Current diagnosis techniques rely on physician-administered or patient self-administered interview tools, which are burdensome and suffer from recall bias. Additionally, these techniques incur higher medical costs. There is an urgent need for an accurate, objective and easily accessible depression screening tool for mass usage. In this dissertation, we explore the usage of smartphone sensing data, collected directly on smartphones or meta-data collected from a WiFi infrastructure, for automatic depression screening and depressive symptom prediction. In the first part of the dissertation, we develop a novel approach that investigates the feasibility of automatic large-scale depression prediction using meta-data captured in an institution's WiFi network, without direct data capture (i.e., running apps) on phones. Specifically, when smartphones connect to a WiFi network, their locations (and hence the locations of the users) can be determined by the access points that they associate with; the location information over time provides important insights into the behavior of the users, which can be used for depression screening. To investigate the feasibility of this approach, we have analyzed two datasets, each collected over several months, involving tens of participants recruited from a university. Our results demonstrate that WiFi meta-data is effective for passive depression screening: the F1 scores are as high as 0.85 for predicting depression, comparable to those obtained by using sensing data collected directly from smartphones . In the second part of the dissertation, we explore the feasibility of using smartphone sensing data for automatic prediction of all major categories of depressive symptoms, including both cognitive (in interests, mood, concentration) and behavioral (in appetite, energy level, sleep) symptoms. Specifically, we consider two types of smartphone data, one collected passively on smartphones and the other collected from an institution's WiFi infrastructure and construct a family of machine learning based models for the prediction. Both scenarios require no efforts from the users and can provide objective assessment of depressive symptoms. Our results demonstrate that smartphone data can be used to predict both behavioral and cognitive symptoms effectively, with F1 score as high as 0.86. Our study makes a significant step forward over existing studies, which only focus on predicting the overall depression status (i.e., whether one is depressed or not). In the third part of the dissertation, we explore the impact and influence of social interaction related features on mental health and wellness. Specifically, using a family of machine learning models, we have used Short Message Service (SMS) and call record data for depression prediction. By using the social interaction data collected via an Android phone app from college age students. Our results demonstrate that social interaction data can be used to predict depression effectively, with F1 score as high as 0.80. Our results show that the people with depression spend more time on the phone calls than the non-depressed population. We also found that majority of the depressed individuals send and receive fewer number of messages and communicate with a limited number of contacts. (PsycInfo Database Record (c) 2024 APA, all rights reserved)",2024,01/01/2024,Dissertation Abstracts International Section A: Humanities and Social Sciences,85,12-A,,2025-05892-209,,2025-05892-209,#4272,Ware 2024,"Exclusion reason: Studies published as posters, protocols, reports, books, brief communications, editorial letters, commentaries, opinions, reviews, dissertations, theses, and unpublished works; Anoop Kadan (2025-09-11 19:21:48)(Select): This is a PhD dissertation  ; ",""
Depression and anxiety in adolescents during the COVID-19 pandemic in relation to the use of digital technologies: Longitudinal cohort study,"Shen, Chen; Smith, Rachel B.; Heller, Joel; Spiers, Alexander D. V.; Thompson, Rhiannon; Ward, Helen; Roiser, Jonathan P.; Nicholls, Dasha; Toledano, Mireille B.","Background: Adolescents are susceptible to mental illness and have experienced substantial disruption owing to the COVID-19 pandemic. The digital environment is increasingly important in the context of a pandemic when in-person social connection is restricted. Objective: This study aims to estimate whether depression and anxiety had worsened compared with the prepandemic period and examine potential associations with sociodemographic characteristics and behavioral factors, particularly digital behaviors. Methods: We analyzed cross-sectional and longitudinal data from a large, representative Greater London adolescent cohort study: the Study of Cognition, Adolescents and Mobile Phones (SCAMP). Participants completed surveys at T1 between November 2016 and July 2018 (N = 4978; aged 13 to 15 years) and at T2 between July 2020 and June 2021 (N = 1328; aged 16 to 18 years). Depression and anxiety were measured using the Patient Health Questionnaire and Generalized Anxiety Disorder scale, respectively. Information on the duration of total mobile phone use, social network site use, and video gaming was also collected using questionnaires. Multivariable logistic regression was used to assess the cross-sectional and longitudinal associations of sociodemographic characteristics, digital technology use, and sleep duration with clinically significant depression and anxiety. Results: The proportion of adolescents who had clinical depression and anxiety significantly increased at T2 (depression: 140/421, 33.3%; anxiety: 125/425, 29.4%) compared with the proportion of adolescents at T1 (depression: 57/421, 13.5%; anxiety: 58/425, 13.6%; P for 2-proportion z test < .001 for both depression and anxiety). Depression and anxiety levels were similar between the summer holiday, school opening, and school closures. Female participants had higher odds of new incident depression (odds ratio [OR] 2.5, 95% CI 1.5-4.18) and anxiety (OR 2.11, 95% CI 1.23-3.61) at T2. A high level of total mobile phone use at T1 was associated with developing depression at T2 (OR 1.89, 95% CI 1.02-3.49). Social network site use was associated with depression and anxiety cross-sectionally at T1 and T2 but did not appear to be associated with developing depression or anxiety longitudinally. Insufficient sleep at T1 was associated with developing depression at T2 (OR 2.26, 95% CI 1.31-3.91). Conclusions: The mental health of this large sample of adolescents from London deteriorated during the pandemic without noticeable variations relating to public health measures. The deterioration was exacerbated in girls, those with preexisting high total mobile phone use, and those with preexisting disrupted sleep. Our findings suggest the necessity for allocating resources to address these modifiable factors and target high-risk groups. (PsycInfo Database Record (c) 2024 APA, all rights reserved)",2024,,Journal of Medical Internet Research,26,,,2024-53952-001,10.2196/45114,2024-53952-001,#4289,Shen 2024,Exclusion reason: Studies that explore problematic smartphone usage that relies solely on tools such as questionnaires; ,""
"Association of smartphone use and digital addiction with mental health, quality of life, motivation and learning of medical students: A two-year follow-up study","Machado de Oliveira, Marise; Lucchetti, Giancarlo; da Silva Ezequiel, Oscarina; Lamas Granero Lucchetti, Alessandra","Background: Despite studies evaluating the insertion of technology and the use of smartphones in the mental health and learning of medical students, few have investigated these outcomes longitudinally. This study aims to investigate the association between smartphone use and digital addiction with mental health, quality of life, learning, and academic motivation of medical students. Methods: This is a longitudinal study conducted between 2016 and 2018. Socio-demographics, smartphone use, digital dependence (Internet Addiction Test), surface and deep learning approach (Biggs), motivation (Academic Motivation Scale), evaluation of symptoms of depression, anxiety, and stress (DASS- 21) and Quality of Life (WHOQOL-BREF) were assessed. Adjusted regression models were used for data analysis. Results: A total of 269 students were included(51.4% of the total). In the two-year follow-up, despite an increase in the frequency of smartphone use in general and also in the classroom for non-educational activities, no increase in digital dependence was found. In the adjusted models, the frequency of smartphone use and digital dependence were predictors of lower academic motivation and greater surface learning after two years of follow up. However, only digital dependence was a predictor of worse mental health (anxiety, depression, and stress) and worse quality of life. Conclusion: Greater use of smartphones and high addiction scores were associated with worse educational outcomes. Digital dependence was another marker of outcomes in mental health and quality of life. It is important that educators are aware of these negative effects and can guide students on the proper and safe use of these devices. (PsycInfo Database Record (c) 2023 APA, all rights reserved)",2023,,Psychiatry: Interpersonal and Biological Processes,,,,2023-41705-001,10.1080/00332747.2022.2161258,2023-41705-001,#4776,MachadodeOliveira 2023,Exclusion reason: Studies that explore problematic smartphone usage that relies solely on tools such as questionnaires; ,""
Subjective smartphone screen time and co-morbid mental illness,"Noel, Jonathan K.; Jacob, Sharon; Wensley, Izabelle A.; Rosenthal, Samantha R.","Smartphone use is ubiquitous among young adults, and past research has suggested a potential association between smartphone use and mental illness. Here, the relationship between subjective smartphone screen time and co-morbid mental illness was assessed in a sample of college students. The role of social support was also examined. The authors used data from 431 college students who participated in the mobile screen time project. Total daily subjective smartphone screen time, as well as screen time using social networking, gaming, and productivity apps, was measured. Symptoms of depression, anxiety, attention-deficit hyperactivity disorder, and insomnia were measured. Participants were categorized as experiencing 0, 1, or 2 or more mental illnesses. Perceived social support was tested as a moderator. Multinomial logistic regression models assessed main and interactive effects after adjustment for age, gender, race, ethnicity, and relative socioeconomic status. About 40.6% of participants had symptoms of 2 or more mental illnesses. Total daily subjective screen time was significantly associated with having symptoms of 2 or more mental illnesses (OR [95% CI] = 4.08 [2.40, 6.97]). Social support moderated this relationship (OR [95% CI] = 0.49 [0.28, 0.86]), with the relationship strongest among those with the lowest levels of social support. Greater subjective screen time was associated with increased odds of experiencing symptoms of co-morbid mental illness, but not any single mental illness. Social support may moderate this relationship. Greater smartphone screen time may be associated with common underlying symptoms of multiple mental illnesses, although reciprocal relationships cannot be ruled out. (PsycInfo Database Record (c) 2024 APA, all rights reserved)",2022,,Journal of Technology in Behavioral Science,7,4,578-587,2023-09760-013,10.1007/s41347-022-00276-0,2023-09760-013,#4962,Noel 2022,Exclusion reason: Studies that explore smartphone usage that relies solely on tools such as questionnaires; ,""
ADHD Remote Technology study of cardiometabolic risk factors and medication adherence (ART-CARMA): A multi-centre prospective cohort study protocol,"Denyer, Hayley; Ramos-Quiroga, J. Antoni; Folarin, Amos; Ramos, Carolina; Nemeth, Petra; Bilbow, Andrea; Woodward, Euan; Whitwell, Susannah; Müller-Sedgwick, Ulrich; Larsson, Henrik; Dobson, Richard J. B.; Kuntsi, Jonna","Background: Emerging evidence points at substantial comorbidity between adult attention deficit hyperactivity disorder (ADHD) and cardiometabolic diseases, but our understanding of the comorbidity and how to manage cardiometabolic disease in adults with ADHD is limited. The ADHD Remote Technology study of cardiometabolic risk factors and medication adherence (ART-CARMA) project uses remote measurement technology to obtain real-world data from daily life to assess the extent to which ADHD medication treatment and physical activity, individually and jointly, may influence cardiometabolic risks in adults with ADHD. Our second main aim is to obtain valuable real-world data on adherence to pharmacological treatment and its predictors and correlates during daily life from adults with ADHD. Methods: ART-CARMA is a multi-site prospective cohort study within the EU-funded collaboration ‘TIMESPAN’ (Management of chronic cardiometabolic disease and treatment discontinuity in adult ADHD patients) that will recruit 300 adults from adult ADHD waiting lists. The participants will be monitored remotely over a period of 12 months that starts from pre-treatment initiation. Passive monitoring, which involves the participants wearing a wrist-worn device (EmbracePlus) and downloading the RADAR-base Passive App and the Empatica Care App on their smartphone, provides ongoing data collection on a wide range of variables, such as physical activity, sleep, pulse rate (PR) and pulse rate variability (PRV), systolic peaks, electrodermal activity (EDA), oxygen saturation (SpO2), peripheral temperature, smartphone usage including social connectivity, and the environment (e.g. ambient noise, light levels, relative location). By combining data across these variables measured, processes such as physical activity, sleep, autonomic arousal, and indicators of cardiovascular health can be captured. Active remote monitoring involves the participant completing tasks using a smartphone app (such as completing clinical questionnaires or speech tasks), measuring their blood pressure and weight, or using a PC/laptop (cognitive tasks). The ART system is built on the RADAR-base mobile-health platform. Discussion: The long-term goal is to use these data to improve the management of cardiometabolic disease in adults with ADHD, and to improve ADHD medication treatment adherence and the personalisation of treatment. (PsycInfo Database Record (c) 2023 APA, all rights reserved)",2022,,BMC Psychiatry,22,,,2023-32113-001,10.1186/s12888-022-04429-6,2023-32113-001,#4987,Denyer 2022,"Exclusion reason: Studies published as posters, protocols, reports, books, brief communications, editorial letters, commentaries, opinions, reviews, dissertations, theses, and unpublished works; Sharon Sunny (2025-09-12 23:35:30)(Select): Describes a protocol, but no predictions are made.; ",""
Associations between smartphone use and mental health and well-being among young Swiss men,"Studer, Joseph; Marmet, Simon; Wicki, Matthias; Khazaal, Yasser; Gmel, Gerhard","Background and aims: Intense use of smartphones is associated with mental health problems and low well-being. However, little is known about the mental health and well-being of non- and low-level users. This study investigated the possibly non-linear associations between time spent using a smartphone, including non-users, and mental health and well-being among young adults. Methods: Between 2016 and 2018, 5315 young Swiss men (M = 25.45 years old, SD = 1.25) completed a questionnaire assessing smartphone use, daily time spent using a smartphone, mental health and well-being (i.e. depression, social anxiety, attention deficit hyperactivity disorder, life satisfaction, stress) and potential confounding variables (social capital, personality, education). The associations of smartphone use and time spent using a smartphone (linear and quadratic associations) with mental health and well-being were tested using regression models. Results: Non-users (4.3%) reported worse mental health and well-being than smartphone users on all outcomes. Time spent using a smartphone was linearly associated with higher rates of social anxiety, depression, attention deficit hyperactivity disorder and lower levels of life satisfaction. The association with stress was non-linear, with significant linear and quadratic coefficients of time spent using a smartphone. Associations were partially attributable to confounding variables (i.e. social capital, personality, and education). Conclusions: Non-users and intense users of smartphones have lower levels of mental health and well-being than low-level users. Although society and mental health professionals are deeply concerned about the potentially negative consequences of the ever-increasing use of smartphones, the present study suggested that not using a smartphone may also indicate problems. (PsycInfo Database Record (c) 2023 APA, all rights reserved)",2022,,Journal of Psychiatric Research,156,,602-610,2023-26969-074,10.1016/j.jpsychires.2022.10.036,2023-26969-074,#4991,Studer 2022,Exclusion reason: Studies that explore problematic smartphone usage that relies solely on tools such as questionnaires; ,""
Screen time and adolescents' mental health before and after the COVID-19 lockdown in Switzerland: A natural experiment,"Marciano, Laura; Viswanath, Kasisomayajula; Morese, Rosalba; Camerini, Anne-Linda","Background: During the COVID-19 lockdown in 2020, adolescents' mental health was largely undermined. A general increment in screen time was reported. However, the long-term effects of the latter on adolescents' mental health are still little explored. Methods: In the present natural experiment, we investigated these effects using longitudinal data collected before and after the first lockdown in Switzerland. Data come from 674 Swiss adolescents (56.7% females, Mage = 14.45, SDage = 0.50) during Spring 2019 (T1) and Autumn 2020 (T2) as part of the longitudinal MEDIATICINO study. Self-reported mental health measures included somatic symptoms, inattention, anxiety, irritability, anger, sleep problems, obsessive-compulsive symptoms, loneliness, and depression. Measures for screen-media activities included time spent on the Internet, smartphones, social media, video gaming, instant messaging, and television viewing. They were all assessed at T1 and T2. Results: Paired-sample t-tests with Bonferroni's correction showed that most mental health problems increased over time with an overall medium effect size (Hedge's g = 0.337). In particular, medium effect sizes were found for anxiety, depression, and inattention; small-to-medium effect sizes were reported for loneliness, sleep problems, and obsessive-compulsive symptoms; and a small effect size was found for somatic symptoms. Screen-media activities increased, with the exception of television viewing and video gaming. The results of the hierarchical regression analyses showed that, controlling for covariates, increased time spent on social media – calculated as the difference between T2 and T1 – was the only screen-media activity significantly associated with worse mental health at T2 (β = 0.112, p = 0.016). More time spent in structured media activities like television viewing diminished levels of inattention (β = −0.091, p = 0.021) and anxiety (β = −0.093, p = 0.014). Among covariates, being female, experiencing two or more life events, having mental health problems at T1, and using screens for homeschooling negatively influenced mental health at T2. Conclusion: These results align with literature indicating a small but negative effect of social media time on mental health. Underlying mechanisms are manifold, including increased exposure to COVID-19 news, heightened fear of missing out, social comparison, and time-displaced for activities such as physical activity and green time. However, in line with the structured days hypothesis, getting involved in media-structured activities like television viewing might protect against mental health symptoms. (PsycInfo Database Record (c) 2025 APA, all rights reserved)",2022,,Frontiers in Psychiatry,13,,,2023-25008-001,10.3389/fpsyt.2022.981881,2023-25008-001,#5026,Marciano 2022,"Exclusion reason: Studies that explore smartphone usage that relies solely on tools such as questionnaires; Linnea Stenlund-Roderick (2025-10-05 22:56:00)(Select): ""Studies that explore smartphone usage that relies solely on tools such as questionnaires"" - I didn't see this option on the drop down bar so I selected the first one as it also didn't aim to predict mental health conditions; ",""
Individual differences and ecological validity of emotion regulation in response to sadness,"Bosma, Colin M.","The majority of research on emotion regulation processes has been restricted to controlled laboratory settingsthat use experimental paradigms to investigate short-term outcomes (Berking & Wupperman, 2012). A true understanding of emotion regulation requires an unobtrusive, ecologically valid assessment of the construct as it naturally unfolds in the environment. Digital phenotyping, or moment-by-moment quantification of individual level human behavior using data from smartphone sensors (Torous & Onnela, 2016), is a novel method for evaluating human behavior in naturalistic settings. The present project is the first to implement digital phenotyping in the investigation of emotion regulation.The central aim of the study was to evaluate whether smartphone-based digital phenotyping data predicted individual differences in emotion regulation in both in-lab and naturalistic settings. During an in-lab session, unselected adult participants (N = 69) completed self-report questionnaires measuring trait emotion regulation as well as state affect/emotion regulation following a neutral mood induction, negative mood induction, and recovery period. Smartphone-based digital phenotyping data were collected during a 7-day follow-up period using the Beiwe Research Platform (Onnela & Rauch, 2016), an open-access mobile- and cloud-based research tool for collecting digital data via smartphones.Results showed that variation in mobile power state level and GPS distance were significantly associated with variation in negative state affect and state cognitive reappraisal over time. Clustering and classification analyses showed power state level and GPS distance over time to accurately, and with high sensitivity and specificity, classify two trait emotion clusters. Variation in power state level and GPS distance together with trait and state emotion regulation was not associated with current depressive symptoms. Overall, the findings provide initial data on the use of digital phenotyping data in predicting individual differences in state and trait emotion regulation in both in-lab and naturalistic settings. The results suggest that operationalizations of digital phenotyping data and modeling approaches are particularly important factors to consider when implementing digital phenotyping methodology in the study of mental health processes such as emotion regulation. (PsycInfo Database Record (c) 2022 APA, all rights reserved)",2022,01/01/2022,Dissertation Abstracts International: Section B: The Sciences and Engineering,83,5-B,,2022-34076-117,,2022-34076-117,#5102,Bosma 2022,"Exclusion reason: Studies published as posters, protocols, reports, books, brief communications, editorial letters, commentaries, opinions, reviews, dissertations, theses, and unpublished works; ",""
Effects of lifestyle behaviours and depressed mood on sleep quality in young adults A machine learning approach,"Sanchez-Trigo, Horacio; Molina-Martínez, Emilio; Grimaldi-Puyana, Moisés; Sañudo, Borja","Abstract Background Modern lifestyles may lead to high stress levels, frequently associated with mood disorders (e.g. depressed mood) and sleep disturbance. The objective of this study was to develop a machine learning model aimed at identifying risk factors for developing poor sleep quality in young adults. Material and methods The sample consisted of 383 college-aged students (mean age ± SD: 21 ± 1 years; 61% males). Sleep quality, mood state, physical activity, number of sitting hours, and smartphone use were measured. Results A decision tree algorithm distinguished participants’ sleep quality with 74% accuracy using a combination of four features: depressed mood, physical activity, sitting time, and vigour. Together with depressed mood, both physical activity (>6432 metabolic equivalent tasks -METs- per week) and sedentary behaviour (sitting time greater than 7 h/day) were the primary features that could differentiate those with poor sleep quality from those with good sleep quality. Conclusions We provided a decision tree model with a sensitivity of 90.7% and a specificity of 54.3%, with an AUC of 0.725. These findings could promote improvements in prevention strategies and contribute to the development of meaningful and evidence-based intervention programs. (PsycInfo Database Record (c) 2022 APA, all rights reserved)",2022,,Psychology & Health,,,,2022-58954-001,10.1080/08870446.2022.2067331,2022-58954-001,#5119,Sanchez-Trigo 2022,Exclusion reason: The study utilizes digital phenotypes collected from smartphones but does not aim to predict any mental health conditions; ,""
Associations between oxidative stress markers and patient-reported smartphone-based symptoms in patients newly diagnosed with bipolar disorder: An exploratory study,"Stanislaus, Sharleny; Faurholt-Jepsen, Maria; Vinberg, Maj; Poulsen, Henrik Enghusen; Kessing, Lars V.; Coello, Klara","Oxidative stress generated nucleoside damage seems to represent key pathophysiological mechanisms of bipolar disorder (BD). Likewise, mood and activity are core features of BD and can be reliably monitored using smartphone-based applications. The aim was to investigate whether oxidative stress generated nucleoside damage could reflect psychopathology in BD using easily available and non-invasive patient-reported smartphone-based symptoms. We included 223 patients newly diagnosed with BD and employed linear mixed-effect regression models to associate baseline measurements of 8-oxo-7,8-dihydro-2’-deoxyguanosine (8-oxodG) and 8-oxo-7,8-dihydroguanosine (8-oxoGuo) levels with patient-reported smartphone measures of mood, activity, anxiety, stress and sleep duration monitored three days prior to and 30 days after the baseline visit in the longitudinal Bipolar Illness Onset Study. In patients newly diagnosed with BD higher 8-oxoGuo levels were inversely associated with the patient-reported activity level (B = 0.953, 95%CI = 0.909;0.99, p = 0.043) and positively associated with patient-reported anxiety (B = 1.104, 95%CI = 1.022;1.161, p = 0.012), perceived stress (B = 1.092, 95%CI = 1.009;1.183, p = 0.014) and sleep duration (B = 1.000, 95%CI = 1.000;1.001, p = 0.001), respectively, in analyses, adjusted for sex and age. The associations between 8-oxoGuo levels and anxiety, perceived stress and sleep duration, respectively, withstood adjustment for sex, age, smoking, BMI and alcohol intake. No associations between 8-oxodG levels and patient-reported smartphone-based data were found and mood was not associated with 8-oxoGuo. Oxidative stress was associated with patient-reported smartphone-based data on activity, anxiety, stress and sleep duration pointing towards that oxidative stress generated nucleoside damage may reflect ongoing psychopathology in BD. (PsycInfo Database Record (c) 2022 APA, all rights reserved)",2022,,European Neuropsychopharmacology,62,,36-45,2022-96540-008,10.1016/j.euroneuro.2022.07.002,2022-96540-008,#5122,Stanislaus 2022,"Exclusion reason: Do not utilize smartphone digital phenotypes and focus solely on digital phenotypes collected from clinical lab equipment (e.g., EEG) or any other wearable sensor data(e.g., smartwatch) to understand psychopathological disorders; ",""
Attention deficit hyperactivity symptoms predict problematic mobile phone use,"Panagiotidi, Maria; Overton, Paul","Attention-deficit-hyperactivity disorder (ADHD) is the most commonly diagnosed childhood disorder characterised by inattention, hyperactivity/impulsivity, or both. Some of the key traits of ADHD have previously been linked to addictive and problematic behaviours. The aim of the present study was to examine the relationship between problematic mobile phone use, smartphone addiction risk and ADHD symptoms in an adult population. A sample of 273 healthy adult volunteers completed the Adult ADHD Self-Report Scale (ASRS), the Mobile Phone Problem Usage Scale (MPPUS), and the Smartphone Addiction Scale (SAS). A significant positive correlation was found between the ASRS and both scales. More specifically, inattention symptoms and age predicted smartphone addiction risk and problematic mobile phone use. Our results suggest that there is a positive relationship between ADHD traits and problematic mobile phone use. In particular, younger adults with higher level of inattention symptoms could be at higher risk of developing smartphone addiction. The implication of our findings for theoretical frameworks of problematic mobile phone use and clinical practice are discussed. (PsycInfo Database Record (c) 2022 APA, all rights reserved)",2022,,Current Psychology: A Journal for Diverse Perspectives on Diverse Psychological Issues,41,5,2765-2771,2020-35745-001,10.1007/s12144-020-00785-2,2020-35745-001,#5222,Panagiotidi 2022,Exclusion reason: Studies that explore problematic smartphone usage that relies solely on tools such as questionnaires; ,""
Inference of anxiety and depression from smartphone-collected data,"Di Matteo, Daniel","Anxiety and depression are widespread and have significant impact on individuals' quality of life. Automated technology which objectively measures behaviors relevant to symptoms of anxiety and depression could aid in the diagnosis and treatment of these disorders in two ways. Diagnosis could be improved by using this data to build automated pre-screeners for these disorders. Treatment could be improved by sharing relevant patient data with clinicians, aiding in decision making. Smartphones offer a wide variety of objective digital data, such as GPS location and audio, which can be collected and analyzed in order to infer key behaviors which give insight into individuals' mental health. This thesis describes the development of passive and objective measures of individuals' symptoms of anxiety and depression, enabled by the analysis of smartphone-collected data. A study was conducted where data was collected from participants' smartphones and a number of features which quantify symptom severity of anxiety and depression were designed and extracted from this data. One such feature, which infers the regularity in an individual's daily pattern of activity from short recordings of their ambient audio, was found to be correlated with self-reported measures of depression (r = -0.37, P = 0.01). Another feature, which infers the number of times that an individual leaves the home from GPS location data, was found to be correlated with self-reported measures of social anxiety (r = -0.25, P = 0.04), generalized anxiety (r = -0.31, P = 0.01), and depression (r = -0.29,P = 0.01). In total, 97 features were extracted from participant data and tested for associations with self-report measures of anxiety and depression. A subset of these features were also selected and used to build predictive models of anxiety and depression, screening participants for social anxiety disorder, generalized anxiety disorder, respectively. The results of this study show that objective data, passively collected from individuals' smartphones, give broad insight into individuals' behaviors and activities, and specific insight into the severity of symptoms of anxiety and depression. (PsycInfo Database Record (c) 2022 APA, all rights reserved)",2022,01/01/2022,Dissertation Abstracts International: Section B: The Sciences and Engineering,83,6-B,,2022-34091-185,,2022-34091-185,#5311,DiMatteo 2022,"Exclusion reason: Studies published as posters, protocols, reports, books, brief communications, editorial letters, commentaries, opinions, reviews, dissertations, theses, and unpublished works; ",""
Building an emotion regulation recommender algorithm for socially anxious individuals using contextual bandits,"Beltzer, Miranda L.; Ameko, Mawulolo K.; Daniel, Katharine E.; Daros, Alexander R.; Boukhechba, Mehdi; Barnes, Laura E.; Teachman, Bethany A.","Objectives: Poor emotion regulation (ER) has been implicated in many mental illnesses, including social anxiety disorder. To work towards a scalable, low‐cost intervention for improving ER, we developed a novel contextual recommender algorithm for ER strategies. Design: N = 114 socially anxious participants were prompted via a mobile app up to six times daily for five weeks to report their emotional state, use of 19 different ER strategies (or no strategy), physical location, and social context. Information from passive sensors was also collected. Methods: Given the large number of ER strategies, we used two different approaches for variable reduction: (1) grouping ER strategies into categories based on a prior meta‐analysis, and (2) considering only the ten most frequently used strategies. For each approach, an algorithm that recommends strategies based on one’s current context was compared with an algorithm that recommends ER strategies randomly, an algorithm that always recommends cognitive reappraisal, and the person’s observed ER strategy use. Contextual bandits were used to predict the effectiveness of the strategies recommended by each policy. Results: When strategies were grouped into categories, the contextual algorithm was not the best performing policy. However, when the top ten strategies were considered individually, the contextual algorithm outperformed all other policies. Conclusions: Grouping strategies into categories may obscure differences in their contextual effectiveness. Further, using strategies tailored to context is more effective than using cognitive reappraisal indiscriminately across all contexts. Future directions include deploying the contextual recommender algorithm as part of a just‐in‐time intervention to assess real‐world efficacy. Practitioner points: Emotion regulation strategies vary in their effectiveness across different contexts. An algorithm that recommends emotion regulation strategies based on a person's current context may one day be used as an adjunct to treatment to help dysregulated individuals optimize their in-the-moment emotion regulation. Recommending flexible use of emotion regulation strategies across different contexts may be more effective than recommending cognitive reappraisal indiscriminately across all contexts. (PsycInfo Database Record (c) 2022 APA, all rights reserved)",2022,,British Journal of Clinical Psychology,61,Suppl 1,51-72,2021-18527-001,10.1111/bjc.12282,2021-18527-001,#5351,Beltzer 2022,"Exclusion reason: Do not utilize smartphone digital phenotypes and focus solely on digital phenotypes collected from clinical lab equipment (e.g., EEG) or any other wearable sensor data(e.g., smartwatch) to understand psychopathological disorders; ",""
Testing suicide risk prediction algorithms using phone measurements with patients in acute mental health settings: Feasibility study,"Haines-Delmont, Alina; Chahal, Gurdit; Bruen, Ashley Jane; Wall, Abbie; Khan, Christina Tara; Sadashiv, Ramesh; Fearnley, David","Background: Digital phenotyping and machine learning are currently being used to augment or even replace traditional analytic procedures in many domains, including health care. Given the heavy reliance on smartphones and mobile devices around the world, this readily available source of data is an important and highly underutilized source that has the potential to improve mental health risk prediction and prevention and advance mental health globally. Objective: This study aimed to apply machine learning in an acute mental health setting for suicide risk prediction. This study uses a nascent approach, adding to existing knowledge by using data collected through a smartphone in place of clinical data, which have typically been collected from health care records. Methods: We created a smartphone app called Strength Within Me, which was linked to Fitbit, Apple Health kit, and Facebook, to collect salient clinical information such as sleep behavior and mood, step frequency and count, and engagement patterns with the phone from a cohort of inpatients with acute mental health (n = 66). In addition, clinical research interviews were used to assess mood, sleep, and suicide risk. Multiple machine learning algorithms were tested to determine the best fit. Results: K-nearest neighbors (KNN; k = 2) with uniform weighting and the Euclidean distance metric emerged as the most promising algorithm, with 68% mean accuracy (averaged over 10,000 simulations of splitting the training and testing data via 10-fold cross-validation) and an average area under the curve of 0.65. We applied a combined 5 × 2 F test to test the model performance of KNN against the baseline classifier that guesses training majority, random forest, support vector machine and logistic regression, and achieved F statistics of 10.7 (P = .009) and 17.6 (P = .003) for training majority and random forest, respectively, rejecting the null of performance being the same. Therefore, we have taken the first steps in prototyping a system that could continuously and accurately assess the risk of suicide via mobile devices. Conclusions: Predicting for suicidality is an underaddressed area of research to which this paper makes a useful contribution. This is part of the first generation of studies to suggest that it is feasible to utilize smartphone-generated user input and passive sensor data to generate a risk algorithm among inpatients at suicide risk. The model reveals fair concordance between phone-derived and research-generated clinical data, and with iterative development, it has the potential for accurate discriminant risk prediction. However, although full automation and independence of clinical judgment or input would be a worthy development for those individuals who are less likely to access specialist mental health services, and for providing a timely response in a crisis situation, the ethical and legal implications of such advances in the field of psychiatry need to be acknowledged. (PsycInfo Database Record (c) 2021 APA, all rights reserved)",2020,,JMIR mHealth and uHealth,8,6,,2020-99932-001,10.2196/15901,2020-99932-001,#5391,Haines-Delmont 2020,Exclusion reason: Studies that explore smartphone usage that relies solely on tools such as questionnaires; ,""
"HOPES: An integrative digital phenotyping platform for data collection, monitoring, and machine learning","Wang, Xuancong; Vouk, Nikola; Heaukulani, Creighton; Buddhika, Thisum; Martanto, Wijaya; Lee, Jimmy; Morris, Robert J. T.","The collection of data from a personal digital device to characterize current health conditions and behaviors that determine how an individual’s health will evolve has been called digital phenotyping. In this paper, we describe the development of and early experiences with a comprehensive digital phenotyping platform: Health Outcomes through Positive Engagement and Self-Empowerment (HOPES). HOPES is based on the open-source Beiwe platform but adds a wider range of data collection, including the integration of wearable devices and further sensor collection from smartphones. Requirements were partly derived from a concurrent clinical trial for schizophrenia that required the development of significant capabilities in HOPES for security, privacy, ease of use, and scalability, based on a careful combination of public cloud and on-premises operation. We describe new data pipelines to clean, process, present, and analyze data. This includes a set of dashboards customized to the needs of research study operations and clinical care. A test use case for HOPES was described by analyzing the digital behavior of 22 participants during the SARS-CoV-2 pandemic. (PsycInfo Database Record (c) 2021 APA, all rights reserved)",2021,,Journal of Medical Internet Research,23,3,,2021-58157-001,10.2196/23984,2021-58157-001,#5585,Wang 2021,"Exclusion reason: Focus solely on mental health smartphone app development (e.g., mindfulness apps, virtual chat apps, etc.) without implementing or evaluating AI/ML models; ",""
Loneliness unlocked: Associations with smartphone use and personality,"MacDonald, Kristi Baerg; Schermer, Julie Aitken","Communication and relationships have been dramatically altered among emerging adults thanks to the rapid adoption of the smartphone in just over a decade. Studying the effects of evolving personal technology helps researchers understand both the detriments of widespread adoption and the benefits that accompany the technology. One such area of concern is the relationship of technology with loneliness. Emerging adulthood is described as the period of transition from adolescence to adulthood, taking place from age 18–25. This period is characterized by change, exploration, but also a vulnerability to psychological distress. Young adults are not only at greater risk of loneliness compared to other developmental stages, but report greater distress about being lonely (Rokach, 2000). Previous research has found support for the hypothesis that use of social communication on the Internet has a bidirectional relationship with loneliness (Nowland et al., 2018); use of the Internet can support relationships and decrease loneliness, but if used as a compensation for social skill deficits, the Internet can also displace quality time spent in relationships, and thereby increase loneliness. This study examines loneliness and its relationship with smartphone use, while also accounting for individual differences in facets of neuroticism, communication apprehension, emotional support, and nomophobia for emerging adults. Participants (N = 302; MAGE = 18.85) completed self-report measures of loneliness and the individual differences variables. They also reported average daily smartphone data of screen time, pickups, and application (app) use, which was measured by their personal devices. Correlations indicated loneliness was positively associated with screen time, social media app use, neuroticism, social recognition, communication anxiety, and nomophobia. Loneliness was negatively associated with smartphone pickups, communication application use, need for affiliation, and emotional support. A regression analysis revealed that neuroticism, need for affiliation, social recognition, emotional support, and smartphone pickups were significant predictors of loneliness, when taking into account all the individual difference and smartphone use variables. Neuroticism and loneliness have a strong relationship, but a hierarchical regression showed that over and above neuroticism and its facets, smartphone screen time and pickups predict loneliness. Overall, the results for this sample of emerging adults supported the hypotheses by Nowland et al. (2018) about social use of the Internet, but applied to smartphone use. More time spent on one's smartphone and on social media apps is related to increased loneliness, and is discussed in context of identity development. More frequent use (pickups) and use of communication apps is related to decreased loneliness and is discussed with respect to development of relationship intimacy. These results suggest that loneliness in young adults is related to different types of smartphone use, even when accounting for stable characteristics such as personality. Finally, neuroticism remains a significant variable in understanding loneliness, and further examination of lower-order facets help define a more nuanced profile in individual differences. (PsycInfo Database Record (c) 2024 APA, all rights reserved)",2021,,Acta Psychologica,221,,1-11,2022-14951-001,10.1016/j.actpsy.2021.103454,2022-14951-001,#5641,MacDonald 2021,Exclusion reason: Studies that explore smartphone usage that relies solely on tools such as questionnaires; ,""
Accuracy of sedentary behavior–triggered ecological momentary assessment for collecting contextual information: Development and feasibility study,"Giurgiu, Marco; Niermann, Christina; Ebner-Priemer, Ulrich; Kanning, Martina","Background: Sedentary behavior has received much attention in the scientific community over the past decade. There is growing evidence that sedentary behavior is negatively associated with physical and mental health. However, an in-depth understanding of the social and environmental context of sedentary behavior is missing. Information about sedentary behavior, such as how everyday sedentary behavior occurs throughout the day (eg, number and length of sedentary bouts), where, when, and with whom it takes place, and what people are doing while being sedentary, is useful to inform the development of interventions aimed at reducing sedentary time. However, examining everyday sedentary behavior requires specific methods. Objective: The purpose of this paper is (1) to introduce sedentary behavior–triggered Ecological Momentary Assessment (EMA) as a methodological advancement in the field of sedentary behavior research and (2) to examine the accuracy of sedentary behavior–triggered EMA in 3 different studies in healthy adults. Moreover, we compare the accuracy of sedentary behavior–triggered EMA to simulations of random-trigger designs. Methods: Sedentary behavior–triggered EMA comprises a continuous assessment of sedentary behavior via accelerometers and repeated contextual assessments via electronic diaries (ie, an application on a smartphone). More specifically, the accelerometer analyzes and transfers data regarding body position (a sitting or lying position, or an upright position) via Bluetooth Low Energy (BLE) to a smartphone in real time and triggers the deployment of questionnaires. Each time a participant spends a specified time (eg, 20 minutes) in a sedentary position, the e-diary triggers contextual assessments. To test the accuracy of this method, we calculated a percentage score for all triggered prompts in relation to the total number of bouts that could trigger a prompt. Results: Based on the accelerometer recordings, 29.3% (5062/17278) of all sedentary bouts were classified as moderate-to-long (20-40 minutes) and long bouts (≥ 41 minutes). On average, the accuracy by participant was 82.77% (3339/4034; SD 21.01%, range 71.00-88.22%) on the study level. Compared to simulations of random prompts (every 120 minutes), the number of triggered prompts was up to 47.9% (n=704) higher through the sedentary behavior–triggered EMA approach. Nearly 40% (799/2001) of all prolonged sedentary bouts (≥ 20 minutes) occurred during work, and in 57% (1140/2001) of all bouts, the participants were not alone. Conclusions: Sedentary behavior–triggered EMA is an accurate method for collecting contextual information on sedentary behavior in daily life. Given the growing interest in sedentary behavior research, this sophisticated approach offers a real advancement as it can be used to collect social and environmental contextual information or to unravel dynamic associations. Furthermore, it can be modified to develop sedentary behavior–triggered mHealth interventions. (PsycInfo Database Record (c) 2022 APA, all rights reserved)",2020,,JMIR mHealth and uHealth,8,9,,2020-87848-001,10.2196/17852,2020-87848-001,#6235,Giurgiu 2020,"Exclusion reason: The study utilizes digital phenotypes collected from smartphones but does not aim to predict any mental health conditions; Anoop Kadan (2025-09-04 00:57:12)(Select): This study utilizes digital phenotypes collected from smartphones; however, I am uncertain whether it pertains to any mental health research, such as detecting depression or anxiety. I need to discuss this with Alessio or Samuele.; Sharon Sunny (2025-09-12 20:04:48)(Select): The model is meant to predict sedentary behavior, which is not a psychopathological disorder.; ",""
A two-session hierarchy for shaping successive approximations of speech in selective mutism: Pilot study of mobile apps and mechanisms of behavior change,"Bunnell, Brian E.; Mesa, Franklin; Beidel, Deborah C.","Selective mutism (SM) is an anxiety disorder marked by withdrawal of speech in particular social situations. Treatment is often difficult, requiring attention to several characteristics particular to the disorder. Therapeutic tools and activities such as games and mobile applications (apps) may be particularly advantageous to behavioral therapy for SM. A 2-session hierarchy for shaping successive approximations of speech in SM was piloted with 15 children, 5 to 17 years old, who were randomly assigned to shaping while using mobile apps, other therapeutic tools/activities, and reinforcement alone. Very strong treatment gains were observed: 13 of 15 (88.7%) children completed the hierarchy during the first session and 14 (93.3%) did so during the second session, with the final child completing all but the final step (i.e., to ask and respond to at least 5 open-ended questions). Moreover, all 15 children spoke to the clinician within 59 minutes of treatment (M = 17 minutes), and 14 (93.3%) children held five, 5-minute conversations with additional unknown adults during the second session. This occurred regardless of the inclusion of therapeutic tools/activities, although preliminary patterns of responding were observed such that children shaped while using mobile apps tended to show less self-reported and physiologically measured anxious distress. The utility of therapeutic activities and mobile apps when treating SM is discussed as well as areas for future research. (PsycInfo Database Record (c) 2022 APA, all rights reserved)",2018,,Behavior Therapy,49,6,966-980,2018-11672-001,10.1016/j.beth.2018.02.003,2018-11672-001,#6785,Bunnell 2018,"Exclusion reason: Do not utilize smartphone digital phenotypes and focus solely on digital phenotypes collected from clinical lab equipment (e.g., EEG) or any other wearable sensor data(e.g., smartwatch) to understand psychopathological disorders; ",""
"""Smartphone Health Assessment for Relapse Prevention (SHARP): A digital solution toward global mental health"": Corrigendum","Rodriguez-Villa, Elena; Mehta, Urvakhsh Meherwan; Naslund, John; Tugnawat, Deepak; Gupta, Snehil; Thirthalli, Jagadisha; Bhan, Anant; Patel, Vikram; Chand, Prabhat Kumar; Rozatkar, Abhijit; Keshavan, Matcheri; Torous, John","Reports an error in ""Smartphone Health Assessment for Relapse Prevention (SHARP): A digital solution toward global mental health"" by Elena Rodriguez-Villa, Urvakhsh Meherwan Mehta, John Naslund, Deepak Tugnawat, Snehil Gupta, Jagadisha Thirtalli, Anant Bhan, Vikram Patel, Prabhat Kumar Chand, Abhijit Rozatkar, Matcheri Keshavan and John Torous (BJPsych Open, 2021[Jan][7], Vol 7[e29]). In the original publication, co-author Jagadisha Thirthalli’s name was spelled incorrectly. This has now been corrected in both the online PDF and HTML versions of this article. The name appears correctly in this and the original record. (The following abstract of the original article appeared in record [rid]2021-06701-001[/rid]). Background Predicting and preventing relapse presents a crucial opportunity and first step to improve outcomes and reduce the care gap for persons living with schizophrenia. Using commercially available smartphones and smartwatches, technology now affords opportunities to capture real-time and longitudinal profiles of patients’ symptoms, cognition, physiology and social patterns. This novel data makes it possible to explore relationships between behaviours, physiology and symptoms, which may yield personalised relapse signals. Aims Smartphone Health Assessment for Relapse Prevention (SHARP), an international mental health research study supported by the Wellcome Trust, will inform the development of a scalable and sharable digital health solution to monitor personal risk of relapse. The resulting technology will be studied toward predicting and preventing relapse among individuals diagnosed with serious mental illness. Method SHARP is a two-phase study with research sites in Boston, Massachusetts, and Bangalore and Bhopal, India. During phase 1, focus groups will be conducted at each study site to collect feedback on the design and features available on mindLAMP, a digital health platform. Individuals with serious mental illness will use mindLAMP for the duration of a year during phase 2. Results The results of the research outlined in this protocol will guide the development of technology and digital tools to help address pervasive challenges in global mental health. Conclusions The digital tools developed as a result of this study, and participants’ experiences using them, may offer insight into opportunities to expand digital mental health resources and optimize their utilisation around the world. (PsycInfo Database Record (c) 2023 APA, all rights reserved)",2021,,BJPsych Open,7,,,2021-15661-001,10.1192/bjo.2021.6,2021-15661-001,#7344,Rodriguez-Villa 2021,"Exclusion reason: Focus solely on mental health smartphone app development (e.g., mindfulness apps, virtual chat apps, etc.) without implementing or evaluating AI/ML models; ",""
Harnessing context sensing to develop a mobile intervention for depression,"Burns, Michelle Nicole; Begale, Mark; Duffecy, Jennifer; Gergle, Darren; Karr, Chris J.; Giangrande, Emily; Mohr, David C.","Background: Mobile phone sensors can be used to develop context-aware systems that automatically detect when patients require assistance. Mobile phones can also provide ecological momentary interventions that deliver tailored assistance during problematic situations. However, such approaches have not yet been used to treat major depressive disorder. Objective: The purpose of this study was to investigate the technical feasibility, functional reliability, and patient satisfaction with Mobilyze!, a mobile phone- and Internet-based intervention including ecological momentary intervention and context sensing. Methods: We developed a mobile phone application and supporting architecture, in which machine learning models (ie, learners) predicted patients’ mood, emotions, cognitive/motivational states, activities, environmental context, and social context based on at least 38 concurrent phone sensor values (eg, global positioning system, ambient light, recent calls). The website included feedback graphs illustrating correlations between patients’ self-reported states, as well as didactics and tools teaching patients behavioral activation concepts. Brief telephone calls and emails with a clinician were used to promote adherence. We enrolled 8 adults with major depressive disorder in a single-arm pilot study to receive Mobilyze! and complete clinical assessments for 8 weeks. Results: Promising accuracy rates (60% to 91%) were achieved by learners predicting categorical contextual states (eg, location). For states rated on scales (eg, mood), predictive capability was poor. Participants were satisfied with the phone application and improved significantly on self-reported depressive symptoms (betaweek = −.82, P < .001, per-protocol Cohen d = 3.43) and interview measures of depressive symptoms (betaweek = −.81, P < .001, per-protocol Cohen d = 3.55). Participants also became less likely to meet criteria for major depressive disorder diagnosis (bweek = −.65, P = .03, per-protocol remission rate = 85.71%). Comorbid anxiety symptoms also decreased (betaweek = −.71, P < .001, per-protocol Cohen d = 2.58). Conclusions: Mobilyze! is a scalable, feasible intervention with preliminary evidence of efficacy. To our knowledge, it is the first ecological momentary intervention for unipolar depression, as well as one of the first attempts to use context sensing to identify mental health-related states. Several lessons learned regarding technical functionality, data mining, and software development process are discussed. (PsycInfo Database Record (c) 2021 APA, all rights reserved)",2011,,Journal of Medical Internet Research,13,3,158-174,2012-05747-012,10.2196/jmir.1838,2012-05747-012,#8229,Burns 2011,"Exclusion reason: Conceptual or theoretical frameworks without data collection, feature extraction, digital marker modeling, or machine learning model development; ",""
Mobile and Wearable-assisted Case Management for Panic Disorder: An Observational Cohort Study Using Machine Learning and Explainable AIA1  - Anonymous.,"","Brief Summary, A panic attack (PA) is an intense form of anxiety accompanied by multiple somatic presentations, leading to frequent emergency department visits and impairing quality of life. A prediction model for PAs could help clinicians and patients monitor, control, and do early intervention for recurrent panic attacks, enabling more personalized treatment for panic disorder. This study aimed to provide a seven-day PA prediction model and determine the relationship between a future PA and various features, including physiological factors, anxiety and depressive factors, and air quality index. We will enroll 200 participants (150 participants join case management with wearables study, 50 participants join TAU group) with PD (DMS-5 and MINI interview). Participants used smartwatches (Garmin vivosmart 4) and mobile applications to collect their sleep, heart rate, activity level, anxiety, and depression scores (BDI, BAI, STAI-S, STAI-T, and PDSS-SR) in their real-life for a duration of one year. We also included air quality indexes from open data. To analyze these data, our team used six machine learning methods: random forests, decision trees, LDA, AdaBoost, XGBoost, and regularized greedy forests, or other deep learning methods., Detailed Description, Participants enrollment Through primary psychiatrists' invitations, we will recruit 150 En Chu Kong Hospital psychiatric clinic PD participants and 50 patients from Mackay Memorial Hospital. Inclusion criteria The inclusion criteria were 1) a primary diagnosis of PD by DSM-5, 2) more than 20 years old, and 3) an essential ability to navigate smartwatches and mobile phone applications. If participants did not fulfill criteria 3), we will invite them as the control group (i.e. TAU) Exclusion criteria The exclusion criteria were 1) current substance abuse, 2) cardiopulmonary incapacity, 3) incapacity or limited mental capacity, and 4) acute suicidal ideation. This study required sufficient mental capacity on the part of participants to cooperate by wearing smartwatches continuously, properly maintaining the smartwatches, and completing regular, valid online questionnaires. Limited mental capacity implies that the participants have difficulties understanding, remembering, or using the information to make or communicate a decision. Our team evaluated participants' mental capacity during the diagnostic interview (DI), Mini International Neuropsychiatric Interview (MINI), and the informed consent process by certified psychiatrists and nurse practitioners. The information on acute suicidal ideation was from diagnostic interviews and questions from MINI part A and pre-assessment BDI.Copyright © 2025 clinicaltrials.gov",2023,/,clinicaltrials.gov,,,,NCT05832905,,,#10260,,"Exclusion reason: Studies published as posters, protocols, reports, books, brief communications, editorial letters, commentaries, opinions, reviews, dissertations, theses, and unpublished works; Sharon Sunny (2025-10-09 03:59:02)(Select): https://ichgcp.net/clinical-trials-registry/publications/254489-panic-attack-prediction-using-wearable-devices-and-machine-learning-development-and-cohort-study; ",""
REMOTE: Monitoring Telemedicine Platform in Patients With Anxiety Symptoms and Alcohol Use Disorder: Smartphone and Wearable SensorsA1  - Anonymous.,"","Brief Summary, The objective of this study is to analyze the physiological patterns of two groups of patients, one control and one with anxiety disorder and alcoholic abuse disorder using sensor data from mobile devices and wearables. This data will be compared to the data presented by three clinical questionnaires: State-trait Anxiety Inventory (STAI), the Alcohol Use Disorders Identification Test (AUDIT), and the Beck's Depression Inventory (BDI-II) in order to determine the feasibility of remote collected data., Detailed Description, The objective of this study is to analyze the physiological patterns of two groups of patients, one control and one with anxiety disorder and alcoholic abuse disorder using sensor data from mobile devices and wearables. This data, collected by sensors, will be compared to the data presented by three clinical questionnaires: State-trait Anxiety Inventory (STAI), the Alcohol Use Disorders Identification Test (AUDIT), and the Beck's Depression Inventory (BDI-II) in order to determine the feasibility of using remote collected data in routine clinical practice. Furthermore, patient satisfaction with the app will be evaluated after the data collection phase. This is a unicentric, case-controlled, longitudinal, evaluational, national study with two groups, one control of healthy individuals without symptoms of anxiety or depression, and another experimental group in which participants fulfill the given selection criteria for the trial. There are a total of 60 participants split evenly between the two groups.Copyright © 2025 clinicaltrials.gov",2019,/,clinicaltrials.gov,,,,NCT03991650,,,#10277,,"Exclusion reason: Studies published as posters, protocols, reports, books, brief communications, editorial letters, commentaries, opinions, reviews, dissertations, theses, and unpublished works; Manjary P. Gangan (2025-10-13 01:33:26)(Select): doi not available. I have downloaded the paper most matching to the title; ",""
Using Wearable and Mobile Data to Diagnose and Monitor Movement DisordersA1  - Anonymous.,"","Brief Summary, The purpose of the research is to better understand the motor behavior of individuals in health and disease. The specific purpose of this project is to identify if we can utilize a smartphone to diagnose different movement disorders and monitor their symptoms. A. Objectives 1. Estimate symptom severity of Essential tremor (ET), Parkinson's disease (PD), Huntington's disease (HD), Primary focal dystonia (PFD), spinocerebellar ataxia (SCA), and Functional movement disorders (FMD) using a smartphone-based application 2. Differentiate individuals with the different movement disorders from healthy controls based on features from the smartphone data 3. Differentiate individuals with a specific movement disorder from people with other movement disorders based on features from the smartphone data B. Hypotheses / Research Question(s) We hypothesize that we can estimate the severity of symptoms using a smartphone application and that, using those estimates, we can differentiate individuals with movement disorders from healthy controls and from people with other movement disorders., Detailed Description, Movement disorders are a group of neurological conditions that alter human movements. They lead to functional impairments, diminished quality of life, and significant societal, economic, and familial burden. Due to the increase in population and longer life expectancy \[1\], more and more people will have to live with movement disorders. However, access to movement disorder specialists is already limited and will get worse \[2\]. Therefore, there is an urgent need to develop tools to aid non-specialist medical professionals identify and manage the symptoms (both motor and non-motor) of those disorders such that specialist can focus on more severe and complex cases. While there are several conditions that can be classified as movement disorders, the current proposal will focus on six disorders that have overlapping symptoms and could prove difficult to differentiate for non-specialists and/or clinicians that do not readily have access to genetic testing or imaging facilities: Essential tremor (ET), Parkinson's disease (PD), Huntington's disease (HD), primary focal dystonia (PFD), spinocerebellar ataxia (SCA), and functional movement disorders (FMD). While trained movement disorder specialists may correctly identify each of these disorders and provide optimal treatment, general practitioners and clinicians living in rural areas that do not have access to the most up-to-date diagnostic tools, such as neuroimaging and genetic testing, may face difficulty when treating those patients due to symptom variability and overlap in symptom presentation between different disorders; leading to sub-optimal treatment outcomes. As such, the development of simple, accurate, and inexpensive tools to help guide their clinical decisions is warranted. The ubiquity of mobile technology and wearable sensors may enable the development of such a tool. In recent years, our group and others have used mobile phones and wearable technology to assess symptoms in a multitude of disorders. This highlights the feasibility of our proposed system for the assessment and monitoring of symptom severity in individuals with movement disorders.Copyright © 2025 clinicaltrials.gov",2020,/,clinicaltrials.gov,,,,NCT04231487,,,#10323,,"Exclusion reason: Studies published as posters, protocols, reports, books, brief communications, editorial letters, commentaries, opinions, reviews, dissertations, theses, and unpublished works; Sharon Sunny (2025-09-14 03:47:54)(Select): This is a clinical trial. Couldn't find any publication; ",""
Schizophrenia relapse prediction using digital phenotyping in global population,Joshi D.; Torous J.,"Aims: Smartphone and digital phenotyping technology affords a practical method for detecting changes in transdiagnostic mechanisms associated with relapse in mental health conditions, particularly schizophrenia. As smartphones can increase access to services, this study was conducted to evaluate the effectiveness of a digital phenotyping relapse prediction system using MindLAMP app when applied to three sites: a rural site in India, and urban sites in India and Boston. Method(s): At submission, 76 participants with schizophrenia and 56 healthy controls were enrolled in the study for 1 year. All participants used mindLAMP throughout the study. mindLAMP collected both individual active and passive data. Active data consisted of surveys assessing anxiety, mood, sleep, cognition, and so forth. Passive data consisted of accelerometer, GPS, and screen state. Participants had access to CBT-focused modules targeting anxiety, depression, and psychosis. We utilize the anomaly detection algorithm to assess increased risk of relapse, using a within-participant baseline. Result(s): Compared to intervals without relapses, anomalies occurred 2.78 times more frequently in the month before and after relapse, suggesting this method's potential efficacy. Findings also revealed a negative correlation between weekly intervention module completion rates and symptom burden, suggesting benefits for those who use inapp CBT modules. Conclusion(s): These results demonstrate that relapse prediction models utilizing patient transdiagnostic data gathered by a smartphone app are feasible to deploy in different regions and may offer clinically useful data. The ability of the same smartphone app to offer symptomatic support highlights the potential of apps to both monitor mental health changes in people with schizophrenia.",2023,/,Early Intervention in Psychiatry,17,Supplement 1,199EP  - 200,641388995,https://dx.doi.org/10.1111/eip.13408,,#10740,Joshi 2023,"Exclusion reason: Studies published as posters, protocols, reports, books, brief communications, editorial letters, commentaries, opinions, reviews, dissertations, theses, and unpublished works; Linnea Stenlund-Roderick (2025-10-05 01:16:59)(Select): Sessions abstract; ",""
"Big Data, AI and Machine Learning for Precision Psychiatry: How are they changing the clinical practice?",Winter N.R.; Hahn T.,"Currently, we are witnessing an increasing interest in predictive models and personalized diagnosis and treatment choice in psychiatric research. Against this background, the emerging field of Precision Psychiatry is trying to establish precise diagnostics and personalized therapy through Big Data. Electronic Health Records (EHR), smartphone-based data collection and advances in genotyping and imaging allow for a detailed clinical and neurobiological characterization of numerous patients. In order to revolutionize the treatment of psychiatric disorders, a personalization of psychiatry through machine learning (ML) and artificial intelligence (AI) is needed. We must therefore establish an AI ecosystem to develop and strictly validate custom-tailored AI and ML solutions. Furthermore, personalized predictions and detailed patient information must be integrated in AI-based Clinical Decision Support systems. Only in this way can Big Data, ML and AI support the clinician most effectively and help personalize treatment in psychiatry.Copyright © 2020 BMJ Publishing Group. All rights reserved.",2020,/,Fortschritte der Neurologie Psychiatrie,88,12,786EP  - 793,633134330,https://dx.doi.org/10.1055/a-1234-6247,32998163,#10991,Winter 2020,"Exclusion reason: Systematic Review; Anoop Kadan (2025-09-16 23:16:20)(Select): I can't access the full article.; Manjary P. Gangan (2025-10-13 01:54:21)(Select): Downloaded the paper, but not in english, so not able to read; ",""
Smartphone-based Human Behavior Task Modeling for Explainable Mental Health Detection Model,"Lee, Hansoo; Park, Taehyeon; Lee, Uichin","Smartphone data-driven mental health detection approach is widely used. However, existing methods focus primarily on enhancing model performance through numerous superficial smartphone usage features that do not effectively capture human behaviors, rather than interpreting the model's explanatory power. This study proposes a methodology of smartphone-based human behavior task modeling to advance ""Explainable AI (X-AI)"" for detecting mental health states. Our approach utilizes in-app UI-level trajectory data to extract more fine-grained human behavior task mining and modeling. We introduced novel concepts to investigate the nature and scope of smartphone-based human behavior tasks. This study discusses how these concepts can enhance the trustworthiness and transparency of models for both users and system providers. Furthermore, we expect that our approach could reduce data collection, thereby reducing memory usage and mitigating privacy concerns by enabling on-device learning.",2024,,,,,894-896,,10.1145/3675094.3679003,,#12008,Lee 2024,"Exclusion reason: Conceptual or theoretical frameworks without data collection, feature extraction, digital marker modeling, or machine learning model development; ",""
Demo Abstract: An LLM-Powered Multimodal Mobile Sensing System for Personalized and Interactive Health Behavior Analysis,"Zhang, Liyu; Wang, Yizhen; Du, Wenjie; Liu, Kwun Ho; Ouyang, Xiaomin","Characterizing human behaviors using mobile devices is crucial for the longitudinal monitoring of chronic diseases, such as mental health conditions and Alzheimer's Disease. Current solutions often either focus on detecting basic human activities (e.g., sitting, walking) or lack comprehensive analysis and interactive guidance based on sensor data. We present MobiBox, a lightweight mobile app for long-term behavior data collection and interactive health analysis. MobiBox captures multimodal data including high-resolution 9-axis IMU data and contextual information such as APP usage and network activities, and integrates Large Language Models (LLMs) to generate personalized guidances like interventions and daily summaries. Moreover, MobiBox features a closed-loop design that allows users rate these guidances, building a high-quality dataset to enhance performance of LLMs on mobile health applications. The demo video is available at https://youtube.com/shorts/XgOXFoRaFIw?feature=share.",2025,,Proceedings of the 23rd ACM Conference on Embedded Networked Sensor Systems,,,720-721,,,,#12009,Zhang 2025,Exclusion reason: The study utilizes digital phenotypes collected from smartphones but does not aim to predict any mental health conditions; ,""
Transforming Mental Health Care with Autonomous LLM Agents at the Edge,"Ji, Sijie; Zheng, Xinzhe; Gao, Wei; Srivastava, Mani","The integration of Large Language Models (LLMs) with mobile devices is set to transform mental health care accessibility and quality. This paper introduces MindGuard, an autonomous LLM agent that utilizes mobile sensor data and engages in proactive, personalized conversations while ensuring user privacy through local processing. Unlike traditional mental health AI tools, MindGuard enables real-time, context-aware interventions by dynamically adapting to users' emotional and physiological states. The real-world implementation demonstrates its effectiveness with the ultimate goal of creating an accessible, scalable, and personalized mental healthcare ecosystem for anyone with smart mobile devices.",2025,,Proceedings of the 23rd ACM Conference on Embedded Networked Sensor Systems,,,692-693,,,,#12013,Ji 2025,"Exclusion reason: Studies published as posters, protocols, reports, books, brief communications, editorial letters, commentaries, opinions, reviews, dissertations, theses, and unpublished works; Manjary P. Gangan (2025-10-12 23:35:15)(Select): poster with evaluation and results; ",""
Wearable Computing Technology for Assessment of Cognitive Functioning of Bipolar Patients and Healthy Controls,"Hafiz, Pegah; Miskowiak, Kamilla Woznica; Maxhuni, Alban; Kessing, Lars Vedel; Bardram, Jakob Eyvind","Mobile cognitive tests have been emerged to first, bring the assessments outside the clinics and second, frequently measure individuals' cognitive performance in their free-living environment. Patients with Bipolar Disorder (BD) suffer from cognitive impairments and poor sleep quality negatively affects their cognitive performance. Wearables are capable of unobtrusively collecting multivariate data including activity and sleep features. In this study, we analyzed daily attention, working memory, and executive functions of patients with BD and healthy controls by using a smartwatch-based tool called UbiCAT to 1) investigate its concurrent validity and feasibility, 2) identify digital phenotypes of mental health using cognitive and mobile sensor data, and 3) classify patients and healthy controls on the basis of their daily cognitive and mobile data. Our findings demonstrated that UbiCAT is feasible with valid measures for in-the-wild cognitive assessments. The analysis showed that the patients responded more slowly during the attention task than the healthy controls, which could indicate a lower alertness of this group. Furthermore, sleep duration correlated positively with participants' working memory performance the next day. Statistical analysis showed that features including cognitive measures of attention and executive functions, sleep duration, time in bed, awakening frequency and duration, and step counts are the digital phenotypes of mental health diagnosis. Supervised learning models was used to classify individuals' mental health diagnosis using their daily observations. Overall, we achieved accuracy of approximately 74% using K-Nearest Neighbour (KNN) method.",2020,,Proc. ACM Interact. Mob. Wearable Ubiquitous Technol.,4,4,,,10.1145/3432219,,#12049,Hafiz 2020,Exclusion reason: Studies that explore smartphone usage that relies solely on tools such as questionnaires; ,""
Evaluating Machine Learning Algorithms for Prediction of the Adverse Valence Index Based on the Photographic Affect Meter,"Mikelsons, Gatis; Mehrotra, Abhinav; Musolesi, Mirco; Shadbolt, Nigel","In recent years, numerous studies have explored the use of machine learning algorithms for supporting applications in social and clinical psychology. In particular, there is an increasing prevalence of smartphone-based techniques for collecting data through embedded sensors and efficient in-situ questionnaires. Models are then built to explore the patterns between these data types. In this paper, we study the application of machine learning for the task of predicting mental states of adverse valence, based on the Photographic Affect Meter data. We present a technique for daily aggregation, which is designed to detect significant negative events. A variety of features is used as input, including GPS-based metrics and features assessing social interactions, sleep and phone usage. Experimental evidence is presented, which suggests that machine learning algorithms could successfully be employed for such a prediction task.",2019,,,,,5-10,,10.1145/3325426.3329948,,#12051,Mikelsons 2019,Exclusion reason: Studies that explore smartphone usage that relies solely on tools such as questionnaires; ,""
Towards early detection of depression through smartphone sensing,"Opoku Asare, Kennedy; Visuri, Aku; Ferreira, Denzil S. T.","Major depressive disorder is a complex and common mental health disorder that is heterogeneous and varies between individuals. Predictive measures have previously been used to predict depression in individuals. Given the complexity, heterogeneity of major depressive disorder in individuals, and the scarcity of labelled objective depressive behavioural data, predictive measures have shown limited applicability in detecting the early onset of depression. We present a developed system that collects similar smartphone sensor data like in previous predictive analysis studies. We discuss that anomaly detection and entropy analysis methods are best suited for developing new metrics for the early detection of the onset and progression of major depressive disorder.",2019,,,,,1158-1161,,10.1145/3341162.3347075,,#12056,OpokuAsare 2019,"Exclusion reason: Focus solely on mental health smartphone app development (e.g., mindfulness apps, virtual chat apps, etc.) without implementing or evaluating AI/ML models; ",""
A Mobile App for Patients and Those Who Care About Them: A Case Study for Veterans with PTSD + Anger,"Barish, Greg; Aralis, Hilary; Elbogen, Eric; Lester, Patricia","Most state-of-the-art treatments for mental health disorders such as post-traumatic stress (PTSD) rely substantially on in-person interactions between therapist and patient. Whereas traditional treatments can suffer high rates of attrition, the integration of mobile technology potentially enhances patient engagement. Furthermore, such technology can include others that care about the patient, to provide more regular and deeper insights for clinicians into the needs and status of those being treated. In this paper, we discuss our experiences building Connectd for PTSD and anger, a mobile app for use by both patients and a designated family member or friend, and deploying it within the context of an evidence-based CBT treatment. Built upon a flexible mobile health platform, we discuss how we built the app to adaptively target a specific population, included ""supporters"" that ranged in relationship to the patient, complemented a manualized treatment with heterogeneous online resources, and leveraged artificial intelligence techniques to further personalize the experience. We also discuss general app usage statistics and, via a sample dyad, demonstrate the value that continuous data collection can yield.",2019,,,,,1-10,,10.1145/3329189.3329248,,#12082,Barish 2019,"Exclusion reason: Focus solely on mental health smartphone app development (e.g., mindfulness apps, virtual chat apps, etc.) without implementing or evaluating AI/ML models; ",""
StressMon: Scalable Detection of Perceived Stress and Depression Using Passive Sensing of Changes in Work Routines and Group Interactions,"Zakaria, Camellia; Balan, Rajesh; Lee, Youngki","Stress and depression are a common affliction in all walks of life. When left unmanaged, stress can inhibit productivity or cause depression. Depression can occur independently of stress. There has been a sharp rise in mobile health initiatives to monitor stress and depression. However, these initiatives usually require users to install dedicated apps or multiple sensors, making such solutions hard to scale. Moreover, they emphasise sensing individual factors and overlook social interactions, which plays a significant role in influencing stress and depression while being a part of a social system. We present StressMon, a stress and depression detection system that leverages single-attribute location data, passively sensed from the WiFi infrastructure. Using the location data, it extracts a detailed set of movement, and physical group interaction pattern features without requiring explicit user actions or software installation on client devices. These features are used in two different machine learning models to detect stress and depression. To validate StressMon, we conducted three different longitudinal studies at a university with different groups of students, totalling up to 108 participants. Our evaluation demonstrated StressMon detecting severely stressed students with a 96.01% True Positive Rate (TPR), an 80.76% True Negative Rate (TNR), and a 0.97 area under the ROC curve (AUC) score (a score of 1 indicates a perfect binary classifier) using a 6-day prediction window. In addition, StressMon was able to detect depression at 91.21% TPR, 66.71% TNR, and 0.88 AUC using a 15-day window. We end by discussing how StressMon can expand CSCW research, especially in areas involving collaborative practices for mental health management.",2019,,Proc. ACM Hum.-Comput. Interact.,3,CSCW,,,10.1145/3359139,,#12086,Zakaria 2019,"Exclusion reason: Do not utilize smartphone digital phenotypes and focus solely on digital phenotypes collected from clinical lab equipment (e.g., EEG) or any other wearable sensor data(e.g., smartwatch) to understand psychopathological disorders; ",""
Automated Detection of Stressful Conversations Using Wearable Physiological and Inertial Sensors,"Bari, Rummana; Rahman, Md. Mahbubur; Saleheen, Nazir; Parsons, Megan Battles; Buder, Eugene H.; Kumar, Santosh","Stressful conversation is a frequently occurring stressor in our daily life. Stressors not only adversely affect our physical and mental health but also our relationships with family, friends, and coworkers. In this paper, we present a model to automatically detect stressful conversations using wearable physiological and inertial sensors. We conducted a lab and a field study with cohabiting couples to collect ecologically valid sensor data with temporally-precise labels of stressors. We introduce the concept of stress cycles, i.e., the physiological arousal and recovery, within a stress event. We identify several novel features from stress cycles and show that they exhibit distinguishing patterns during stressful conversations when compared to physiological response due to other stressors. We observe that hand gestures also show a distinct pattern when stress occurs due to stressful conversations. We train and test our model using field data collected from 38 participants. Our model can determine whether a detected stress event is due to a stressful conversation with an F1-score of 0.83, using features obtained from only one stress cycle, facilitating intervention delivery within 3.9 minutes since the start of a stressful conversation.",2020,,Proc. ACM Interact. Mob. Wearable Ubiquitous Technol.,4,4,,,10.1145/3432210,,#12088,Bari 2020,"Exclusion reason: Do not utilize smartphone digital phenotypes and focus solely on digital phenotypes collected from clinical lab equipment (e.g., EEG) or any other wearable sensor data(e.g., smartwatch) to understand psychopathological disorders; ",""
How's my mood and stress? an efficient speech analysis library for unobtrusive monitoring on mobile phones,"Chang, Keng-hao; Fisher, Drew; Canny, John; Hartmann, Björn","The human voice encodes a wealth of information about emotion, mood, stress, and mental state. With mobile phones (one of the mostly used modules in body area networks) this information is potentially available to a host of applications and can enable richer, more appropriate, and more satisfying human-computer interaction. In this paper we describe the AMMON (Affective and Mental health MONitor) library, a low footprint C library designed for widely available phones as an enabler of these applications. The library incorporates both core features for emotion recognition (from the Interspeech 2009 Emotion recognition challenge), and the most important features for mental health analysis (glottal timing features). To comfortably run the library on feature phones (the most widely-used class of phones today), we implemented the routines in fixed-point arithmetic, and minimized computational and memory footprint. On identical test data, emotion and stress classification accuracy was indistinguishable from a state-of-the-art reference system running on a PC, achieving 75% accuracy on two-class emotion classification tasks and 84% accuracy on binary classification of stressed and neutral situations. The library uses 30% of real-time on a 1GHz processor during emotion recognition and 70% during stress and mental health analysis.",2011,,,,,71-77,,,,#12100,Chang 2011,"Exclusion reason: Focus solely on mental health smartphone app development (e.g., mindfulness apps, virtual chat apps, etc.) without implementing or evaluating AI/ML models; ",""
Observation Time vs. Performance in Digital Phenotyping,"Quisel, Thomas; Lee, Wei-Nchih; Foschini, Luca","Mobile health (mHealth) technologies enable frequent sampling of physiological and psychological signals over time. In our recent work we used a convolutional neural network (CNN) model to predict self-reported phenotypes of chronic conditions from step and sleep data recorded from passive trackers in free living conditions. We investigated the impact of the time-granularity of the collected data and showed that training the models on higher- resolution (minute-level) data improved classification performance on conditions related to mental health and nervous system disorders, as compared to using only day-level totals. In the present work we shift the focus from the time resolution of the observation window to its duration. We study how the performance of the best-performing model on the highest-resolution data changes as the length of the data collection window is varied from 3 to 147 days for each user. We found that for mental health and nervous system disorders, a model trained on 30 days of mHealth data attains the same performance as using the full 147-day window of data, in terms of AUC increase over a baseline model that uses only demographics, height, and weight. Additionally, for the same cluster of conditions, only 7 days of data are sufficient to realize 62% of the maximum increase in AUC over baseline attainable using the full window. The results suggest that for some conditions health-related digital phenotyping in free-living conditions can potentially be performed in a relatively short amount of time, imposing minimal disruptions on user habits.",2017,,,,,33-36,,10.1145/3089341.3089347,,#12110,Quisel 2017,"Exclusion reason: Do not utilize smartphone digital phenotypes and focus solely on digital phenotypes collected from clinical lab equipment (e.g., EEG) or any other wearable sensor data(e.g., smartwatch) to understand psychopathological disorders; ",""
The ChAMP App: A Scalable mHealth Technology for Detecting Digital Phenotypes of Early Childhood Mental Health,B. C. Loftness; J. Halvorson-Phelan; A. O'Leary; C. Bradshaw; S. Prytherch; I. Berman; J. Torous; W. E. Copeland; N. Cheney; R. S. McGinnis; E. W. McGinnis,"Childhood mental health problems are common, impairing, and can become chronic if left untreated. Children are not reliable reporters of their emotional and behavioral health, and caregivers often unintentionally under- or over-report child symptoms, making assessment challenging. Objective physiological and behavioral measures of emotional and behavioral health are emerging. However, these methods typically require specialized equipment and expertise in data and sensor engineering to administer and analyze. To address this challenge, we have developed the ChAMP (Childhood Assessment and Management of digital Phenotypes) System, which includes a mobile application for collecting movement and audio data during a battery of mood induction tasks and an open-source platform for extracting digital biomarkers. As proof of principle, we present ChAMP System data from 101 children 4–8 years old, with and without diagnosed mental health disorders. Machine learning models trained on these data detect the presence of specific disorders with 70–73% balanced accuracy, with similar results to clinical thresholds on established parent-report measures (63–82% balanced accuracy). Features favored in model architectures are described using Shapley Additive Explanations (SHAP). Canonical Correlation Analysis reveals moderate to strong associations between predictors of each disorder and associated symptom severity (r = .51–.83). The open-source ChAMP System provides clinically-relevant digital biomarkers that may later complement parent-report measures of emotional and behavioral health for detecting kids with underlying mental health conditions and lowers the barrier to entry for researchers interested in exploring digital phenotyping of childhood mental health.",2024,,IEEE Journal of Biomedical and Health Informatics,28,4,2304-2313,,10.1109/JBHI.2023.3337649,,#12117,B 2024,"Exclusion reason: Do not utilize smartphone digital phenotypes and focus solely on digital phenotypes collected from clinical lab equipment (e.g., EEG) or any other wearable sensor data(e.g., smartwatch) to understand psychopathological disorders; ",""
DeepSEAS: Smartphone-based Early Ailment Sensing Using Coupled LSTM AutoEncoders,S. N. Murthy; F. Asani; S. Srikanthan; E. Agu,"Infectious diseases epidemics such as the current COVID-19 pandemic have an immense impact on all facets of life. Consequently, the current dearth of effective and timely public health surveillance methods, especially at the individual level, have been accentuated, prompting research into supplementary methods. Sensor-rich, ubiquitously owned smartphones can now gather large volumes of data that has been utilized for passive and continuous physical and mental health assessment. In this paper, we propose a Deep learning based Smartphone Early Ailment Sensing (DeepSEAS) framework that predicts a smart-phone user's future manifestation of influenza-like biological symptoms (e.g. coughing and sneezing) a day early while they are still asymptomatic. DeepSEAS works by analyzing a subject's historical one-day smartphone sensor and mobility data. First, we utilize the mean shift clustering algorithm to create clusters of users with similar social and behavioral traits such as their socialization levels, social media presence, eating and working out habits. Then, DeepSEAS employs an end-to-end trainable LSTM Autoencoder (LSTM AE) coupled with a Feed Forward Neural network classifier, a chieving a sensitivity of 7 8% i n correctly identifying users who will manifest biological symptoms a day later. DeepSEAS facilitates up-to-date influenza s urveillance at the individual level, which could transform the current healthcare system. Early detection can enable asymptomatic users to be alerted, notified and isolated, which could reduce disease transmission.",2020,,2020 IEEE International Conference on Big Data (Big Data),,,4911-4918,,10.1109/BigData50022.2020.9377885,,#12186,S 2020,Exclusion reason: The study utilizes digital phenotypes collected from smartphones but does not aim to predict any mental health conditions; Sharon Sunny (2025-09-30 17:48:07)(Select): Related to influenza ; ,""
Towards Personality Detection and Prediction using Smartphone Sensor Data,D. Xenakis; E. Samikwa; J. Ajayi; A. D. Maio; T. Braun; K. Schlegel,"The emergence and adoption of mobile smartphones and their ubiquitous use by mobile phone users provide a distinctive opportunity for the collection of multi-modal sensor data. The data collected from such smartphone devices can be used to observe, recognize and predict patterns in user behaviors such as physical activity, psycho-physiological conditions such as affective state, personality traits such as extraversion, emotionality, and honesty-humility, as well as other mental health-related or psychological variables. In this work, we design and develop a system that can be used for the unobtrusive collection and storage of anonymized smartphone sensor data for personality detection and prediction. Our proposed system is developed across the two main smartphone operating systems to cover a wide range of users and to consider the available sensors across platform-dependent devices, as well as to account for distinctions in the personality traits of users of different operating systems. We present a correlation analysis and describe how the dataset collected from the smartphone sensors, which were deployed in a large-scale psychology study with about 200 participants, can be used to detect and predict different personality states.",2023,,2023 21st Mediterranean Communication and Computer Networking Conference (MedComNet),,,121-130,,10.1109/MedComNet58619.2023.10168869,,#12265,D 2023,Exclusion reason: Studies that explore smartphone usage that relies solely on tools such as questionnaires; ,""
A Study on the Development of a Day-to-Day Mental Stress Monitoring System using Personal Physiological Data,J. Park; J. Kim; S. -P. Kim,"Pervasive healthcare and wireless health monitoring has been a central area to innovate novel personal and precise medicine for individuals. Many recent wireless health monitoring systems draw upon physiological signals acquired from wearable wristbands. However, most studies have paid attention to monitoring physical health states and relatively few efforts have been made to develop pervasive healthcare solutions for mental health. This study investigates a plausibility of the development of a wireless monitoring system for mental health in individuals by collecting and analyzing physiological signals from a wristband in naturalistic daily life environments. In particular, we aim to predict one's mental stress level using the short-term heart rate variability (HRV) that is estimated from photoplethysmography (PPG) signals. Day-to-day measurements of PPG signals over a week along with a daily log of stress level were conducted three times a day for a week in each participant, in which participants performed measurements by themselves in their own living circumstances. Measurement times were distributed across noon, evening and night. The recorded signals were wirelessly transmitted to a smartphone via the Bluetooth link. The HRV feature of the ratio of high-frequency (0.15Hz - 0.4Hz) power over low-frequency (0.04Hz - 0.15Hz) power was used to predict individual daily stress levels. Prediction with the night measurements showed the highest accuracy compared to the measurements in other times; individual prediction accuracy reached as high as $ \gt 90$% using the night measurements. Across-subject validation of the proposed system demonstrated fair correlations between true and predicted stress scores, implying a possibility to generalize the system for populations. The results of this study may prove the possibility of the development of wireless mental health monitoring system in ambient environments.",2018,,"2018 18th International Conference on Control, Automation and Systems (ICCAS)",,,900-903,,,,#12272,J 2018,"Exclusion reason: Do not utilize smartphone digital phenotypes and focus solely on digital phenotypes collected from clinical lab equipment (e.g., EEG) or any other wearable sensor data(e.g., smartwatch) to understand psychopathological disorders; ",""
Towards a system for body-area sensing and detection of alcohol craving and mood dysregulation,P. Baskett; Yi Shang; M. V. Patterson; T. Trull,"Current methods in clinical psychology primarily rely on questionnaires and interviews with examiners. This paper presents preliminary work towards a smartphone-based wireless body area sensing system that will be used to improve current methods and provide real-time interventions if necessary. This system consists of several wearable sensors for measuring physiological data, a smartphone, and a web server. The smartphone is the centerpiece, responsible for collecting sensor data, interacting with the user, performing real-time computation, and communicating with the web server. The system collects physiological data, self-reported emotional and behavioral state, and other user-context data such as GPS location or ambient audio recording.",2013,,2013 IEEE 10th Consumer Communications and Networking Conference (CCNC),,,875-876,,10.1109/CCNC.2013.6488575,,#12286,P 2013,Exclusion reason: The study utilizes digital phenotypes collected from smartphones but does not aim to predict any mental health conditions; ,""
"WorkerSense: Mobile Sensing Platform for Collecting Physiological, Mental, and Environmental State of Office Workers",Y. Tani; S. Fukuda; Y. Matsuda; S. Inoue; Y. Arakawa,"In data collection of the human physiological and psychological conditions for mental healthcare (e.g., work engagement), measurement methods using environment-installed sensors and questionnaire surveys have been often used. However, these approaches are not practical in continuous data collection, due to the large burden for people. Recently, in association with advancing sensing technology with IoTs, sensing by small sensors and wearable devices has become possible easily. In this paper, we aim to establish a simple and general sensing method based on a mobile application for measuring physiological and psychological state of office workers and environmental state. Through the experiment for 2-3 weeks involving 60 office workers of four Japanese companies by using our application, we succeeded to create a dataset of physiological, environment, and mental state. This paper explains the developed mobile application, experimental procedure, and a summary of the data collected in the experiment.",2020,,2020 IEEE International Conference on Pervasive Computing and Communications Workshops (PerCom Workshops),,,1-6,,10.1109/PerComWorkshops48775.2020.9156085,,#12339,Y 2020,"Exclusion reason: Do not utilize smartphone digital phenotypes and focus solely on digital phenotypes collected from clinical lab equipment (e.g., EEG) or any other wearable sensor data(e.g., smartwatch) to understand psychopathological disorders; ",""
A System To Detect Mental Stress Using Machine Learning And Mobile Development,C. Vuppalapati; M. S. khan; N. Raghu; P. Veluru; S. Khursheed,"Hans Selye1 coined, in 1936, the term “Stress” and definedit as “the non-specific response of the body to any demand for change.” Stress was generallyconsidered as being synonymous with distress. English language dictionaries (Oxford & Merriam-Webster) defined it as “physical, mental, or emotional strain or tension when a person perceives that demands exceed the personal and social resources the individual is able to mobilize.” Stress affects over 100 million Americans and is a driver of many chronic diseases. According to American Psychological Association (APA) 2012 study, “Stress is costing organizations a Fortune” and some cases as much as $300 billion a year. The challenges, importantly, for the individuals and the organizations are lack of proactive detection of the stress and inept preventive actions to manage mental health to circumvent adverse effects of the stress. This research paper addresses the challenge by developing and deploying machine learning enabled data driven & Electroencephalogram biosensor integrated mobile application that proactively gleans User’s stressful episodes, infuses collaborative intelligence derived from de-identified yet User relevant demographical, physiological, lifestyle and behavioral datasets and preventive healthcare insights to counter otherwise the long term negative effects of the stresson Users health. The paper presents prototyping solution as well as its application and certain experimental results.1Hans Selye was a pioneering Hungarian-Canadian endocrinologist. He conducted much important scientific work on the hypothetical nonspecific response of an organism to stressors - https://www.stress.org/what-is-stress/",2018,,2018 International Conference on Machine Learning and Cybernetics (ICMLC),1,,161-166,,10.1109/ICMLC.2018.8527004,,#12375,C 2018,"Exclusion reason: Do not utilize smartphone digital phenotypes and focus solely on digital phenotypes collected from clinical lab equipment (e.g., EEG) or any other wearable sensor data(e.g., smartwatch) to understand psychopathological disorders; ",""
Predicting Personality Traits Using Smartphone Sensor Data and App Usage Data,N. K. Kambham; K. G. Stanley; S. Bell,"Human behavior is complex - often defying explanation using traditional mathematical models. Intermediate forms, such as those gleaned from personality inventories can be employed to predict stylized aspects of behavior. Novel sensing systems have made tracking behavior possible with unprecedented fidelity, leading to the hypothesis that intermediate psychological models might be derived directly from records of behavior. Being able to extract a personal profile or personality type from data directly obtainable from a mobile phone without participant interaction could have applications for marketing, or for initiating social or health interventions. In this paper, we model a well-established personality inventory, the Big Five framework. Daily routines of participants were measured from parameters readily available from smartphones and supervised machine learning was used to create a model from that data.",2018,,"2018 IEEE 9th Annual Information Technology, Electronics and Mobile Communication Conference (IEMCON)",,,125-132,,10.1109/IEMCON.2018.8614854,,#12399,N 2018,Exclusion reason: The study utilizes digital phenotypes collected from smartphones but does not aim to predict any mental health conditions; ,""
Influence Analysis of the Screen Time on Daily Exercise Based on the Personal Activity Factor Model,Y. Sekine; S. Kasuya; K. Tago,"The lockdown caused by the COVID-19 epidemic has led to using smartphones and decreasing physical activity in the world. It is known that increased screen time and decreased physical activity have bad effects on physical and mental health. However, few studies investigate the influence of screen time on the amount of exercise. By analyzing the influence, exercise promotion services can be improved. Therefore, in this study, we challenge to clarify the relationship between exercise and the screen time. Using a machine learning method, we verify the influence importance of screen time on the amount of exercise. We collect the data on smartphone screen time, tablet screen time, steps, and sleep score from a male college student. In addition, we gather weather of the location, and weekdays/weekends data during our experiment period. To analyze the influence, Gradient Boosting Decision Tree (GBDT) is used. GBDT is a kind of decision tree-based method, and it can show the importance of explainable variables. As a result, the variables that were more important for exercise were, in order of importance, total screen time (total screen times of his smartphone and tablet), screen time of smartphone, and sleep score. The result showed that using electronic devices such as smartphones and tablets influence on the exercise. Moreover, the sleep score also had an influence.",2022,,2022 IEEE 10th Region 10 Humanitarian Technology Conference (R10-HTC),,,275-280,,10.1109/R10-HTC54060.2022.9929542,,#12436,Y 2022,Exclusion reason: The study utilizes digital phenotypes collected from smartphones but does not aim to predict any mental health conditions; ,""
Assessing the Impact of Commuting on Workplace Performance Using Mobile Sensing,S. Nepal; G. J. Martinez; S. Mirjafari; S. Mattingly; V. D. Swain; A. Striegel; P. G. Audia; A. T. Campbell,"Commuting to and from work presents daily stressors for most workers. It is typically demanding in terms of time and cost, and can impact people’s mental health, job performance, and, broadly speaking, personal life. We use mobile phones and wearable sensing to capture location-related context, physiology, and behavioral patterns of N=275 information workers while they commute, mainly by driving, between home and work locations spread across the United States for a one-year period. We assess the impact of commuting on participant’s workplace performance, showing that we can predict self-reported workplace performance metrics based on passively collected mobile-sensing features captured during commute periods.",2021,,IEEE Pervasive Computing,20,4,52-60,,10.1109/MPRV.2021.3112399,,#12454,S 2021,Exclusion reason: The study utilizes digital phenotypes collected from smartphones but does not aim to predict any mental health conditions; ,""
DrinkSense: Characterizing Youth Drinking Behavior Using Smartphones,D. Santani; T. -M. -T. Do; F. Labhart; S. Landolt; E. Kuntsche; D. Gatica-Perez,"Alcohol consumption is the number one risk factor for morbidity and mortality among young people. In late adolescence and early adulthood, excessive drinking and intoxication are more common than in any other life period, increasing the risk of adverse physical and psychological health consequences. In this paper, we examine the feasibility of using smartphone sensor data and machine learning to automatically characterize and classify drinking behavior of young adults in an urban, ecologically valid nightlife setting. Our work has two contributions. First, we use previously unexplored data from a large-scale mobile crowdsensing study involving 241 young participants in two urban areas in a European country, which includes phone data (location. accelerometer, Wifi, Bluetooth, battery, screen, and app usage) along with self-reported, fine-grain data on individual alcoholic drinks consumed on Friday and Saturday nights over a three-month period. Second,we build a machine learning methodology to infer whether an individual consumed alcohol on a given weekend night, based on her/his smartphone data contributed between 8 PM and 4 AM. We found that accelerometer data is the most informative single cue, and that a combination of features results in an overall accuracy of 76.6 percent.",2018,,IEEE Transactions on Mobile Computing,17,10,2279-2292,,10.1109/TMC.2018.2797901,,#12460,D 2018,Exclusion reason: The study utilizes digital phenotypes collected from smartphones but does not aim to predict any mental health conditions; ,""
MIMiS: Minimally Intrusive Mining of Smartphone User Behaviors,P. Devineni; E. E. Papalexakis; K. Michalska; M. Faloutsos,"The proliferation of smartphones has lead researchers towards using them as an observational tool in psychological science. However, there is little effort towards protecting user privacy in these analyses. The overarching question of our work is: Given a set of sensitive user features, what is the minimum amount of information required to group similar users? Our contributions are two fold: we introduce privacy surfaces that combine sensitive user data at different levels of temporal granularity. Second, we introduce MIMiS, an unsupervised privacy-aware framework that clusters users as homogeneous groups with respect to their temporal signature. In addition, we explore the trade-off between intrusiveness and prediction accuracy. We extensively evaluate MIMiS on real data across a variety of privacy surfaces. MIMiS identified groups that are highly homogeneous w.r.t. user mental health scores and their academic performance.",2018,,2018 IEEE/ACM International Conference on Advances in Social Networks Analysis and Mining (ASONAM),,,568-569,,10.1109/ASONAM.2018.8508435,,#12475,P 2018,Exclusion reason: The study utilizes digital phenotypes collected from smartphones but does not aim to predict any mental health conditions; ,""
Automated mental stress recognition through mobile thermal imaging,Y. Cho,"Mental stress is a critical problem in our modern society. This form of stress strongly affects our well being, and technology is needed to help us to manage health problems. The ability to automatically recognize a person's mental stress can be fundamental in supporting stress and health management. This research focuses on the use of mobile thermal imaging, a new and less explored sensor, to merge the measurement of multiple physiological signatures into one sensor and to build a reliable mental stress automatic recognition model. Mobile thermal imaging has greater potentials for real-world applications given that it is small and light weight, and requires low computation cost. To make mobile thermal imaging a robust multimodal stress sensor, we have so far contributed: i) a new robust respiration tracking method; and ii) a novel respiration-based automatic stress recognition model that works in ubiquitous settings. We are currently investigating new thermal signatures from underexplored body regions (i.e. trapezius muscle) and formulating a research framework to fuse multiple thermal signatures for more reliable stress recognition outcomes.",2017,,2017 Seventh International Conference on Affective Computing and Intelligent Interaction (ACII),,,596-600,,10.1109/ACII.2017.8273662,,#12503,Y 2017,"Exclusion reason: Do not utilize smartphone digital phenotypes and focus solely on digital phenotypes collected from clinical lab equipment (e.g., EEG) or any other wearable sensor data(e.g., smartwatch) to understand psychopathological disorders; ",""
Smartphone-centred wearable sensors network for monitoring patients with bipolar disorder,A. Puiatti; S. Mudda; S. Giordano; O. Mayora,"Bipolar Disorder is a severe form of mental illness. It is characterized by alternated episodes of mania and depression, and it is treated typically with a combination of pharmacotherapy and psychotherapy. Recognizing early warning signs of upcoming phases of mania or depression would be of great help for a personalized medical treatment. Unfortunately, this is a difficult task to be performed for both patient and doctors. In this paper we present the MONARCA wearable system, which is meant for recognizing early warning signs and predict maniac or depressive episodes. The system is a smartphone-centred and minimally invasive wearable sensors network that is being developing in the framework of the MONARCA European project.",2011,,2011 Annual International Conference of the IEEE Engineering in Medicine and Biology Society,,,3644-3647,,10.1109/IEMBS.2011.6090613,,#12506,A 2011,"Exclusion reason: Conceptual or theoretical frameworks without data collection, feature extraction, digital marker modeling, or machine learning model development; ",""
Deriving College Students’ Phone Call Patterns to Improve Student Life,S. Vhaduri; S. V. Dibbo; Y. Kim,"When high school students leave their homes for a college education, the students often face enormous changes and challenges in life, such as meeting new people, more responsibilities in life, and being away from family and their comfort zones. These sudden changes often lead to an elevation of stress and anxiety, affecting a student's mental health and well-being and academic progress. With the outbreak of a pandemic, such as COVID-19, this transition moment can worsen with frequent, long-lasting lockdown and associated academic disruption. To help this young population, researchers are increasingly relying on smartphones and wearables, such as smartwatches, to continuously monitor students' daily lives to identify various factors that can affect students' phone call patterns associated with their health and well-being and academic success. In this work, we use different visualizations and statistical techniques to find various geographical places and temporal factors that affect students' phone call patterns (in terms of phone call duration and frequency) to foster the design and delivery of future smartphone-based health interventions using predictive models; thereby, potentially helping students adjust to college life with or without the presence of an emergency, such as pandemic that adversely impacts academic calendar and student life. From our detailed analysis of an 18-month dataset collected from a cohort of 464 freshmen, we obtain insights on communication pattern variations during different temporal contexts, e.g., epochs of a day, days of a week, the parts of a semester, social events, and in various geographical contexts (i.e., places of interest). Finally, we also obtain a negative correlation of -0.29 between physical activity and phone call duration, which can help provide guided feedback to improve future health behaviors.",2021,,IEEE Access,9,,96453-96465,,10.1109/ACCESS.2021.3093493,,#12540,S 2021,Exclusion reason: The study utilizes digital phenotypes collected from smartphones but does not aim to predict any mental health conditions; ,""
A Survey of Machine Learning Approaches for Detecting Depression Using Smartphone Data,Z. Solatidehkordi; J. Ramesh; M. Pasquier; A. Sagahyroon; F. Aloul,"Depression is one of the most common mental health issues worldwide and has only become more widespread after the emergence of the Covid-19 pandemic. Although depression can be treated through various methods, it often goes undiagnosed and therefore untreated, forcing individuals to go through life with a condition that is nothing short of debilitating. With mobile phones being an integral part of people’s lives, they can provide valuable information about a person’s habits and behaviors, which can then be used to detect depressive tendencies. This paper provides a review of several studies conducted in recent years on the possibility of using machine learning and smartphone data to detect depression.",2022,,"2022 IEEE International Conference on Industry 4.0, Artificial Intelligence, and Communications Technology (IAICT)",,,184-190,,10.1109/IAICT55358.2022.9887526,,#12568,Z 2022,Exclusion reason: Systematic Review; ,""
BioEssence: A Wearable Olfactory Display that Monitors Cardio-respiratory Information to Support Mental Wellbeing,J. Amores; J. Hernandez; A. Dementyev; X. Wang; P. Maes,"This work introduces a novel wearable olfactory display that provides just-in-time release of scents based on the physiological state of the wearer. The device can release up to three scents and passively captures subtle chest vibrations associated with the beating of the heart and respiration through clothes. BioEssence is controlled via a custom-made smartphone app that allows the creation of physiological rules to trigger different scents (e.g., when the heart rate is above 80 beats per minute, release lavender scent). The device is wireless and lightweight, and it is designed to be used during daily life, clipped on clothes around the sternum area or used as a necklace. We provide a description of the design and implementation of the prototype and potential use cases in the context of mental wellbeing.",2018,,2018 40th Annual International Conference of the IEEE Engineering in Medicine and Biology Society (EMBC),,,5131-5134,,10.1109/EMBC.2018.8513221,,#12573,J 2018,"Exclusion reason: Do not utilize smartphone digital phenotypes and focus solely on digital phenotypes collected from clinical lab equipment (e.g., EEG) or any other wearable sensor data(e.g., smartwatch) to understand psychopathological disorders; ",""
Multimodal passive smartphone sensing in older adults: a guide for clinical scientists based upon an ongoing cohort study,"Shen, Yufei; Huang, Minchao; Park, Ji Hwan; Benge, Jared F; Rousseau, Justin F; Lester-Smith, Rosemary A; Thomaz, Edison",,2026,,Innovation in Aging,10,4,,,10.1093/geroni/igag007,,#12599,Shen 2026,"Exclusion reason: The study utilizes digital phenotypes collected from smartphones but does not aim to predict any mental health conditions; Anoop Kadan (2026-08-07 15:31:37)(Screen): Abstract
Background and Objectives

Technology for Smartphone Assessment of Neurocognitive Symptoms (TechSANS) is a digital phenotyping project exploring passive smartphone sensing as a complement to infrequent clinical assessments for long-term cognitive characterization. This manuscript presents a guide for passive sensing applications, including a primer on data modalities and derived measures, initial findings on feasibility and analytic considerations, and preliminary relationships with cognitive performance from an ongoing study of older adults.
Research Design and Methods

An analytic pipeline cleaned the raw data and extracted 145 digital phenotyping features from 6 months of multimodal passive smartphone sensing data for 21 participants (aged 75.81 ± 4.86 years, 13 cisgender women; 17 cognitively normal, 4 with mild cognitive impairment/dementia), characterizing daily behaviors and smartphone interactions. Generalized linear mixed models assessed associations between these measures and baseline cognitive performance.
Results

Digital measures were extracted for 141 days per participant on average (74.4% of the data inclusion period), suggesting good study adherence. Statistical analyses identified relationships between cognitive performance, smartphone typing, and gait. Specifically, poorer working, episodic, and semantic memory were associated with slower typing, more frequent typing errors, slower walking, higher walking asymmetry, and lower walking cadence.
Discussion and Implications

This manuscript introduced clinical scientists to the technical foundations of passive smartphone sensing. The exploratory cross-sectional analysis suggested the feasibility of this approach in older adults for scalable, long-term cognitive characterization. We also provided practical considerations to improve future research and highlighted the need for larger, more diverse cohorts to discover and validate generalizable digital biomarkers.; ",study_updation_25_26
WITHDRAWN: Leveraging Simulated Sensor Data and Foundation Models for Human Motion Understanding,"Sahu, Nilesh Kumar; Gupta, Snehil; Lone, Haroon R","Anxiety disorders are common among young adults, yet early detection and real-time intervention remain limited in practice. This research leverages mobile and wearable sensing to develop scalable anxiety detection and adaptive intervention systems. It identifies key markers of anxiety using physiological and audiovisual data and models user context using mobile sensor data. An adaptive intervention module tailors interventions to maximize user acceptability. This work contributes toward building intelligent, real-world, Just-In-Time Adaptive Intervention (JITAI) systems that support context-aware, personalized mental health care for social anxiety in everyday settings.",2026,,Companion of the 2025 ACM International Joint Conference on Pervasive and Ubiquitous Computing,,,1705-1709,,10.1145/3714394.3750553,,#12610,Sahu 2026,"Exclusion reason: Do not utilize smartphone digital phenotypes and focus solely on digital phenotypes collected from clinical lab equipment (e.g., EEG) or any other wearable sensor data(e.g., smartwatch) to understand psychopathological disorders; ",study_updation_25_26
MakOne: Behavioural Data of University Students' Smart Devices in Uganda,"Kizito, Michael; Kayongo, Ivan; Nyende, Hawa; Chongomweru, Halimu; Muyama, Lillian; Asiku, Roy Alia; Mugisha, Alice","Understanding student behaviour in higher education is essential for improving academic performance, supporting mental well-being, and informing institutional policies. However, most existing behavioural datasets originate from Western institutions and overlook the unique socioeconomic and infrastructural contexts of African institutions, limiting the global applicability of resulting insights. This paper introduces MakOne, a novel multimodal dataset collected over six weeks from 72 students at Makerere University, Kampala, using iLog, a mobile sensing application. The dataset integrates passive smartphone sensor data—including location, physical activity, and screen usage—with ecological momentary assessments (EMAs) that capture students' moods and daily routines. Designed to reflect the lived experiences of students in an African setting, MakOne offers a foundation for research in behaviour modeling, inclusive context-aware system design, mental health analytics, and culturally grounded educational technologies. It contributes a critical African perspective to the growing body of data-driven studies on student behaviour.",2026,,Companion of the 2025 ACM International Joint Conference on Pervasive and Ubiquitous Computing,,,815-819,,10.1145/3714394.3756183,,#12613,Kizito 2026,Exclusion reason: The study utilizes digital phenotypes collected from smartphones but does not aim to predict any mental health conditions; ,study_updation_25_26
Using mobile sensing and wearable technologies to assess the impact of ambient temperature on mental health among low-income black women in Chicago: a study protocol,McGuinn L.A.; Ngirwe P.; Walton S.; Wei K.; Tung I.; Tare I.; Mbayiwa K.; Keenan K.E.; Burrows K.,"Introduction: Growing evidence suggests that higher ambient temperatures may increase the risk of mental health disorders and exacerbate existing conditions. Despite this, most studies evaluating the association between temperature and mental health rely on hospitalisation records or insurance claims data, which only capture the most severe outcomes. To effectively intervene to prevent mental health crises associated with ambient temperature, it is necessary to identify and develop novel ways to reach patients before they require care. Digital health tools offer a promising way to address these gaps, particularly in communities most affected by climate inequities. Methods and analysis: This study aims to recruit 70 low-income black women from Chicago who are already enrolled in the Nutrition and Pregnancy Study for a 4-week longitudinal observational study. The primary objective is to examine how ambient temperature affects positive and negative affect (primary outcome), as well as sleep and physiologic markers. Over a 4-week summer period, participants will wear a smartwatch and complete ecological momentary assessment surveys three times daily. We will monitor indoor temperature and humidity using home-based sensors and link these data with wearable and self-reported mental health measures. Daily outdoor ambient temperature will also be linked. Statistical analyses will use mixed-effects longitudinal models with distributed lags to assess delayed and cumulative temperature effects. Ethics and dissemination: This study has been reviewed and approved by the Institutional Review Board at the University of Chicago (IRB24-026). At the completion of the study, participants will have the option to receive a summary of their own data, with a plain-language summary of the study findings. Findings will be disseminated through peer-reviewed publications and presentations at national and international conferences. Dissemination efforts will also include engagement with local community stakeholders and public health partners to inform future climate and health efforts.Copyright © Author(s) (or their employer(s)) 2026. Re-use permitted under CC BY-NC. No commercial re-use. See rights and permissions. Published by BMJ Group. This is an open access article distributed in accordance with the Creative Commons Attribution Non Commercial (CC BY-NC 4.0) license, which permits others to distribute, remix, adapt, build upon this work non-commercially, and license their derivative works on different terms, provided the original work is properly cited, appropriate credit is given, any changes made indicated, and the use is non-commercial. See: https://creativecommons.org/licenses/by-nc/4.0/.",2026,/,BMJ Open,16,7,,2047257856,https://dx.doi.org/10.1136/bmjopen-2025-109062,42386298,#12685,McGuinn 2026,"Exclusion reason: Studies published as posters, protocols, reports, books, brief communications, editorial letters, commentaries, opinions, reviews, dissertations, theses, and unpublished works; ",study_updation_25_26
Artificial Intelligence-informed mobile behavioural interventions to support adolescents' mental health in schools: protocol for a randomised controlled trial using the MindCraft app,Freccero A.; Elkes J.; Kadirvelu B.; Versi A.; Faisal A.A.; Dewa L.H.; Di Simplicio M.; Nicholls D.,"Background: Children and young people (CYP) are particularly affected by mental health problems. Mobile apps provide a scalable and accessible approach to adolescent mental health support, and schools are well-positioned to address multiple risk factors and deliver large-scale interventions. By combining active (self-reported) and passive (sensor-derived) data, mobile apps can model mental states and deliver context-aware support. Artificial Intelligence (AI) enables adaptive, context-aware recommendations tailored to each user. However, there is limited research on AI-based mental health interventions in community CYP. MindCraft is a mobile app designed to monitor adolescents' mental health using active and passive data and provide AI-informed recommendations (""nudges""). This study aims to investigate the effectiveness of personalised AI nudges delivered through MindCraft on improving mental health outcomes among adolescents in schools in the United Kingdom. Method(s): The study is a three-arm RCT using a prospective cohort of secondary school students aged 14-19. Following informed consent, participants complete a baseline online assessment at school and download MindCraft. The primary outcome is the Strengths and Difficulties Questionnaire global and subscale scores. Secondary outcomes include the Eating Disorders Diagnostic Scale, the Sleep Condition Indicator Questionnaire, the Self-Injurious Thoughts and Behaviours Interview, the Self-Efficacy Questionnaire for Children and the World Health Organisation-Five Well-Being Index. Participants are randomised to: (1) an AI-informed intervention group receiving personalised nudges, (2) an active control receiving non-personalised nudges, or (3) a control group with self-monitoring only. Participants use the app for four weeks, with follow-up at one month. Repeated-measures analyses will assess changes across time points. Discussion(s): We hypothesise that AI nudges will have a greater positive effect on mental health outcomes at one month than general nudges and self-monitoring. Our findings will provide key evidence on the effectiveness of personalised mobile AI recommendations for adolescents' mental health and inform school-based mental health prevention and early intervention. This study will contribute evidence on the ethical, acceptable, and scalable integration of AI-enabled digital mental health tools within public health and educational systems, with implications for the design of future digital public health interventions and policies supporting their safe integration in schools.Copyright © 2026, Posted by openRxiv",2026,/,medRxiv,,"(Freccero, Di Simplicio, Nicholls) Division of Psychiatry, Department of Brain Sciences, Imperial College London, London, United Kingdom(Elkes) Imperial Clinical Trials Unit, School of Public Health, Imperial College London, London, United Kingdom(Kadirve",,2047402131,https://dx.doi.org/10.64898/2026.06.17.26355851,,#12765,Freccero 2026,"Exclusion reason: Studies published as posters, protocols, reports, books, brief communications, editorial letters, commentaries, opinions, reviews, dissertations, theses, and unpublished works; ",study_updation_25_26
Paper: The Feasibility of Collecting and Linking Multimodal Data for Digital Mental Health Research: A Pilot Observational Study Involving Digital Phenotyping and Genetics Data (17898) 1.19 Translational Research,Beames J.; Dabash O.; Spoelma M.; Shvetcov A.; Zheng W.Y.; Slade A.; Han J.; Hoon L.; Kupper J.; Parker R.,"Background: Linking digital phenotyping data to other datasets, particularly those that involve highly sensitive clinical and genetic data, is uncommon due to technical, ethical, and procedural difficulties. Understanding the feasibility of collecting and linking this data is the first step to create novel multimodal datasets. Objective(s): The Mobigene Pilot Study examines the feasibility of collecting and linking new smartphone-collected digital phenotyping and clinical data to existing genetic data from the Australian Genetics of Depression Study cohort. Method(s): Participants aged 18-30 with AGDS genetic data were invited to a 2-week study. They completed a baseline survey and used the Mind GRID app for digital phenotyping. Active data from cognitive, voice, and typing tasks were collected on days 1 and 11; daily mood diaries were collected on days 2-10. A post-survey followed. Result(s): Of 189 eligible participants, 164 completed the baseline survey (86.8%), and 126 provided linkable data (66.7%). After removing duplicates, 99 unique participants remained (52.4%), with 69 completing the post-survey (36.5%). Dropout occurred before the baseline survey (13.2%) and during app data collection (15.9%). Participants completed an average of 5.27 (SD = 2.76) daily diaries. Nearly all (98.6%) were willing to participate in similar future studies. Feasibility indicators were not related to current mental health symptoms (ps > 0.06). Conclusion(s): Collecting and linking multimodal datasets involving digital phenotyping, clinical, and genetic data is feasible. The next phase will explore links between digital phenotyping markers and clinical/genetic correlates to better detect and predict mental health issues, allowing for timely and personalized early interventions.",2025,/,Early Intervention in Psychiatry,19,Supplement 1,,650200006,https://dx.doi.org/10.1111/eip.70046,,#12863,Beames 2025,"Exclusion reason: Studies published as posters, protocols, reports, books, brief communications, editorial letters, commentaries, opinions, reviews, dissertations, theses, and unpublished works; ",study_updation_25_26
Machine learning on a smartphone-based CPT for ADHD prediction,Casals N.; Larsson S.; Hansen M.,"Objectives: Continuous Performance Tests (CPTs) are widely utilized as objective measures in the assessment of Attention-Deficit/Hyperactivity Disorder (ADHD). The integration of sensor data in smartphones has become increasingly common as a way of monitoring several behavioural indicators of mental health. Machine learning has started being utilized in the field of ADHD to improve diagnosis. This investigation explores (i) the feasibility of using smartphone devices to administer a CPT for ADHD assessment and (ii) whether data from built-in sensors in smartphone devices is useful for predicting a diagnosis. Methodology: The study uses data from a control group of neurotypical individuals and an ADHD cohort of unmedicated patients. The dataset is divided into a training and test set, and a machine learning model is developed using the training set. The model is trained by dividing features into four groups, Demographic, CPT, Face, and Motion, which are then sequentially added and evaluated on their ability to predict ADHD. Result(s): A total of 952 neurotypical individuals and 292 unmedicated ADHD patients were part of the study. The best performing model combines all feature groups by a sensitivity of 0.808, specificity of blue and area under the precision-recall curve (PR-AUC) of 0.799, with a considerable performance increase due to the phone sensor features addition. Results did not differ significantly by age group (6-11 and 12-60 years old) and sex. Conclusion(s): The study provides a robust machine-learning model that is based on a large control group together with an ADHD cohort. The experiments demonstrated that ADHD can be assessed with high accuracy using CPTs on smartphones. Integrating face-tracking and motion sensor data with CPT features further enhanced performance, indicating that data from a smartphone device can surpass the accuracy of traditional computer-based ADHD assessments.Copyright © 2025 Casals, Larsson and Hansen.",2025,/,Frontiers in Psychiatry,16,"(Casals, Larsson, Hansen) Medical Department, Qbtech AB, Stockholm, Sweden",1564351,2041343164,https://dx.doi.org/10.3389/fpsyt.2025.1564351,,#12919,Casals 2025,"Exclusion reason: Do not utilize smartphone digital phenotypes and focus solely on digital phenotypes collected from clinical lab equipment (e.g., EEG) or any other wearable sensor data(e.g., smartwatch) to understand psychopathological disorders; ",study_updation_25_26
Smartwatch-Derived Digital Phenotypes Relate to Psychopathology Dimensions in Patients With Psychotic Spectrum Disorders: Longitudinal Observational Study,Garyfalli V.; Kalisperakis E.; Smyrnis A.; Lazaridi M.; Karantinos T.; Mantas A.; Filntisis P.P.; Efthymiou N.; Zlatintsi A.; Maragos P.; Smyrnis N.,"Background: Digital phenotyping refers to the objective measurement of human behavior via devices such as smartphones or watches and constitutes a promising advancement in personalized medicine. Digital phenotypes derived from heart rate, mobility, or sleep schedule data have been used in psychiatry to either diagnose individuals with psychotic disorders or to predict relapse as a binary outcome. Machine learning models so far have achieved predictive accuracies that are significant but not large enough for clinical applications. This could hinge on broad clinical definitions, which encompass heterogeneous symptom and sign ensembles, thus hindering accurate classification. The 5-factor model for the Positive and Negative Syndrome Scale (PANSS), which entails 5 independently varying dimensions, is thought to better capture symptom variability. Using the specific definitions of this refined clinical taxonomy in combination with digital phenotypes could yield more precise results. Objective(s): This study aims to investigate potential links between digital phenotypes and each dimension of the 5-factor PANSS model. We also assess whether clinical, demographic, and medication variables confound said reactions. Method(s): In the e-Prevention study, heart rate, accelerometer, gyroscope, and sleep schedule data were continuously collected via smartwatch for a maximum of 26 months in 38 patients with psychotic spectrum disorders. Obtaining the mean and SD for each patient-month resulted in a database consisting of more than 740 monthly data points. A linear mixed model analysis was used to ascertain connections between monthly aggregated heart rate and mobility features and the 5 symptom dimension scores of PANSS, obtained during monthly clinical interviews. Result(s): An increase in positive symptoms was associated with a decrease in heart interpulse variation during sleep (t570.7=-3.3, P<.001, f2=0.021), while an increase in negative symptoms was associated with a decrease in accelerometer (mean: t22.1=-3.1, P=.005, f2=0.042; SD: t20=-2.4, P=.03, f2=0.019), gyroscope (mean: t22.9=-2.8, P=.01, f2=0.016), and locomotive motor activity (t17.2=-2.4, P=.03, f2=0.016) during wakefulness. An increase in accelerometer (mean: t564.4=2.8, P=.005, f2=0.017; SD: t551.6=2.5, P=.01, f2=0.015) and gyroscope (mean: t564.5=3.2, P=.001, f2=0.022; SD: t569.2=2.8, P=.005, f2=0.017) motor activity during sleep was related to an increase in depression/anxiety symptoms as well as excitement/hostility symptoms (accelerometer SD: t469.7=3.2, P=.002, f2=0.031; gyroscope mean: t497=2.3, P=.03, f2=0.013; SD: t507.7=3.2, P=.001, f2=0.029). Excitement/hostility symptoms were further associated with an increase in normalized heart rate during sleep (t368.2=3.2, P=.001, f2=0.044) and reduced sleep:wake ratio (t562=-2.7, P=.007, f2=0.013). An increase in cognitive/disorganization symptoms was related to a decrease in the SD of normalized heart rate during wakefulness (t574.5=-3.5, P<.001, f2=0.013). Conclusion(s): This study provides evidence that biological changes assessed by continuous measurement of digital phenotypes could be characteristic of specific symptom clusters rather than entire diagnostic categories of psychotic disorders. These results support the use of digital phenotypes not only as a means for remote patient monitoring but also as concrete targets for biomarker research in psychotic disorders.Copyright © Vasiliki Garyfalli, Emmanouil Kalisperakis, Alexandros Smyrnis, Marina Lazaridi, Thomas Karantinos, Asimakis Mantas, Panagiotis P Filntisis, Niki Efthymiou, Athanasia Zlatintsi, Petros Maragos, Nikolaos Smyrnis.",2025,/,JMIR Mental Health,12,"(Garyfalli, Kalisperakis, Smyrnis, Lazaridi, Karantinos, Mantas, Smyrnis) Laboratory of Cognitive Neuroscience and Sensorimotor Control, University Mental Health Research Institute, Athens, Greece(Garyfalli, Kalisperakis) 1st Department of Psychiatry, Egi",e75774,2042248768,https://dx.doi.org/10.2196/75774,,#13008,Garyfalli 2025,"Exclusion reason: Do not utilize smartphone digital phenotypes and focus solely on digital phenotypes collected from clinical lab equipment (e.g., EEG) or any other wearable sensor data(e.g., smartwatch) to understand psychopathological disorders; ",study_updation_25_26
Development of prediction models for screening depression and anxiety using smartphone and wearable-based digital phenotyping: protocol for the Smartphone and Wearable Assessment for Real-Time Screening of Depression and Anxiety (SWARTS-DA) observational ,Shin Y.-B.; Kim A.Y.; Shin M.-S.; Choi J.; Lee K.L.; Lee J.; Byun S.; Kim S.; Lee H.-J.; Cho C.-H.,"Introduction Depression and anxiety are highly prevalent mental health conditions that significantly affect quality of life and cause societal burdens. However, their detection and diagnosis rates remain low owing to the limitations of the current screening methods. With rapid technological advancements and the proliferation of consumer-grade wearable devices and smartphones, their integration into digital phenotyping research has enabled the unobtrusive screening for depression and anxiety in natural settings. The Smartphone and Wearable Assessment for Real-Time Screening of Depression and Anxiety study aims to develop prediction algorithms to identify individuals at risk for depressive and anxiety disorders, as well as those with mild-to-severe levels of either condition or both. By collecting comprehensive data using smartphones and smartwatches, this study aims to facilitate the translation of artificial intelligence-based early detection research into clinical impact, thereby potentially enhancing patient care through more accurate and timely interventions. Methods and analysis This cross-sectional observational study will enrol up to 2500 participants (at least 1000) aged 19-59 years from South Korea via social media outreach and clinical referrals. The eligible participants must use a compatible smartphone. Each participant will be followed up for 4 weeks. Data will be collected using a custom-developed smartphone application called PixelMood. Active data collection will include daily, weekly and monthly self-report questionnaires incorporating validated scales, such as the Patient Health Questionnaire-9 and Generalized Anxiety Disorder-7. Passive data from smartphones include information on physical activity, location, ambient light and smartphone usage patterns. Optionally, participants using the Apple Watch or Galaxy Watch devices can provide additional data on physiological responses and sleep health. The primary outcome will be the development of machine-learning algorithms to predict depression and anxiety based on these digital biomarkers. We will employ various machine-learning techniques, including random forest, support vector machine and deep-learning models. The secondary outcomes will include the association between digital biomarkers and clinical measures, and the feasibility and acceptability of data collection methods. Various features characterising mobile usage behaviours, physical/social activity, sleep patterns, resting physiological states and circadian rhythms will be exploited to serve as potential digital phenotyping markers. Advanced machine-learning and deep-learning techniques will be applied to multimodal data for model generation. Ethics and dissemination This study protocol was reviewed and approved by the Institutional Review Board of the Korea University Anam Hospital (approval number: 2023AN0506). The results of this study will be disseminated via multiple channels. The findings will be presented at local, national and international conferences in relevant fields, such as psychiatry, psychology and digital health. Manuscripts detailing the study results will be submitted to peer-reviewed journals for publication.Copyright © Author(s) (or their employer(s)) 2025.",2025,/,BMJ Open,15,6,e096773,2039269719,https://dx.doi.org/10.1136/bmjopen-2024-096773,40541438,#13009,Shin 2025,"Exclusion reason: Studies published as posters, protocols, reports, books, brief communications, editorial letters, commentaries, opinions, reviews, dissertations, theses, and unpublished works; ",study_updation_25_26
Predicting Mood Disorders Through Wearable and Smartphone-Based Circadian Rhythm Analysis: Innovations in Digital Psychiatry,Lee H.-J.; Yeom J.W.,"Circadian rhythm disruptions are well-recognized as key features of major depressive disorder (MDD), bipolar disorder (BD), and related mood episodes. Recent advancements in wearable devices and smartphones have provided unprecedented opportunities for continuous, non-invasive monitoring of sleep-wake patterns and circadian rhythms. This lecture presents findings from our studies exploring the predictive potential of digital phenotyping in mood disorders. The first study developed a predictive model for mood episode recurrence using over 140 parameters derived from real-time data collected through wearable devices. This model demonstrated high accuracy (AUC: 0.937-0.963) in predicting depressive, manic, and hypomanic episodes within three days of onset. Circadian rhythm metrics, particularly phase delays and activity deviations, significantly contributed to the predictions, underscoring the critical role of circadian rhythm alignment in clinical management. The second study focused on predicting the recurrence of mood episodes using sleep-wake patterns and mathematically derived dim-light melatonin onset data collected through wearable devices and smartphones. Employing a machine learning approach, this study achieved robust accuracy (AUC: 0.80-0.98) in predicting depressive, manic, and hypomanic episodes the following day. Circadian rhythm phase shifts emerged as the most critical predictor. These study findings highlight the transformative potential of wearable and smartphone-based circadian rhythm monitoring in psychiatry. By integrating circadian rhythm metrics with digital phenotyping, these approaches enable precise and personalized prediction and management of mood episodes. This talk will discuss the clinical implications of these findings, focusing on enhanced prevention strategies and the future role of digital technologies in advancing mental health care. .",2025,/,Bipolar Disorders,27,Supplement 1,S40,648882321,https://dx.doi.org/10.1111/bdi.70042,,#13049,Lee 2025,"Exclusion reason: Studies published as posters, protocols, reports, books, brief communications, editorial letters, commentaries, opinions, reviews, dissertations, theses, and unpublished works; ",study_updation_25_26
Digital Phenotyping: Making Sense of Longitudinal Health Data,A. Sathyanarayana; A. Glime,"This tutorial, ""Digital Phenotyping: Making Sense of Longitudinal Health Data"", will share the skills necessary to succeed in digital phenotyping research, covering the end-to-end research pipeline from data collection and processing to advanced analysis and scaling for real-world applications. Attendees will delve into topics such as phenotyping multidimensional and longitudinal behaviors from wearable sensors, incorporating ecological momentary assessments (EMAs) into research protocols, and analyzing smartphone text messaging data. Designed for the intended audience of researchers, data scientists, and practitioners in computer science, biomedical informatics, public health, and related fields, the tutorial is suitable for participants with varying levels of experience, offering a mix of foundational knowledge and hands-on Python-based exercises. By participating, attendees will acquire new knowledge and perspective, including the ability to conduct comprehensive digital phenotyping research. This includes extracting and analyzing complex longitudinal health data, developing robust study designs, addressing key challenges such as data completeness, and applying findings to critical areas like mental health, chronic disease management, and remote patient monitoring. By the end of this tutorial, attendees will be equipped to implement and scale digital phenotyping methods in their own research and applications.",2025,,2025 IEEE 13th International Conference on Healthcare Informatics (ICHI),,,697-698,,10.1109/ICHI64645.2025.00106,,#13117,A 2025,"Exclusion reason: Studies published as posters, protocols, reports, books, brief communications, editorial letters, commentaries, opinions, reviews, dissertations, theses, and unpublished works; ",study_updation_25_26
DeepMindWatch: A Multi Modal AI Framework for Early Detection of Depression and Anxiety from Digital Bio Markers,D. Muthu; G. Elakkia; B. Tamilselvi,"Mental health disorders affect approximately 1 billion people worldwide, yet early detection remains challenging due to limited access to healthcare resources and stigma associated with seeking help. This paper presents DeepMindWatch, a novel multimodal artificial intelligence framework for early detection of depression and anxiety disorders through analysis of digital biomarkers. The framework employs a hierarchical attention network that processes these heterogeneous data streams and generates interpretable predictions with supporting evidence. We trained our models on a dataset combining anonymized clinical records (n = 1,850), consented social media data (n = 5,200), and passive sensing data (n = 3,400) collected through our custom smartphone application. The proposed framework achieves 87.3% accuracy in identifying depression markers and 82.6% accuracy for anxiety markers, outperforming existing unimodal approaches by 14.2% on average DeepMindWatch demonstrates robust performance across diverse demographic groups with a reduced false positive rate of 8.4% compared to clinical screening tools. A six-month longitudinal validation study confirms the framework's efficacy in early detection, identifying potential mental health concerns an average of 63 days before clinical diagnosis. This research offers promising directions for developing scalable, privacy-preserving digital mental health screening tools that could significantly improve early intervention strategies and accessibility of mental healthcare resources globally.",2025,,2025 4th International Conference on Innovative Mechanisms for Industry Applications (ICIMIA),,,1974-1978,,10.1109/ICIMIA67127.2025.11200772,,#13121,D 2025,"Exclusion reason: Do not utilize smartphone digital phenotypes and focus solely on digital phenotypes collected from clinical lab equipment (e.g., EEG) or any other wearable sensor data(e.g., smartwatch) to understand psychopathological disorders; ",study_updation_25_26
Enhancing Mental Health Monitoring and Support through Web and Mobile Device Behavior Analysis,L. Alwis; C. Alwis; F. A. Ameen; M. J. A. Jahani; T. Jayalath; D. Siriwardana,"Early predictions of mental health disorders is critical for timely intervention and improved outcomes. Traditional assessment methods relying on self-reports and periodic clinical evaluations are limited by subjectivity and infrequent sampling. In this study, we propose an integrated digital phenotyping framework that continuously monitors user emotions by fusing data from multiple sources: smartphone sensor data and web browsing behaviour, complemented by voice recognition and face detection. Our software uses advanced machine learning models to analyze data obtained via users to enable the detection of subtle emotional transitions and prevailing affective states. Based on these predictions, the solution helps users with personalized, just-in-time support interventions while securing data privacy through secure data-protecting protocols. Experimental evaluations indicate that multiple models achieve high predictive accuracy in classifying emotional states and detecting transitions with personalized models outperforming generalized approaches. This integrated approach not only enhances the granularity of mood assessment but also supports proactive mental health management, offering a scalable solution to expand traditional diagnostic methods.",2025,,2025 5th Asian Conference on Innovation in Technology (ASIANCON),,,1-5,,10.1109/ASIANCON66527.2025.11281045,,#13139,L 2025,"Exclusion reason: Conceptual or theoretical frameworks without data collection, feature extraction, digital marker modeling, or machine learning model development; ",study_updation_25_26
Data-Driven Detection of Mental Health Conditions Using Active and Passive Sensing,J. Singh; S. Rani; S. Devi,"Cases of mental illnesses are on the rise all over the world but there is little access to affordable and ongoing mental health services. The current digital mental health solutions are either overly dependent on self-reported information, or need an external component (wearable hardware), which makes them less accessible. A software-only mobile application which combines active self-assessment and passive behavioral data, recorded on smartphones, is introduced in this paper to continuously monitor mental health. The proposed system offers real-time and personalized insights without the need to have extra hardware. The experimental data prove that behavioral and self-reported data has a significant positive effect on the accuracy of mental health trend detection without affecting usability and affordability.",2026,,2026 Eight International Conference on Computational Intelligence and Communication Technologies (CCICT),,,113-116,,10.23919/CCICTCPS00010.2026.00027,,#13195,J 2026,"Exclusion reason: Do not utilize smartphone digital phenotypes and focus solely on digital phenotypes collected from clinical lab equipment (e.g., EEG) or any other wearable sensor data(e.g., smartwatch) to understand psychopathological disorders; ",study_updation_25_26
Real Time Stress Detection in Humans using Smartphone Sensor Data,M. Meenalochani; R. G,"Stress is a psychological state induced by the body's response to challenging conditions, and it can have a detrimental impact on physical and mental health if experienced for an extended period. Continuous stress in humans leads to various diseases such as diabetes, cardiovascular disease, cancer, hypertension, arthritis, and substance addiction in some instances. Early stress identification is critical for avoiding chronic health issues. Stress identification necessitates continuous monitoring of daily activities to identify the pattern of behaviour in response to various stress-related situations in day-to-day life. The proposal aims to identify the stress in humans using the data collected from a smart watch and a mobile phone through machine learning approaches. Initially, the WESAD dataset is trained and tested for identification of stress using a pool of Machine Learning algorithms such as Random Forest classifier, Logistic regression, Linear Regression, and Support Vector Machine. Subsequently, real-time data such as heart rate collected from a smart watch and mobile pickup time from an Android mobile is used to test the approach's effectiveness. It was found that Random Forest outperforms all the other algorithms, with an accuracy of 99% in identifying stress in individuals.",2025,,2025 5th International Conference on Soft Computing for Security Applications (ICSCSA),,,605-610,,10.1109/ICSCSA66339.2025.11170940,,#13231,M 2025,"Exclusion reason: Do not utilize smartphone digital phenotypes and focus solely on digital phenotypes collected from clinical lab equipment (e.g., EEG) or any other wearable sensor data(e.g., smartwatch) to understand psychopathological disorders; ",study_updation_25_26
SHAP-based Explainable Machine Learning Framework for Burnout Risk Detection using Smartphone Behavioral Analytics,M. R. Mathew; S. J. Priya; S. Salaja,"Due to diverse reasons which include occupational workload, academic pressure as well as lifestyle imbalance, burnout and mental fatigue have become more common. The threat of burnout should be spotted early to avoid the possibility of long-term psychological and productivity-related outcomes. Although a number of Internet of Things (IoT) applications and wearable systems have been suggested to monitor stress, they tend to need special sensors and are not aimed at predicting the threat of burnout and fatigue at an early stage. The paper discusses a SHAP-based explainable machine learning model regarding burnout risk and fatigue identification based on behaviors of smartphone users. The offered solution examines behavioral clues based on the habits of smartphone use, in terms of time spent on the screen, the frequency of application switches, and the frequency of notifications, which may indirectly determine the changes in the behavior of the user related to burnout or fatigue. Several publicly available datasets of behavior and health-associated variables were merged to work with a complete dataset in training the model. The classifier based on LightGBM was adopted to label the burnout risk levels, and SHAP (SHapley Additive exPlanations) was utilized to offer the interpretable results on the contribution of features. The offered system shows that behavioral analytics of smartphones with explainable machine learning can offer a non-invasive and convenient way of monitoring the threat of burnout early, without any extra wearable information gathers.",2026,,2026 7th International Conference on Inventive Research in Computing Applications (ICIRCA),,,1788-1795,,10.1109/ICIRCA69024.2026.11570502,,#13272,M 2026,Exclusion reason: The study utilizes digital phenotypes collected from smartphones but does not aim to predict any mental health conditions; ,study_updation_25_26
Development of an AI-based Mobile App for Automatic Depression Screening Using Speech in English and Chinese,L. Liu; F. Tydeman; W. Xie; Y. Wang,"Current AI-based depression assessment apps provide significant advantages for users and clinicians through personalized, accessible mental health support. However, most rely on text or questionnaire-based methods, which are often influenced by user subjectivity, while speech-based detection remains overlooked. In this study, we developed a deep learning based mobile app, MoodEcho, for screening depression using users’ audio recordings. MoodEcho is an iOS-based mobile app developed using cloud technology, consisting of three key modules: an audio recording module, a speech-based depression detection module, and a user management module for monitoring and managing detection results. We extracted Mel-spectrogram features from an English depression speech dataset, DAIC-WOZ, to train a convolutional neural network (CNN) incorporating Squeeze-and-Excitation (SE) modules, achieving an F1-score of 0.86 on the test set. Besides, we tested a Chinese depression speech dataset collected from clinical interviews using the same SE-CNN model, and the F1-score of the test set was 0.75. MoodEcho implements a dual-language detection capability through a language-adaptive modeling framework, demonstrating its effectiveness as a cross-lingual screening tool. These results show MoodEcho's promising potential as a convenient and reliable tool for clinical decision making, providing valuable support for both users and clinicians.Clinical Relevance— This study presents an AI-based depression detection mobile app as an objective, non-invasive, and accessible tool for early screening, periodic screening, continuous monitoring, and personalized management of depression, ultimately supporting clinical diagnostic and improving diagnostic objectivity.",2025,,2025 47th Annual International Conference of the IEEE Engineering in Medicine and Biology Society (EMBC),,,1-5,,10.1109/EMBC58623.2025.11251628,,#13308,L 2025,"Exclusion reason: Do not utilize smartphone digital phenotypes and focus solely on digital phenotypes collected from clinical lab equipment (e.g., EEG) or any other wearable sensor data(e.g., smartwatch) to understand psychopathological disorders; ",study_updation_25_26
AI-Based Early Detection System for Students' Mental Health Using Passive Behavioral Data,K. Bala; Vandna; R. Sharma; Himani; S. Goindi; P. Khan,"The objective of this study is to utilize an AI screening tool to identify students who are experiencing early signs of deterioration in mental health through passive measurement of digital behaviours. While clinical portions of a student's mental health care experience low engagement due to academic pressures and perceived stigma associated with attending a counselor, we developed a method to deploy an alternative approach to assist in early identification of students experiencing problems. By using Random Forest classification techniques on a synthetic dataset of 1,000 students, we were able to develop a multi-dimensional dataset that captures numerous behavioural aspects, such as rolling averages of a student's sleep patterns, daily monitoring of screen-time, and the sentiment associated with a student's online communications, which ultimately provides an avenue to compute daily emotional scores for students. Results from applying our innovative system to the composite dataset indicated an overall accuracy level of 87.3 % in identifying high-risk students. The most predictive attributes for identifying high-risk students were the students' use of screens while asleep and the prevalence of negative sentiments displayed in their online communications. The findings of this research carry important implications for educational systems, which stand to benefit greatly from a shift in focus from crisis management via a reactive model to preemptive prevention based on evidence from data-informed care, using technology as a tool by counselors to identify at-risk students and intervene before the occurrence of a psychological crisis within their student populations.",2026,,2026 13th International Conference on Computing for Sustainable Global Development (INDIACom),,,1-7,,10.23919/INDIACom70271.2026.11525537,,#13335,K 2026,"Exclusion reason: Do not utilize smartphone digital phenotypes and focus solely on digital phenotypes collected from clinical lab equipment (e.g., EEG) or any other wearable sensor data(e.g., smartwatch) to understand psychopathological disorders; ",study_updation_25_26
AnxietyFaceTrack: A Smartphone-Based Non-Intrusive Approach for Detecting State Anxiety Using Facial Features,N. K. Sahu; S. Gupta; H. R. Lone,"Social Anxiety Disorder (SAD) is a widespread mental health condition, yet its lack of objective markers hinders timely detection and intervention. While previous research has focused on behavioral and non-verbal markers of SAD in structured activities (e.g., speeches or interviews), these settings fail to replicate in real-world, unstructured social interactions. Identifying non-verbal markers in naturalistic, unstaged environments is essential for developing ubiquitous and non-intrusive monitoring solutions. To address this gap, we present AnxietyFaceTrack, a study leveraging facial video analysis to detect state anxiety in unstaged social settings. A cohort of 91 participants engaged in a social setting with unfamiliar individuals, and their facial videos were recorded using a low-cost smartphone camera. We examined facial features, including eye movements, head position, facial landmarks, and facial action units, and used self-reported survey data to establish ground truth for multiclass (anxious, neutral, non-anxious) and binary (e.g., anxious versus neutral) classifications. Our results demonstrate that a Random Forest classifier trained on the top 20% of features achieved the highest accuracy of 91.0% for multiclass classification and an average accuracy of 92.33% across binary classifications. Notably, head position and facial landmarks yielded the best performance for individual facial regions, achieving 85.0% and 88.0% accuracy, respectively, in multiclass classification, and 89.66% and 91.0% accuracy, respectively, across binary classifications. Post-hoc analysis identified head rotation, facial edge features, and eye landmarks as key contributors to the detection of anxiety. This study introduces a non-intrusive, cost-effective solution that can be seamlessly integrated into everyday smartphones for continuous anxiety monitoring, offering a promising pathway for early detection and intervention.",2026,,IEEE Transactions on Affective Computing,17,2,2159-2170,,10.1109/TAFFC.2026.3666241,,#13356,N 2026,"Exclusion reason: Do not utilize smartphone digital phenotypes and focus solely on digital phenotypes collected from clinical lab equipment (e.g., EEG) or any other wearable sensor data(e.g., smartwatch) to understand psychopathological disorders; ",study_updation_25_26
Stress Detection Using Multimodal Feature Engineering and Ensemble Learning,V. G. Priyaa; B. Bhuvaneshwari; V. Sowmya,"Stress affects physical and mental health and overall well-being. Accurate detection is important because stress influences outcomes in education, work, and healthcare. Many existing methods rely on a single source (sensors or surveys) and face issues such as limited feature diversity and class imbalance. This paper presents a lightweight machine-learning framework for stress detection using multimodal data: physiological signals, smartphone usage, sleep quality, and personality traits. Interaction-based features are created through feature engineering, and class imbalance is addressed with Adaptive Synthetic Sampling (ADASYN). Predictive performance is improved using ensemble classifiers, specifically CatBoost and XGBoost. Validation on two separate datasets demonstrates that the method attains classification accuracies of up to 99%, outperforming conventional sensor-based techniques that typically achieve 97%. The framework is designed to be scalable and generalizable for real-world mentalhealth monitoring applications.",2025,,"2025 International Conference on Applied Artificial Intelligence, Data Engineering and Sciences (ICAIDES)",,,1-5,,10.1109/ICAIDES67265.2025.11404021,,#13358,V 2025,"Exclusion reason: Do not utilize smartphone digital phenotypes and focus solely on digital phenotypes collected from clinical lab equipment (e.g., EEG) or any other wearable sensor data(e.g., smartwatch) to understand psychopathological disorders; ",study_updation_25_26
A Framework for Change Point Detection and Automatic Explanation of Changes in Smartphone Usage Trends of PSU Patients,K. Sugiyama; T. Kiriyama; R. Ozaki; T. Meguro; M. Taya; M. Honjo; N. Kobayashi; D. Jitoku; M. Uchida,"Problematic smartphone use (PSU) is increasingly recognized as a digital addiction associated with sleep disruption and mental health issues. While prior studies have utilized smartphone sensor logs to estimate short-term usage states, they lack mechanisms for capturing long-term behavioral shifts and explaining their underlying causes in a clinically actionable form. To address this limitation, we propose an automated method for detecting and interpreting weekly changes in smartphone usage trends. Our approach constructs multivariate time-series data from estimated usage states, detects behavioral changes using a lightweight online change point detection technique, identifies key contributing features through sparse regression, and characterizes how and when those features changed using trend segmentation and pattern classification with correction for detection delay. Evaluation on real-world PSU patient data shows that our method detects meaningful behavioral transitions, including those missed by self-reports, and attributes them to interpretable usage patterns. This enables scalable and clinically relevant monitoring of long-term smartphone behavior.",2025,,2025 30th Asia-Pacific Conference on Communications (APCC),,,1-6,,10.23919/APCC64555.2025.11279832,,#13383,K 2025,Exclusion reason: The study utilizes digital phenotypes collected from smartphones but does not aim to predict any mental health conditions; ,study_updation_25_26
Smartphone Keystroke-based Cognitive Impairment Diagnostic Methodology,J. Uhm; H. Y. Kim; B. Choe; H. Agrawal; S. Yoon; J. H. Yun,"With the global population rapidly aging, dementia has emerged as a major public health concern. Significant efforts are being made to address the health and other problems associated with dementia. Although several advances have been made in the diagnosis and treatment of dementia, many challenges remain unresolved. Existing dementia diagnostic methods are often not performed in a timely manner due to poor accessibility, leading to delays in initiation of treatment. In this study, we propose a smartphone keystroke-based diagnostic method as a solution to overcome the limitations associated with the early diagnosis and treatment of dementia. As compared to other existing methods, the proposed diagnostic method is easier to develop and maintain, promoting commercialization and widespread use. The diagnostic method has been designed to extract language-agnostic keystroke data features from smartphone keyboard input logs. Rather than simply extracting features assessing motor skills from keystroke data or features demonstrating language usage patterns from text, this study focused on features that can assess cognitive abilities without using linguistic characteristics. Clinical trials were conducted in patients with mild cognitive impairment and early Alzheimer’s dementia were conducted, and a series of experiments and validation tests were performed using the trial data. The results demonstrated that the proposed smartphone keystroke-based diagnostic method is effective in diagnosing cognitive impairment. The proposed method does not require the use of any special equipment except smartphones, which facilitates low-cost commercialization. This study presents a diagnostic method that addresses the problem of people who avoid tests for the diagnosis of dementia due to economic and psychological burdens.Clinical RelevanceThis study provides an approach for early detection of dementia using ordinary smartphone keystroke logs. The proposed method has the potential to improve the quality of life of patients with dementia. Following large-scale clinical research and the integration of more digital biomarkers, the methodology proposed in this study can potentially facilitate the development of an early diagnostic platform for dementia.",2025,,2025 47th Annual International Conference of the IEEE Engineering in Medicine and Biology Society (EMBC),,,1-7,,10.1109/EMBC58623.2025.11253467,,#13414,J 2025,Exclusion reason: The study utilizes digital phenotypes collected from smartphones but does not aim to predict any mental health conditions; ,study_updation_25_26
Correction: Machine learning on a smartphone-based CPT for ADHD prediction.,"Casals, Núria; Larsson, Simon; Hansen, Mikkel","Reports an error in ""Machine learning on a smartphone-based cpt for adhd prediction"" by Núria Casals, Simon Larsson and Mikkel Hansen (<i>Frontiers in Psychiatry</i>, 2025[Nov][7], Vol 16[1564351]; see record [rid]<n>2026-94489-001</n>[/rid]). In the original article, in the Abstract, paragraph 3, a specificity value was missing due to a typographical error. The corrected paragraph is present in the erratum. (The following abstract of the original article appeared in record [rid]<n>2026-94489-001</n>[/rid]). Objectives Continuous Performance Tests (CPTs) are widely utilized as objective measures in the assessment of Attention-Deficit/Hyperactivity Disorder (ADHD). The integration of sensor data in smartphones has become increasingly common as a way of monitoring several behavioural indicators of mental health. Machine learning has started being utilized in the field of ADHD to improve diagnosis. This investigation explores (i) the feasibility of using smartphone devices to administer a CPT for ADHD assessment and (ii) whether data from built-in sensors in smartphone devices is useful for predicting a diagnosis. Methodology The study uses data from a control group of neurotypical individuals and an ADHD cohort of unmedicated patients. The dataset is divided into a training and test set, and a machine learning model is developed using the training set. The model is trained by dividing features into four groups, Demographic, CPT, Face, and Motion, which are then sequentially added and evaluated on their ability to predict ADHD. Results A total of 952 neurotypical individuals and 292 unmedicated ADHD patients were part of the study. The best performing model combines all feature groups by a sensitivity of 0.808, specificity of blue and area under the precision-recall curve (PR-AUC) of 0.799, with a considerable performance increase due to the phone sensor features addition. Results did not differ significantly by age group (6–11 and 12–60 years old) and sex. Conclusion The study provides a robust machine-learning model that is based on a large control group together with an ADHD cohort. The experiments demonstrated that ADHD can be assessed with high accuracy using CPTs on smartphones. Integrating face-tracking and motion sensor data with CPT features further enhanced performance, indicating that data from a smartphone device can surpass the accuracy of traditional computer-based ADHD assessments. (PsycInfo Database Record (c) 2026 APA, all rights reserved)",2026,,Frontiers in Psychiatry,16,,,2027-20198-001,10.3389/fpsyt.2025.1771553,2027-20198-001,#13515,Casals 2026,"Exclusion reason: Studies published as posters, protocols, reports, books, brief communications, editorial letters, commentaries, opinions, reviews, dissertations, theses, and unpublished works; ",study_updation_25_26
Predicting cognitive functioning in mood disorders through smartphone typing dynamics.,Ning E; Estabrook R; Tulabandhula T; Zulueta J; Ross MK; Kabir S; Hussain F; Langenecker SA; Ajilore O; Leow A; Demos AP,"Mood disorders (MDs) such as major depressive disorder and bipolar disorder are associated with significant functional impairments, particularly in cognition, which can adversely affect daily functioning and social interactions. This study aims to predict cognitive functioning prospectively in individuals with MDs using passive data from smartphone typing dynamics. Over a period of approximately 28 days, participants (N = 127) utilized the BiAffect keyboard, which captured typing metadata such as keystroke timestamps and accelerometer data during typing sessions, while also undergoing in-lab neuropsychological assessments twice (at least 14 days apart). Principal component analysis was applied to keyboard features, and the component scores were subsequently used in structural equation modeling to predict performance on the NIH Toolbox cognitive tests and the Trail-Making Test, Part B. The results showed that slower typing speeds predicted worse NIH Toolbox performance only in healthy controls, suggesting a weaker or more variable relationship in MDs. However, for the Trail-Making Test, Part B, keystroke dynamics predicted performance equally across groups. These findings highlight the potential of keystroke dynamics as an ecologically valid, passive measure of cognitive function, while also underscoring its varying utility depending on the cognitive domain assessed and the population studied. (PsycInfo Database Record (c) 2025 APA, all rights reserved).",2025,Nov,J Psychopathol Clin Sci,134,8,998-1019,,10.1037/abn0001052,40906034,#13566,Ning 2025,Exclusion reason: The study utilizes digital phenotypes collected from smartphones but does not aim to predict any mental health conditions; ,study_updation_25_26
Detecting Perceived Unfair Treatment Among US College Students Using Mobile Sensing: Pilot Machine Learning Study.,Ren Y; Mulukutla R; Mankoff J; Dey AK,"BACKGROUND: Experiences of unfair treatment on college campuses are linked to adverse mental and physical health outcomes, highlighting the need for interventions. However, detecting such experiences relies mainly on self-reports. No prior research has examined the feasibility of using mobile sensing via smartphones and wearables for the passive detection of these experiences. OBJECTIVE: This pilot study explores the potential of using passive sensing to detect daily experiences of perceived unfair treatment (PUT) after they occur. It aims to develop and evaluate machine learning models against naive baselines and establish a benchmark for future research. METHODS: We analyzed data from 201 undergraduate students collected over two 10-week academic terms in 2018. PUT was self-reported at the daily level via ecological momentary assessment (EMA) surveys, with 413 of 9629 (4.3%) total responses indicating unfair treatment. We implemented two modeling approaches with distinct training schemes: (1) supervised classification models trained in a user-independent manner using data from different individuals, and (2) anomaly detection models trained in a user-dependent manner using historical data from the same individuals. Classification performance was assessed using stratified group 5-fold cross-validation for user-independent models and a chronological train-test split for user-dependent models. RESULTS: Of the 201 study participants, 110 reported experiencing unfair treatment at least once. On average, participants reported unfair treatment in 4.66% of their EMA responses (95% CI 3.13% to 6.19%). User-independent classification models showed mixed performance (AUC-ROC [area under the receiver operating characteristic curve]: 0.546-0.640, AUC-PR [area under the precision-recall curve]: 0.047-0.093, F(1)-score: 0.070-0.121). Tree-based models, particularly light gradient boosting machine (LightGBM) and Random Forest, outperformed all 3 baselines in AUC-ROC and AUC-PR; LightGBM also improved the F(1)-score. In comparison, user-dependent anomaly detection models performed better, with the multiday long short-term memory-AE model (50 features, 7-day window) achieving the highest recall (0.830, +73.3%, P<.001) and F(1)-score (0.391, +24.9%, P<.001) without reducing precision (0.256), and improving AUC-PR by 45.9% and AUC-ROC by 21.6% relative to naive baselines (P<.001). Feature importance analysis identified key behavioral patterns for population-level detection, including increased time spent off campus, elevated evening and nighttime activity, reduced indoor mobility on campus, prolonged screen use, delayed sleep onset, and shorter sleep duration. CONCLUSIONS: Mobile sensing shows promise for detecting daily experiences of PUT in college students and identifying associated behavioral patterns. Our findings highlight opportunities for timely interventions through mobile technology to mitigate the impact of these experiences on students' mental health and well-being.",2025,Oct,JMIR Form Res,9,,e78657,,10.2196/78657,41172295,#13627,Ren 2025,Exclusion reason: The study utilizes digital phenotypes collected from smartphones but does not aim to predict any mental health conditions; ,study_updation_25_26
Privacy-Preserving Federated Deep Learning for Nomophobia Risk Prediction From Smartphone Usage Logs,"Rahman, Md.W.; Hasan, M.; Nijim, M.; Ul Haq, M.A.; Mohammed, F.A.","Nomophobia, the fear or discomfort of being without a smartphone or connectivity, is increasingly common in young people and is linked to anxiety, poor sleep, and reduced well-being. Existing detection methods rely mainly on self-report scales or centralized machine learning, which limits real-time use and raises privacy concerns. This study proposes a privacy-preserving federated deep learning framework for nomophobia risk prediction based on real smartphone usage logs. We expand a public Kaggle dataset from 1,000 to 50,000 synthetic users, apply a unified preprocessing and percentile-based risk labeling scheme, and use particle swarm optimization to select informative usage features. Multiple federated models (1D CNN, LSTM, BiLSTM, and a GNN-style network) are trained with FedAvg over ten simulated clients and are compared against centralized baselines including SVM, RF, KNN, DT, XGB, and NB. The CNN-based federated model achieves an accuracy of 83.79%, an F1-score of 0.8642%, and an MCC of 0.6912% on the unseen test set, while centralized RF reaches 94.15% accuracy and a 0.8720 MCC. These experimental results indicate that on-device federated learning can approach centralized performance while keeping raw usage data local, providing a practical path toward continuous, privacy-aware nomophobia monitoring.  © 2026 IEEE.",2026,,"IEEE Int. Conf. AI Cybersecur., ICAIC",,,,,10.1109/ICAIC67076.2026.11395865,,#13791,Rahman 2026,Exclusion reason: The study utilizes digital phenotypes collected from smartphones but does not aim to predict any mental health conditions; ,study_updation_25_26
"Using Smartphone-Based Digital Phenotyping to Predict Relapse in Serious Mental Disorders Among Slum Residents in Dhaka, Bangladesh: Protocol for a Machine Learning Study","Alam, N; Das, CK; Roy, N; Giacco, D; Singh, SP; Jilka, S","Background: Serious mental illnesses (SMIs) are associated with high relapse rates and limited access to continuous care, particularly in low-resource settings such as urban slums. Traditional clinical monitoring is constrained by accessibility and scalability challenges. Digital phenotyping, through passive smartphone data, offers a novel approach to predict relapse by capturing real-world behavioral changes. Objective: This study aims to evaluate the feasibility and predictive value of smartphone-based digital phenotyping for detecting relapse in individuals with SMIs living in the Korail slum of Dhaka, Bangladesh. Methods: This prospective 6-month cohort study will recruit 430 participants diagnosed with SMIs who own Android (Google LLC) smartphones. Passive data (eg, screen time, mobility, and call or text frequency) will be continuously collected using a custom-built app (DataDoc). Monthly active data, including symptom and functioning assessments, will be collected via self-report and clinical engagement. Machine learning models will integrate these data to detect early warning signs and predict relapse trajectories. Results: This study was funded by the NIHR (National Institute for Health and Care Research; award number NIHR200846) in October 2022. Data collection commenced in August 2025 and is ongoing. A total of 14 participants have been recruited, as of January 2026. Preliminary data analysis is ongoing, with expected results to be published in fall 2026. Conclusions: This study is one of the first to apply smartphone-based digital phenotyping and machine learning for relapse prediction in low-and middle-income countries' slum settings. The findings will inform scalable, low-cost digital interventions to address the mental health treatment gap in underresourced communities.",2026,,JMIR RESEARCH PROTOCOLS,15,,,WOS:001686371800001,10.2196/79826,,#14115,Alam 2026,"Exclusion reason: Studies published as posters, protocols, reports, books, brief communications, editorial letters, commentaries, opinions, reviews, dissertations, theses, and unpublished works; ",study_updation_25_26
Development and Validation of a GPS Error-Mitigation Algorithm for Mental Health Digital Phenotyping,"Lee, JH; Park, JY; Park, SH; Lee, SJ; Do, GH","Mobile Global Positioning System (GPS) data offer a promising approach to inferring mental health status through behavioural analysis. Whilst previous research has explored location-based behavioural indicators including location clusters, entropy, and variance, persistent GPS measurement errors have compromised data reliability, limiting the practical deployment of smartphone-based digital phenotyping systems. This study develops and validates an algorithmic preprocessing method designed to mitigate inherent GPS measurement limitations in mobile health applications. We conducted comprehensive evaluation through controlled experimental protocols and naturalistic field assessments involving 38 participants over a seven-day period, capturing GPS data across diverse environmental contexts on both Android and iOS platforms. The proposed preprocessing algorithm demonstrated exceptional precision, consistently detecting major activity centres within an average 50-metre margin of error across both platforms. In naturalistic settings, the algorithm yielded robust location detection capabilities, producing spatial patterns that reflected plausible and behaviourally meaningful traits at the individual level. Cross-platform analysis revealed consistent performance regardless of operating system, with no significant differences in accuracy metrics between Android and iOS devices. These findings substantiate the potential of mobile GPS data as a reliable, objective source of behavioural information for mental health monitoring systems, contingent upon implementing sophisticated error-mitigation techniques. The validated algorithm addresses a critical technical barrier to the practical implementation of GPS-based digital phenotyping, enabling the more accurate assessment of mobility-related behavioural markers across diverse mental health conditions. This research contributes to the growing field of mobile health technology by providing a robust algorithmic framework for leveraging smartphone sensing capabilities in healthcare applications.",2026,,ELECTRONICS,15,2,,WOS:001670288200001,10.3390/electronics15020272,,#14120,Lee 2026,Exclusion reason: The study utilizes digital phenotypes collected from smartphones but does not aim to predict any mental health conditions; ,study_updation_25_26
From Patterns to Deviations: Detecting Behavioural Drift for Mental Health Monitoring Using Smartphone and Wearable Data,"Tolosa, E; Ihianle, IK; Machado, P; Yahaya, SW; Lotfi, A","Monitoring behavioural drift, a sustained shift in an individual's daily activity, sleep, or social patterns, offers a significant lens for early mental health intervention. However, detecting these drifts in free-living settings remains challenging due to the absence of ground-truth labels, the temporal complexity of human behaviour, and fragmentation across heterogeneous sensing modalities. This paper proposes a multimodal approach to quantify and detect behavioural drift using longitudinal data from over 500 university students in the NetHealth cohort. We extract personalised, longitudinal features spanning three behavioural domains: physical activity, sleep hygiene, and communication diversity and model deviations relative to rolling, individual-specific statistical baselines. To differentiate transient anomalies from meaningful behavioural change, we introduce a sustained streak mechanism that identifies persistent drift episodes. We evaluate three temporal modelling strategies: Isolation Forest, Convolutional Neural Networks, and Long Short-Term Memory networks across both single-modality and fused approaches. Our findings indicate that recurrent models offer the strongest performance, highlighting the necessity of capturing temporal dependencies in behavioural data. Furthermore, we find that cross-modal correlations between drift signals are weak, confirming that activities, sleep, and communication provide complementary, non-redundant insights into an individual's well-being. This work establishes the methodological basis for integrating multimodal sensing data to monitor mental health trajectories, providing a scalable path towards early intervention in digital health.",2026,,ELECTRONICS,15,4,,WOS:001700066200001,10.3390/electronics15040885,,#14262,Tolosa 2026,Exclusion reason: The study utilizes digital phenotypes collected from smartphones but does not aim to predict any mental health conditions; ,study_updation_25_26
