Title,Authors,Abstract,Published Year,Published Month,Journal,Volume,Issue,Pages,Accession Number,DOI,Ref,Covidence #,Study,Notes,Tags
Predicting Psychotic Relapse in Schizophrenia With Mobile Sensor Data: Routine Cluster Analysis.,Zhou J; Lamichhane B; Ben-Zeev D; Campbell A; Sano A,"BACKGROUND: Behavioral representations obtained from mobile sensing data can be helpful for the prediction of an oncoming psychotic relapse in patients with schizophrenia and the delivery of timely interventions to mitigate such relapse. OBJECTIVE: In this study, we aim to develop clustering models to obtain behavioral representations from continuous multimodal mobile sensing data for relapse prediction tasks. The identified clusters can represent different routine behavioral trends related to daily living of patients and atypical behavioral trends associated with impending relapse. METHODS: We used the mobile sensing data obtained from the CrossCheck project for our analysis. Continuous data from six different mobile sensing-based modalities (ambient light, sound, conversation, acceleration, etc) obtained from 63 patients with schizophrenia, each monitored for up to a year, were used for the clustering models and relapse prediction evaluation. Two clustering models, Gaussian mixture model (GMM) and partition around medoids (PAM), were used to obtain behavioral representations from the mobile sensing data. These models have different notions of similarity between behaviors as represented by the mobile sensing data, and thus, provide different behavioral characterizations. The features obtained from the clustering models were used to train and evaluate a personalized relapse prediction model using balanced random forest. The personalization was performed by identifying optimal features for a given patient based on a personalization subset consisting of other patients of similar age. RESULTS: The clusters identified using the GMM and PAM models were found to represent different behavioral patterns (such as clusters representing sedentary days, active days but with low communication, etc). Although GMM-based models better characterized routine behaviors by discovering dense clusters with low cluster spread, some other identified clusters had a larger cluster spread, likely indicating heterogeneous behavioral characterizations. On the other hand, PAM model-based clusters had lower variability of cluster spread, indicating more homogeneous behavioral characterization in the obtained clusters. Significant changes near the relapse periods were observed in the obtained behavioral representation features from the clustering models. The clustering model-based features, together with other features characterizing the mobile sensing data, resulted in an F2 score of 0.23 for the relapse prediction task in a leave-one-patient-out evaluation setting. The obtained F2 score was significantly higher than that of a random classification baseline with an average F2 score of 0.042. CONCLUSIONS: Mobile sensing can capture behavioral trends using different sensing modalities. Clustering of the daily mobile sensing data may help discover routine and atypical behavioral trends. In this study, we used GMM-based and PAM-based cluster models to obtain behavioral trends in patients with schizophrenia. The features derived from the cluster models were found to be predictive for detecting an oncoming psychotic relapse. Such relapse prediction models can be helpful in enabling timely interventions.",2022,Apr,JMIR Mhealth Uhealth,10,4,e31006,,10.2196/31006,35404256,#32,Zhou 2022,"",""
The relationship between loneliness and depression among college students: Mining data derived from passive sensing.,Qirtas MM; Zafeiridi E; White EB; Pesch D,"BACKGROUND: While there is recognition of the relationship between loneliness and depression, specific behavioural patterns distinguishing both are still not well understood. OBJECTIVES: Our objective is to identify distinct behavioural patterns of loneliness and depression from a passively collected dataset of college students, understand their similarities and interrelationships and assess their effectiveness in identifying loneliness and depression. METHODS: Utilizing the StudentLife dataset, we applied regression analysis to determine associations with self-reported loneliness and depression. Mediation analysis interprets the relationship between the two conditions, and machine learning models predict loneliness and depression based on behavioural indicators. RESULTS: Distinct behavioural patterns emerged: high evening screen time (OR = 1.45, p = 0.002) and high overall phone usage (OR = 1.50, p = 0.003) were associated with more loneliness, whereas depression was significantly associated with fewer screen unlocks (OR = 0.75, p = 0.044) and visits to fewer unique places (OR = 0.85, p = 0.023). Longer durations of physical activity (OR = 0.72, p = 0.014) and sleep (OR = 0.46, p = 0.002) are linked to a lower risk of both loneliness and depression. Mediation analysis revealed that loneliness significantly increases the likelihood of depression by 48%. The prediction accuracy of our XGBoost-based machine learning approach was 82.43% for loneliness and 79.43% for depression. CONCLUSION: Our findings show that high evening screen time and overall phone usage are significantly associated with increased loneliness, while fewer screen unlocks and visits to fewer unique places are significantly related to depression. The findings can help in developing targeted interventions to promote well-being and mental health in students.",2023,Jan-Dec,Digit Health,9,,20552076231211104,,10.1177/20552076231211104,38025106,#176,Qirtas 2023,"",""
Challenges in Using mHealth Data From Smartphones and Wearable Devices to Predict Depression Symptom Severity: Retrospective Analysis.,Sun S; Folarin AA; Zhang Y; Cummins N; Garcia-Dias R; Stewart C; Ranjan Y; Rashid Z; Conde P; Laiou P; Sankesara H; Matcham F; Leightley D; White KM; Oetzmann C; Ivan A; Lamers F; Siddi S; Simblett S; Nica R; Rintala A; Mohr DC; Myin-Germeys I; Wykes T; Haro JM; Penninx BWJH; Vairavan S; Narayan VA; Annas P; Hotopf M; Dobson RJB,"BACKGROUND: Major depressive disorder (MDD) affects millions of people worldwide, but timely treatment is not often received owing in part to inaccurate subjective recall and variability in the symptom course. Objective and frequent MDD monitoring can improve subjective recall and help to guide treatment selection. Attempts have been made, with varying degrees of success, to explore the relationship between the measures of depression and passive digital phenotypes (features) extracted from smartphones and wearables devices to remotely and continuously monitor changes in symptomatology. However, a number of challenges exist for the analysis of these data. These include maintaining participant engagement over extended time periods and therefore understanding what constitutes an acceptable threshold of missing data; distinguishing between the cross-sectional and longitudinal relationships for different features to determine their utility in tracking within-individual longitudinal variation or screening individuals at high risk; and understanding the heterogeneity with which depression manifests itself in behavioral patterns quantified by the passive features. OBJECTIVE: We aimed to address these 3 challenges to inform future work in stratified analyses. METHODS: Using smartphone and wearable data collected from 479 participants with MDD, we extracted 21 features capturing mobility, sleep, and smartphone use. We investigated the impact of the number of days of available data on feature quality using the intraclass correlation coefficient and Bland-Altman analysis. We then examined the nature of the correlation between the 8-item Patient Health Questionnaire (PHQ-8) depression scale (measured every 14 days) and the features using the individual-mean correlation, repeated measures correlation, and linear mixed effects model. Furthermore, we stratified the participants based on their behavioral difference, quantified by the features, between periods of high (depression) and low (no depression) PHQ-8 scores using the Gaussian mixture model. RESULTS: We demonstrated that at least 8 (range 2-12) days were needed for reliable calculation of most of the features in the 14-day time window. We observed that features such as sleep onset time correlated better with PHQ-8 scores cross-sectionally than longitudinally, whereas features such as wakefulness after sleep onset correlated well with PHQ-8 longitudinally but worse cross-sectionally. Finally, we found that participants could be separated into 3 distinct clusters according to their behavioral difference between periods of depression and periods of no depression. CONCLUSIONS: This work contributes to our understanding of how these mobile health-derived features are associated with depression symptom severity to inform future work in stratified analyses.",2023,Aug,J Med Internet Res,25,,e45233,,10.2196/45233,37578823,#227,Sun 2023,"",""
Predicting Emotional States Using Behavioral Markers Derived From Passively Sensed Data: Data-Driven Machine Learning Approach.,Sükei E; Norbury A; Perez-Rodriguez MM; Olmos PM; Artés A,"BACKGROUND: Mental health disorders affect multiple aspects of patients' lives, including mood, cognition, and behavior. eHealth and mobile health (mHealth) technologies enable rich sets of information to be collected noninvasively, representing a promising opportunity to construct behavioral markers of mental health. Combining such data with self-reported information about psychological symptoms may provide a more comprehensive and contextualized view of a patient's mental state than questionnaire data alone. However, mobile sensed data are usually noisy and incomplete, with significant amounts of missing observations. Therefore, recognizing the clinical potential of mHealth tools depends critically on developing methods to cope with such data issues. OBJECTIVE: This study aims to present a machine learning-based approach for emotional state prediction that uses passively collected data from mobile phones and wearable devices and self-reported emotions. The proposed methods must cope with high-dimensional and heterogeneous time-series data with a large percentage of missing observations. METHODS: Passively sensed behavior and self-reported emotional state data from a cohort of 943 individuals (outpatients recruited from community clinics) were available for analysis. All patients had at least 30 days' worth of naturally occurring behavior observations, including information about physical activity, geolocation, sleep, and smartphone app use. These regularly sampled but frequently missing and heterogeneous time series were analyzed with the following probabilistic latent variable models for data averaging and feature extraction: mixture model (MM) and hidden Markov model (HMM). The extracted features were then combined with a classifier to predict emotional state. A variety of classical machine learning methods and recurrent neural networks were compared. Finally, a personalized Bayesian model was proposed to improve performance by considering the individual differences in the data and applying a different classifier bias term for each patient. RESULTS: Probabilistic generative models proved to be good preprocessing and feature extractor tools for data with large percentages of missing observations. Models that took into account the posterior probabilities of the MM and HMM latent states outperformed those that did not by more than 20%, suggesting that the underlying behavioral patterns identified were meaningful for individuals' overall emotional state. The best performing generalized models achieved a 0.81 area under the curve of the receiver operating characteristic and 0.71 area under the precision-recall curve when predicting self-reported emotional valence from behavior in held-out test data. Moreover, the proposed personalized models demonstrated that accounting for individual differences through a simple hierarchical model can substantially improve emotional state prediction performance without relying on previous days' data. CONCLUSIONS: These findings demonstrate the feasibility of designing machine learning models for predicting emotional states from mobile sensing data capable of dealing with heterogeneous data with large numbers of missing observations. Such models may represent valuable tools for clinicians to monitor patients' mood states.",2021,Mar,JMIR Mhealth Uhealth,9,3,e24465,,10.2196/24465,33749612,#228,Sükei 2021,"",""
A Machine Learning Approach for Continuous Mining of Nonidentifiable Smartphone Data to Create a Novel Digital Biomarker Detecting Generalized Anxiety Disorder: Prospective Cohort Study.,Choudhary S; Thomas N; Alshamrani S; Srinivasan G; Ellenberger J; Nawaz U; Cohen R,"BACKGROUND: Anxiety is one of the leading causes of mental health disability around the world. Currently, a majority of the population who experience anxiety go undiagnosed or untreated. New and innovative ways of diagnosing and monitoring anxiety have emerged using smartphone sensor-based monitoring as a metric for the management of anxiety. This is a novel study as it adds to the field of research through the use of nonidentifiable smartphone usage to help detect and monitor anxiety remotely and in a continuous and passive manner. OBJECTIVE: This study aims to evaluate the accuracy of a novel mental behavioral profiling metric derived from smartphone usage for the identification and tracking of generalized anxiety disorder (GAD). METHODS: Smartphone data and self-reported 7-item GAD anxiety assessments were collected from 229 participants using an Android operating system smartphone in an observational study over an average of 14 days (SD 29.8). A total of 34 features were mined to be constructed as a potential digital phenotyping marker from continuous smartphone usage data. We further analyzed the correlation of these digital behavioral markers against each item of the 7-item Generalized Anxiety Disorder Scale (GAD-7) and its influence on the predictions of machine learning algorithms. RESULTS: A total of 229 participants were recruited in this study who had completed the GAD-7 assessment and had at least one set of passive digital data collected within a 24-hour period. The mean GAD-7 score was 11.8 (SD 5.7). Regression modeling was tested against classification modeling and the highest prediction accuracy was achieved from a binary XGBoost classification model (precision of 73%-81%; recall of 68%-87%; F(1)-score of 71%-79%; accuracy of 76%; area under the curve of 80%). Nonparametric permutation testing with Pearson correlation results indicated that the proposed metric (Mental Health Similarity Score [MHSS]) had a colinear relationship between GAD-7 Items 1, 3 and 7. CONCLUSIONS: The proposed MHSS metric demonstrates the feasibility of using passively collected nonintrusive smartphone data and machine learning-based data mining techniques to track an individuals' daily anxiety levels with a 76% accuracy that directly relates to the GAD-7 scale.",2022,Aug,JMIR Med Inform,10,8,e38943,,10.2196/38943,36040777,#312,Choudhary 2022,"",""
Measuring Daily Activity Rhythms in Young Adults at Risk of Affective Instability Using Passively Collected Smartphone Data: Observational Study.,Ren B; Xia CH; Gehrman P; Barnett I; Satterthwaite T,"BACKGROUND: Irregularities in circadian rhythms have been associated with adverse health outcomes. The regularity of rhythms can be quantified using passively collected smartphone data to provide clinically relevant biomarkers of routine. OBJECTIVE: This study aims to develop a metric to quantify the regularity of activity rhythms and explore the relationship between routine and mood, as well as demographic covariates, in an outpatient psychiatric cohort. METHODS: Passively sensed smartphone data from a cohort of 38 young adults from the Penn or Children's Hospital of Philadelphia Lifespan Brain Institute and Outpatient Psychiatry Clinic at the University of Pennsylvania were fitted with 2-state continuous-time hidden Markov models representing active and resting states. The regularity of routine was modeled as the hour-of-the-day random effects on the probability of state transition (ie, the association between the hour-of-the-day and state membership). A regularity score, Activity Rhythm Metric, was calculated from the continuous-time hidden Markov models and regressed on clinical and demographic covariates. RESULTS: Regular activity rhythms were associated with longer sleep durations (P=.009), older age (P=.001), and mood (P=.049). CONCLUSIONS: Passively sensed Activity Rhythm Metrics are an alternative to existing metrics but do not require burdensome survey-based assessments. Low-burden, passively sensed metrics based on smartphone data are promising and scalable alternatives to traditional measurements.",2022,Sep,JMIR Form Res,6,9,e33890,,10.2196/33890,36103225,#336,Ren 2022,"",""
Shift in Social Media App Usage During COVID-19 Lockdown and Clinical Anxiety Symptoms: Machine Learning-Based Ecological Momentary Assessment Study.,Ryu J; Sükei E; Norbury A; H Liu S; Campaña-Montes JJ; Baca-Garcia E; Artés A; Perez-Rodriguez MM,"BACKGROUND: Anxiety symptoms during public health crises are associated with adverse psychiatric outcomes and impaired health decision-making. The interaction between real-time social media use patterns and clinical anxiety during infectious disease outbreaks is underexplored. OBJECTIVE: We aimed to evaluate the usage pattern of 2 types of social media apps (communication and social networking) among patients in outpatient psychiatric treatment during the COVID-19 surge and lockdown in Madrid, Spain and their short-term anxiety symptoms (7-item General Anxiety Disorder scale) at clinical follow-up. METHODS: The individual-level shifts in median social media usage behavior from February 1 through May 3, 2020 were summarized using repeated measures analysis of variance that accounted for the fixed effects of the lockdown (prelockdown versus postlockdown), group (clinical anxiety group versus nonclinical anxiety group), the interaction of lockdown and group, and random effects of users. A machine learning-based approach that combined a hidden Markov model and logistic regression was applied to predict clinical anxiety (n=44) and nonclinical anxiety (n=51), based on longitudinal time-series data that comprised communication and social networking app usage (in seconds) as well as anxiety-associated clinical survey variables, including the presence of an essential worker in the household, worries about life instability, changes in social interaction frequency during the lockdown, cohabitation status, and health status. RESULTS: Individual-level analysis of daily social media usage showed that the increase in communication app usage from prelockdown to lockdown period was significantly smaller in the clinical anxiety group than that in the nonclinical anxiety group (F(1,72)=3.84, P=.05). The machine learning model achieved a mean accuracy of 62.30% (SD 16%) and area under the receiver operating curve 0.70 (SD 0.19) in 10-fold cross-validation in identifying the clinical anxiety group. CONCLUSIONS: Patients who reported severe anxiety symptoms were less active in communication apps after the mandated lockdown and more engaged in social networking apps in the overall period, which suggested that there was a different pattern of digital social behavior for adapting to the crisis. Predictive modeling using digital biomarkers-passive-sensing of shifts in category-based social media app usage during the lockdown-can identify individuals at risk for psychiatric sequelae.",2021,Sep,JMIR Ment Health,8,9,e30833,,10.2196/30833,34524091,#348,Ryu 2021,"",""
Forecasting mental states in schizophrenia using digital phenotyping data.,Jean T; Guay Hottin R; Orban P,"The promise of machine learning successfully exploiting digital phenotyping data to forecast mental states in psychiatric populations could greatly improve clinical practice. Previous research focused on binary classification and continuous regression, disregarding the often ordinal nature of prediction targets derived from clinical rating scales. In addition, mental health ratings typically show important class imbalance or skewness that need to be accounted for when evaluating predictive performance. Besides it remains unclear which machine learning algorithm is best suited for forecast tasks, the eXtreme Gradient Boosting (XGBoost) and long short-term memory (LSTM) algorithms being 2  popular choices in digital phenotyping studies. The CrossCheck dataset includes 6,364 mental state surveys using 4-point ordinal rating scales and 23,551 days of smartphone sensor data contributed by patients with schizophrenia. We trained 120 machine learning models to forecast 10 mental states (e.g., Calm, Depressed, Seeing things) from passive sensor data on 2 predictive tasks (ordinal regression, binary classification) with 2 learning algorithms (XGBoost, LSTM) over 3 forecast horizons (same day, next day, next week). A majority of ordinal regression and binary classification models performed significantly above baseline, with macro-averaged mean absolute error values between 1.19 and 0.77, and balanced accuracy between 58% and 73%, which corresponds to similar levels of performance when these metrics are scaled. Results also showed that metrics that do not account for imbalance (mean absolute error, accuracy) systematically overestimated performance, XGBoost models performed on par with or better than LSTM models, and a significant yet very small decrease in performance was observed as the forecast horizon expanded. In conclusion, when using performance metrics that properly account for class imbalance, ordinal forecast models demonstrated comparable performance to the prevalent binary classification approach without losing valuable clinical information from self-reports, thus providing richer and easier to interpret predictions.",2025,Feb,PLOS Digit Health,4,2,e0000734,,10.1371/journal.pdig.0000734,39919138,#369,Jean 2025,"",""
Uncovering Social States in Healthy and Clinical Populations Using Digital Phenotyping and Hidden Markov Models: Observational Study.,Leaning IE; Costanzo A; Jagesar R; Reus LM; Visser PJ; Kas MJH; Beckmann CF; Ruhé HG; Marquand AF,"BACKGROUND: Brain-related disorders are characterized by observable behavioral symptoms, for example, social withdrawal. Smartphones can passively collect behavioral data reflecting digital activities such as communication app usage and calls. These data are collected objectively in real time, avoiding recall bias, and may, therefore, be a useful tool for measuring behaviors related to social functioning. Despite promising clinical utility, analyzing smartphone data is challenging as datasets often include a range of temporal features prone to missingness. OBJECTIVE: Hidden Markov models (HMMs) provide interpretable, lower-dimensional temporal representations of data, allowing for missingness. This study aimed to investigate the HMM as a method for modeling smartphone time series data. METHODS: We applied an HMM to an aggregate dataset of smartphone measures designed to assess phone-related social functioning in healthy controls (HCs) and participants with schizophrenia, Alzheimer disease (AD), and memory complaints. We trained the HMM on a subset of HCs (91/348, 26.1%) and selected a model with socially active and inactive states. Then, we generated hidden state sequences per participant and calculated their ""total dwell time,"" that is, the percentage of time spent in the socially active state. Linear regression models were used to compare the total dwell time to social and clinical measures in a subset of participants with available measures, and logistic regression was used to compare total dwell times between diagnostic groups and HCs. We primarily reported results from a 2-state HMM but also verified results in HMMs with more hidden states and trained on the whole participant dataset. RESULTS: We identified lower total dwell times in participants with AD (26/257, 10.1%) versus withheld HCs (156/257, 60.7%; odds ratio 0.95, 95% CI 0.92-0.97; false discovery rate [FDR]-corrected P<.001), as well as in participants with memory complaints (57/257, 22.2%; odds ratio 0.97, 95% CI 0.96-0.99; FDR-corrected P=.004). The result in the AD group was very robust across HMM variations, whereas the result in the memory complaints group was less robust. We also observed an interaction between the AD group and total dwell time when predicting social functioning (FDR-corrected P=.02). No significant relationships regarding total dwell time were identified for participants with schizophrenia (18/257, 7%; P>.99). CONCLUSIONS: We found the HMM to be a practical, interpretable method for digital phenotyping analysis, providing an objective phenotype that is a possible indicator of social functioning.",2025,Apr,J Med Internet Res,27,,e64007,,10.2196/64007,40294408,#420,Leaning 2025,"",""
Associations between smartphone GPS data and changes in psychological health and burden outcomes among family caregivers and patients with advanced cancer: an exploratory longitudinal cohort study,"Odom, J.N.; Lee, K.; Harrell, E.R.; Watts, K.A.; Bechthold, A.C.; Engler, S.; Puga, F.; Bibriescas, N.; Kamal, A.H.; Ritchie, C.S.; Demiris, G.; Wright, A.A.; Bakitas, M.A.; Azuero, A.","Background: Managing advanced cancer can be psychologically distressing and burdensome for family caregivers and their care recipients. Innovations in the collection and modelling of passive data from personally-owned smartphones (e.g., GPS), called digital phenotyping, may afford the possibility of remotely monitoring and detecting distress and burden. We explored the potential of using passively-collected GPS data from smartphones to assess and predict caregiver and patient distress and burden. Methods: This exploratory longitudinal cohort study enrolled smartphone-owning family caregiver and patient participants with advanced cancer (August 2021-July 2023) recruited via an oncology clinic or self-referral through Facebook. Participants downloaded a digital phenotyping research app, called Beiwe, that passively collected GPS data for 24 weeks. Participants completed self-report measures (PROs) of anxiety and depressive symptoms (Hospital Anxiety and Depression Scale [HADS]), mental health (PROMIS Mental Health), and caregiver burden (Montgomery-Borgatta Caregiver Burden scale) at baseline and every 6 weeks for 24 weeks. After pre-processing raw GPS data into daily GPS features (e.g., time spent at home, distance traveled/day), computing biweekly moving averages and standard deviations, and conducting a principal components analysis (PCA) of the resulting variables, within-person regression models were used to assess associations between changes in PRO measures and changes in PCA scores, with adjusted-R2 as the measure of effect size (small = 0.02, medium = 0.13, large = 0.26). Results: Evaluable data were collected from 48 participants (family caregivers = 32; patients = 16). Caregiver smartphone data explained small-to-medium variance in caregiver anxiety (0.06), depression (0.15), and mental health (0.07). Patient smartphone data predicted small to medium variance in caregiver depressive symptoms (0.12) and burden (0.05). Combined caregiver and patient smartphone data explained small variance in caregiver depressive (0.02) and anxiety symptoms (0.10) and large variance for PROMIS-mental health (0.36) and burden (0.50). For patient outcomes, caregiver smartphone data accounted for small variance in anxiety symptoms (0.07); patient smartphone data predicted large variance in anxiety symptoms (0.24). Combined data explained medium variance in patient depressive symptoms (0.18). Conclusions: The exploratory study demonstrates the potential predictive utility of using passive smartphone data to detect changes in caregiver and patient psychological distress and burden. A larger study is needed to validate these findings and further explore the clinical application of digital phenotyping in cancer. © The Author(s) 2025.",2025,,BMC Cancer,25,1,,,10.1186/s12885-025-14009-y,,#2436,Odom 2025,"",""
Mental Health and Mobile Communication Profiles of Crowdsourced Participants,"Tlachac, M.L.; Heinz, M.","Major Depressive Disorder (MDD) and Generalized Anxiety Disorder (GAD) are highly prevalent and burdensome. To increase mental health screening rates, the digital health research community has been exploring the ability to augment self reporting instruments with digital logs. Crowdsourced workers are being increasingly recruited for behavioral health research studies as demographically representative samples are desired for later translational applications. Overshadowed by predictive modeling, descriptive modeling has the ability to expand knowledge and understanding of the clinical generalizability of models trained on data from crowdsourced participants. In this study, we identify mobile communication profiles of a crowdsourced sample. To achieve this, we cluster features derived from time series of call and text logs. The psychiatric, behavioral, and demographic characteristics were notably different across the four identified mobile communication profiles. For example, the profile that had the lowest average depression and anxiety screening scores only shared incoming text logs. This cluster had statistically significantly different depression and anxiety screening scores in comparison to the cluster that shared the most outgoing text logs. These profiles expose important insights regarding the generalizability of crowdsourced samples to more general clinical populations and increase understanding regarding the limitations of crowdsourced samples for translational mental health research.  © 2013 IEEE.",2024,,IEEE J. Biomedical Health Informat.,28,12,7683-7692,,10.1109/JBHI.2024.3436654,,#2590,Tlachac 2024,"",""
Depression Detection Through Smartphone Sensing: A Federated Learning Approach,"Tabassum, N.; Ahmed, M.; Shorna, N.J.; Sowad, M.M.U.R.; Haque, H.M.Z.","Depression is one of the most common mental health disorders which affects thousands of lives worldwide. The variation of depressive symptoms among individuals makes it difficult to detect and diagnose early. Moreover, the diagnosing procedure relies heavily on human intervention, making it prone to mistakes. Previous research shows that smartphone sensor data correlates to the users’ mental conditions. By applying machine learning algorithms to sensor data, the mental health status of a person can be predicted. However, traditional machine learning faces privacy challenges as it involves gathering patient data for training. Newly, federated learning has emerged as an effective solution for addressing the privacy issues of classical machine learning. In this study, we apply federated learning to predict depression severity using smartphone sensing capabilities. We develop a deep neural network model and measure its performance in centralized and federated learning settings. The results are quite promising, which validates the potential of federated learning as an alternative to traditional machine learning, with the added benefit of data privacy. © 2022,International Journal of Interactive Mobile Technologies. All Rights Reserved.",2023,,Int. J. Interact. Mob. Technol.,17,1,40-56,,10.3991/ijim.v17i01.35131,,#2617,Tabassum 2023,"",""
Mood ratings and digital biomarkers from smartphone and wearable data differentiates and predicts depression status: A longitudinal data analysis,"Opoku Asare, K.; Moshe, I.; Terhorst, Y.; Vega, J.; Hosio, S.; Baumeister, H.; Pulkki-Råback, L.; Ferreira, D.","Depression is a prevalent mental disorder. Current clinical and self-reported assessment methods of depression are laborious and incur recall bias. Their sporadic nature often misses severity fluctuations. Previous research highlights the potential of in-situ quantification of human behaviour using mobile sensors to augment traditional methods of depression management. In this paper, we study whether self-reported mood scores and passive smartphone and wearable sensor data could be used to classify people as depressed or non-depressed. In a longitudinal study, our participants provided daily mood (valence and arousal) scores and collected data using their smartphones and Oura Rings. We computed daily aggregations of mood, sleep, physical activity, phone usage, and GPS mobility from raw data to study the differences between the depressed and non-depressed groups and created population-level Machine Learning classification models of depression. We found statistically significant differences in GPS mobility, phone usage, sleep, physical activity and mood between depressed and non-depressed groups. An XGBoost model with daily aggregations of mood and sensor data as predictors classified participants with an accuracy of 81.43% and an Area Under the Curve of 82.31%. A Support Vector Machine using only sensor-based predictors had an accuracy of 77.06% and an Area Under the Curve of 74.25%. Our results suggest that digital biomarkers are promising in differentiating people with and without depression symptoms. This study contributes to the body of evidence supporting the role of unobtrusive mobile sensor data in understanding depression and its potential to augment depression diagnosis and monitoring. © 2022 The Author(s)",2022,,Pervasive Mob. Comput.,83,,,,10.1016/j.pmcj.2022.101621,,#2727,OpokuAsare 2022,"",""
Digital Shift: Assessment of Mental States Through Passive Mobile Sensing,"Krajchevska, E.; Petreska, N.; Handjiski, O.; Andovska, S.; Ilijoski, B.; Lameski, P.; Ribarski, P.; Tojtovska, B.","Stress remains a prevalent risk factor associated with various diseases. As humanity enters a stage of enforced confinement as a response to the recent pandemic, cases of anxiety, stress, insomnia and depression begin to skyrocket thus, exposing a darker social scenery that challenges our well-being and overall mental state. Motivated by the recent research in the area of mental health assessment, we investigate ways of using ensemble learning methods applied to mobile sensing data for estimating user’s stress levels. A growing number of sensors embedded in smartphones have resulted in the birth of the mobile sensing research area while at the same time providing plenty of possibilities for mobile applications designed for helping and changing the way of our living. In addition to stress levels prediction, tracking of mood is also included by the utilization of an emotion classifier. Both solutions are incorporated as functionalities of a mobile application which we describe in greater detail further. Accurate and efficient assessment of stress levels in a timely manner could greatly help the administration of proper measures for mental health improvement. © 2022, Springer Nature Switzerland AG.",2022,,Commun. Comput. Info. Sci.,1521 CCIS,,198-220,,10.1007/978-3-031-04206-5_15,,#2765,Krajchevska 2022,"",""
Assessment of bipolar disorder using heterogeneous data of smartphone-based digital phenotyping,"Su, H.-Y.; Wu, C.-H.; Liou, C.-R.; Lin, E.C.-L.; Chen, P.S.","In mental health disorder, Bipolar Disorder (BD) is one of the most common mental illness. Using rating scales for assessment is one of the approaches for diagnosing and tracking BD patients. However, the requirement for manpower and time is heavy in the process of evaluation. In order to reduce the cost of social and medical resources, this study collects the user’s data by the App on smartphones, consisting of location data (GPS), self-report scales, daily mood, sleeping time and records of multi-media (text, speech, video) which are heterogeneous digital phenotyping data, to build a database. The features of each heterogeneous digital phenotyping data are extracted independently. Lasso Regression and ElasticNet Regression methods are employed to predict the score of Hamilton Depression Rating Scale (HAM-D) and Young Mania Rating Scale (YMRS), as a reference for the evaluation of BD. As incomplete and missing data are very common in medical research, the ensemble method is adopted to combine the results from different models trained with different combinations of missing data. The collected heterogeneous digital phenotyping data from 84 BD patients were used for training and evaluation of the proposed approach based on five-fold cross validation method. Experimental results show that the performance of the assessment system using the proposed method are encouraging. © 2021 IEEE",2021,,ICASSP IEEE Int Conf Acoust Speech Signal Process Proc,2021-June,,4260-4264,,10.1109/ICASSP39728.2021.9415008,,#2825,Su 2021,"",""
Depression screening using mobile phone usage metadata: a machine learning approach,"Razavi, R.; Gharipour, A.; Gharipour, M.","Objective: Depression is currently the second most significant contributor to non-fatal disease burdens globally. While it is treatable, depression remains undiagnosed in many cases. As mobile phones have now become an integral part of daily life, this study examines the possibility of screening for depressive symptoms continuously based on patients' mobile usage patterns. Materials and Methods: 412 research participants reported a range of their mobile usage statistics. Beck Depression Inventory - 2nd ed (BDI-II) was used to measure the severity of depression among participants. A wide array of machine learning classification algorithms was trained to detect participants with depression symptoms (ie, BDI-II score ≥ 14). The relative importance of individual variables was additionally quantified. Results: Participants with depression were found to have fewer saved contacts on their devices, spend more time on their mobile devices to make and receive fewer and shorter calls, and send more text messages than participants without depression. The best model was a random forest classifier, which had an out-of-sample balanced accuracy of 0.768. The balanced accuracy increased to 0.811 when participants' age and gender were included. Discussions/Conclusion: The significant predictive power of mobile usage attributes implies that, by collecting mobile usage statistics, mental health mobile applications can continuously screen for depressive symptoms for initial diagnosis or for monitoring the progress of ongoing treatments. Moreover, the input variables used in this study were aggregated mobile usage metadata attributes, which has low privacy sensitivity making it more likely for patients to grant required application permissions.  © The Author(s) 2020",2020,,J. Am. Med. Informatics Assoc.,27,4,522-530,,10.1093/jamia/ocz221,,#2893,Razavi 2020,"",""
Digital Phenotyping Data to Predict Symptom Improvement and Mental Health App Personalization in College Students: Prospective Validation of a Predictive Model,"Currey, Danielle; Torous, John","Background: Mental health apps offer a transformative means to increase access to scalable evidence-based care for college students. Yet low rates of engagement currently preclude the effectiveness of these apps. One promising solution is to make these apps more responsive and personalized through digital phenotyping methods able to predict symptoms and offer tailored interventions.Objective: Following our protocol and using the exact model shared in that paper, our primary aim in this study is to assess the prospective validity of mental health symptom prediction using the mindLAMP app through a replication study. We also explored secondary aims around app intervention personalization and correlations of engagement with the Technology Acceptance Model (TAM) and Digital Working Alliance Inventory scale in the context of automating the study.Methods: The study was 28 days in duration and followed the published protocol, with participants collecting digital phenotyping data and being offered optional scheduled and algorithm-recommended app interventions. Study compensation was tied to the completion of weekly surveys and was not otherwise tied to engagement or use of the app.Results: The data from 67 participants were used in this analysis. The area under the curve values for the symptom prediction model ranged from 0.58 for the UCLA Loneliness Scale to 0.71 for the Patient Health Questionnaire-9. Engagement with the scheduled app interventions was high, with a study mean of 73%, but few participants engaged with the optional recommended interventions. The perceived utility of the app in the TAM was higher (P=.01) among those completing at least one recommended intervention.Conclusions: Our results suggest how digital phenotyping methods can be used to create generalizable models that may help create more personalized and engaging mental health apps. Automating studies is feasible, and our results suggest targets to increase engagement in future studies.",2023,,JOURNAL OF MEDICAL INTERNET RESEARCH,25,,,WOS:001007152100001,10.2196/39258,,#3067,Currey 2023,"",""
MHDeep: Mental Health Disorder Detection System Based on Wearable Sensors and Artificial Neural Networks,"Hassantabar, Shayan; Zhang, Joe; Yin, Hongxu; Jha, Niraj K.","Mental health problems impact the quality of life of millions of people around the world. However, diagnosis of mental health disorders is a challenging problem that often relies on self-reporting by patients about their behavioral patterns and social interactions. Therefore, there is a need for new strategies for diagnosis and daily monitoring of mental health conditions. The recent introduction of body-area networks consisting of a plethora of accurate sensors embedded in smartwatches and smartphones and edge-compatible deep neural networks (DNNs) points toward a possible solution. Such wearable medical sensors (WMSs) enable continuous monitoring of physiological signals in a passive and non-invasive manner. However, disease diagnosis based on WMSs and DNNs, and their deployment on edge devices, such as smartphones, remains a challenging problem. These challenges stem from the difficulty of feature engineering and knowledge distillation from the raw sensor data, as well as the computational and memory constraints of battery-operated edge devices. To this end, we propose a framework called MHDeep that utilizes commercially available WMSs and efficient DNN models to diagnose three important mental health disorders: schizoaffective, major depressive, and bipolar. MHDeep uses eight different categories of data obtained from sensors integrated in a smartwatch and smartphone. These categories include various physiological signals and additional information on motion patterns and environmental variables related to the wearer. MHDeep eliminates the need for manual feature engineering by directly operating on the data streams obtained from participants. Because the amount of data is limited, MHDeep uses a synthetic data generation module to augment real data with synthetic data drawn from the same probability distribution. We use the synthetic dataset to pre-train the weights of the DNN models, thus imposing a prior on the weights. We use a grow-and-prune DNN synthesis approach to learn both architecture and weights during the training process. We use three different data partitions to evaluate the MHDeep models trained with data collected from 74 individuals. We conduct two types of evaluations: at the data instance level and at the patient level. MHDeep achieves an average test accuracy, across the three data partitions, of 90.4%, 87.3%, and 82.4%, respectively, for classifications between healthy and schizoaffective disorder instances, healthy and major depressive disorder instances, and healthy and bipolar disorder instances. At the patient level, MHDeep DNN models achieve an accuracy of 100%, 100%, and 90.0% for the three mental health disorders, respectively, based on inference that uses 40, 16, and 22 minutes of sensor data collection from each patient.",2022,,ACM TRANSACTIONS ON EMBEDDED COMPUTING SYSTEMS,21,6,,WOS:000895635900015,10.1145/3527170,,#3071,Hassantabar 2022,"",""
"Recognizing Academic Performance, Sleep Quality, Stress Level, and Mental Health using Personality Traits, Wearable Sensors and Mobile Phones.","Sano, Akane; Phillips, Andrew J; Yu, Amy Z; McHill, Andrew W; Taylor, Sara; Jaques, Natasha; Czeisler, Charles A; Klerman, Elizabeth B; Picard, Rosalind W","What can wearable sensors and usage of smart phones tell us about academic performance, self-reported sleep quality, stress and mental health condition? To answer this question, we collected extensive subjective and objective data using mobile phones, surveys, and wearable sensors worn day and night from 66 participants, for 30 days each, totaling 1,980 days of data. We analyzed daily and monthly behavioral and physiological patterns and identified factors that affect academic performance (GPA), Pittsburg Sleep Quality Index (PSQI) score, perceived stress scale (PSS), and mental health composite score (MCS) from SF-12, using these month-long data. We also examined how accurately the collected data classified the participants into groups of high/low GPA, good/poor sleep quality, high/low self-reported stress, high/low MCS using feature selection and machine learning techniques. We found associations among PSQI, PSS, MCS, and GPA and personality types. Classification accuracies using the objective data from wearable sensors and mobile phones ranged from 67-92%.",2015,,... International Conference on Wearable and Implantable Body Sensor Networks. International Conference on Wearable and Implantable Body Sensor Networks,2015,,,MEDLINE:28516162,10.1109/BSN.2015.7299420,,#3093,Sano 2015,"",""
Identifying Objective Physiological Markers and Modifiable Behaviors for Self-Reported Stress and Mental Health Status Using Wearable Sensors and Mobile Phones: Observational Study,"Sano, Akane; Taylor, Sara; McHill, Andrew W.; Phillips, Andrew J. K.; Barger, Laura K.; Klerman, Elizabeth; Picard, Rosalind","Background: Wearable and mobile devices that capture multimodal data have the potential to identify risk factors for high stress and poor mental health and to provide information to improve health and well-being.Objective: We developed new tools that provide objective physiological and behavioral measures using wearable sensors and mobile phones, together with methods that improve their data integrity. The aim of this study was to examine, using machine learning, how accurately these measures could identify conditions of self-reported high stress and poor mental health and which of the underlying modalities and measures were most accurate in identifying those conditions.Methods: We designed and conducted the 1-month SNAPSHOT study that investigated how daily behaviors and social networks influence self-reported stress, mood, and other health or well-being-related factors. We collected over 145,000 hours of data from 201 college students (age: 18-25 years, male: female=1.8:1) at one university, all recruited within self-identified social groups. Each student filled out standardized pre-and postquestionnaires on stress and mental health; during the month, each student completed twice-daily electronic diaries (e-diaries), wore two wrist-based sensors that recorded continuous physical activity and autonomic physiology, and installed an app on their mobile phone that recorded phone usage and geolocation patterns. We developed tools to make data collection more efficient, including data-check systems for sensor and mobile phone data and an e-diary administrative module for study investigators to locate possible errors in the e-diaries and communicate with participants to correct their entries promptly, which reduced the time taken to clean e-diary data by 69%. We constructed features and applied machine learning to the multimodal data to identify factors associated with self-reported poststudy stress and mental health, including behaviors that can be possibly modified by the individual to improve these measures.Results: We identified the physiological sensor, phone, mobility, and modifiable behavior features that were best predictors for stress and mental health classification. In general, wearable sensor features showed better classification performance than mobile phone or modifiable behavior features. Wearable sensor features, including skin conductance and temperature, reached 78.3% (148/189) accuracy for classifying students into high or low stress groups and 87% (41/47) accuracy for classifying high or low mental health groups. Modifiable behavior features, including number of naps, studying duration, calls, mobility patterns, and phone-screen-on time, reached 73.5% (139/189) accuracy for stress classification and 79% (37/47) accuracy for mental health classification.Conclusions: New semiautomated tools improved the efficiency of long-term ambulatory data collection from wearable and mobile devices. Applying machine learning to the resulting data revealed a set of both objective features and modifiable behavioral features that could classify self-reported high or low stress and mental health groups in a college student population better than previous studies and showed new insights into digital phenotyping.",2018,,JOURNAL OF MEDICAL INTERNET RESEARCH,20,6,,WOS:000434655400001,10.2196/jmir.9410,,#3114,Sano 2018,"",""
Towards Digital Phenotyping for Relapse Prediction in Schizophrenia,"Torous, John; Barnett, Ian; Staples, Patrick; Sandoval, Luis; Onella, J. P.; Keshavan, Matcheri",,2018,,EARLY INTERVENTION IN PSYCHIATRY,12,,40-40,WOS:000444798900116,,,#3122,Torous 2018,"Anoop Kadan (2025-08-22 00:19:37)(Screen): Among individuals diagnosed, hospitalized, and treated for schizophrenia, up to 40% of those discharged may relapse within 1 year even with appropriate treatment. Passively collected smartphone behavioral data present a scalable and at present underutilized opportunity to monitor patients in order to identify possible warning signs of relapse. Seventeen patients with schizophrenia in active treatment at a state mental health clinic in Boston used the Beiwe app on their personal smartphone for up to 3 months. By testing for changes in mobility patterns and social behavior over time as measured through smartphone use, we were able to identify statistically significant anomalies in patient behavior in the days prior to relapse. We found that the rate of behavioral anomalies detected in the 2 weeks prior to relapse was 71% higher than the rate of anomalies during other time periods. Our findings show how passive smartphone data, data collected in the background during regular phone use without active input from the subjects, can provide an unprecedented and detailed view into patient behavior outside the clinic. Real-time detection of behavioral anomalies could signal the need for an intervention before an escalation of symptoms and relapse occur, therefore reducing patient suffering and reducing the cost of care.

doi: https://www.nature.com/articles/s41386-018-0030-z ; ",""
Relapse prediction in schizophrenia through digital phenotyping: a pilot study,"Barnett, Ian; Torous, John; Staples, Patrick; Sandoval, Luis; Keshavan, Matcheri; Onnela, Jukka-Pekka","Among individuals diagnosed, hospitalized, and treated for schizophrenia, up to 40% of those discharged may relapse within 1 year even with appropriate treatment. Passively collected smartphone behavioral data present a scalable and at present underutilized opportunity to monitor patients in order to identify possible warning signs of relapse. Seventeen patients with schizophrenia in active treatment at a state mental health clinic in Boston used the Beiwe app on their personal smartphone for up to 3 months. By testing for changes in mobility patterns and social behavior over time as measured through smartphone use, we were able to identify statistically significant anomalies in patient behavior in the days prior to relapse. We found that the rate of behavioral anomalies detected in the 2 weeks prior to relapse was 71% higher than the rate of anomalies during other time periods. Our findings show how passive smartphone data, data collected in the background during regular phone use without active input from the subjects, can provide an unprecedented and detailed view into patient behavior outside the clinic. Real-time detection of behavioral anomalies could signal the need for an intervention before an escalation of symptoms and relapse occur, therefore reducing patient suffering and reducing the cost of care.",2018,,NEUROPSYCHOPHARMACOLOGY,43,8,1660-1666,WOS:000435633100006,10.1038/s41386-018-0030-z,,#3127,Barnett 2018,"",""
Mood Prediction of Patients With Mood Disorders by Machine Learning Using Passive Digital Phenotypes Based on the Circadian Rhythm: Prospective Observational Cohort Study,"Cho, Chul-Hyun; Lee, Taek; Kim, Min-Gwan; In, Hoh Peter; Kim, Leen; Lee, Heon-Jeong","Background: Virtually, all organisms on Earth have their own circadian rhythm, and humans are no exception. Circadian rhythms are associated with various human states, especially mood disorders, and disturbance of the circadian rhythm is known to be very closely related. Attempts have also been made to derive clinical implications associated with mood disorders using the vast amounts of digital log that is acquired by digital technologies develop and using computational analysis techniques.Objective: This study was conducted to evaluate the mood state or episode, activity, sleep, light exposure, and heart rate during a period of about 2 years by acquiring various digital log data through wearable devices and smartphone apps as well as conventional clinical assessments. We investigated a mood prediction algorithm developed with machine learning using passive data phenotypes based on circadian rhythms.Methods: We performed a prospective observational cohort study on 55 patients with mood disorders (major depressive disorder [MDD] and bipolar disorder type 1 [BD I] and 2 [BD II]) for 2 years. A smartphone app for self-recording daily mood scores and detecting light exposure (using the installed sensor) were provided. From daily worn activity trackers, digital log data of activity, sleep, and heart rate were collected. Passive digital phenotypes were processed into 130 features based on circadian rhythms, and a mood prediction algorithm was developed by random forest.Results: The mood state prediction accuracies for the next 3 days in all patients, MDD patients, BD I patients, and BD II patients were 65%, 65%, 64%, and 65% with 0.7, 0.69, 0.67, and 0.67 area under the curve (AUC) values, respectively. The accuracies of all patients for no episode (NE), depressive episode (DE), manic episode (ME), and hypomanic episode (HME) were 85.3%, 87%, 94%, and 91.2% with 0.87, 0.87, 0.958, and 0.912 AUC values, respectively. The prediction accuracy in BD II patients was distinctively balanced as high showing 82.6%, 74.4%, and 87.5% of accuracy (with generally good sensitivity and specificity) with 0.919, 0.868, and 0.949 AUC values for NE, DE, and HME, respectively.Conclusions: On the basis of the theoretical basis of chronobiology, this study proposed a good model for future research by developing a mood prediction algorithm using machine learning by processing and reclassifying digital log data. In addition to academic value, it is expected that this study will be of practical help to improve the prognosis of patients with mood disorders by making it possible to apply actual clinical application owing to the rapid expansion of digital technology.",2019,,JOURNAL OF MEDICAL INTERNET RESEARCH,21,4,,WOS:000465551400001,10.2196/11029,,#3133,Cho 2019,"",""
"Relapse prediction in schizophrenia with smartphone digital phenotyping during COVID-19: a prospective, three-site, two-country, longitudinal study","Cohen, Asher; Naslund, John A.; Chang, Sarah; Nagendra, Srilakshmi; Bhan, Anant; Rozatkar, Abhijit; Thirthalli, Jagadisha; Bondre, Ameya; Tugnawat, Deepak; Reddy, Preethi V.; Dutt, Siddharth; Choudhary, Soumya; Chand, Prabhat Kumar; Patel, Vikram; Keshavan, Matcheri; Joshi, Devayani; Mehta, Urvakhsh Meherwan; Torous, John","Smartphone technology provides us with a more convenient and less intrusive method of detecting changes in behavior and symptoms that typically precede schizophrenia relapse. To take advantage of the aforementioned, this study examines the feasibility of predicting schizophrenia relapse by identifying statistically significant anomalies in patient data gathered through mindLAMP, an open-source smartphone app. Participants, recruited in Boston, MA in the United States, and Bangalore and Bhopal in India, were invited to use mindLAMP for up to a year. The passive data (geolocation, accelerometer, and screen state), active data (surveys), and data quality metrics collected by the app were then retroactively fed into a relapse prediction model that utilizes anomaly detection. Overall, anomalies were 2.12 times more frequent in the month preceding a relapse and 2.78 times more frequent in the month preceding and following a relapse compared to intervals without relapses. The anomaly detection model incorporating passive data proved a better predictor of relapse than a naive model utilizing only survey data. These results demonstrate that relapse prediction models utilizing patient data gathered by a smartphone app can warn the clinician and patient of a potential schizophrenia relapse.",2023,,SCHIZOPHRENIA,9,1,,WOS:000918625400001,10.1038/s41537-023-00332-5,,#3136,Cohen 2023,"",""
Machine learning for passive mental health symptom prediction: Generalization across different longitudinal mobile sensing studies,"Adler, Daniel A.; Wang, Fei; Mohr, David C.; Choudhury, Tanzeem","Mobile sensing data processed using machine learning models can passively and remotely assess mental health symptoms from the context of patients' lives. Prior work has trained models using data from single longitudinal studies, collected from demographically homogeneous populations, over short time periods, using a single data collection platform or mobile application. The generalizability of model performance across studies has not been assessed. This study presents a first analysis to understand if models trained using combined longitudinal study data to predict mental health symptoms generalize across current publicly available data. We combined data from the CrossCheck (individuals living with schizophrenia) and StudentLife (university students) studies. In addition to assessing generalizability, we explored if personalizing models to align mobile sensing data, and oversampling less-represented severe symptoms, improved model performance. Leave-one-subject-out cross-validation (LOSO-CV) results were reported. Two symptoms (sleep quality and stress) had similar question-response structures across studies and were used as outcomes to explore cross-dataset prediction. Models trained with combined data were more likely to be predictive (significant improvement over predicting training data mean) than models trained with single-study data. Expected model performance improved if the distance between training and validation feature distributions decreased using combined versus single-study data. Personalization aligned each LOSO-CV participant with training data, but only improved predicting CrossCheck stress. Oversampling significantly improved severe symptom classification sensitivity and positive predictive value, but decreased model specificity. Taken together, these results show that machine learning models trained on combined longitudinal study data may generalize across heterogeneous datasets. We encourage researchers to disseminate collected de-identified mobile sensing and mental health symptom data, and further standardize data types collected across studies to enable better assessment of model generalizability.",2022,,PLOS ONE,17,4,,WOS:000840124300012,10.1371/journal.pone.0266516,,#3191,Adler 2022,"",""
Digital biomarkers of anxiety disorder symptom changes: Personalized deep learning models using smartphone sensors accurately predict anxiety symptoms from ecological momentary assessments,"Jacobson, Nicholas C.; Bhattacharya, Sukanya","Smartphones are capable of passively capturing persons' social interactions, movement patterns, physiological activation, and physical environment. Nevertheless, little research has examined whether momentary anxiety symptoms can be accurately assessed using these methodologies. In this research, we utilize smartphone sensors and personalized deep learning models to predict future anxiety symptoms among a sample reporting clinical anxiety disorder symptoms. Participants (N = 32) with generalized anxiety disorder and/or social anxiety disorder (based on self-report) installed a smartphone application and completed ecological momentary assessment symptoms assessing their anxiety and avoidance symptoms hourly for the course of one week (T = 2007 assessments). During the same period, the smartphone app collected information about physiological activation (heart rate and heart rate variability), exposure to light, social contact, and GPS location. GPS locations were coded to reveal the type of location and the weather information. Personalized deep learning models using the smartphone sensor data were capable of predicting the majority of total variation in anxiety symptoms (R-2 = 0.748) and predicting a large proportion of within-person variation at the hour-by-hour level (mean R-2 = 0.385). These results suggest that personalized deep learning models using smartphone sensor data are capable of accurately predicting future anxiety disorder symptom changes.",2022,,BEHAVIOUR RESEARCH AND THERAPY,149,,,WOS:000788848300002,10.1016/j.brat.2021.104013,,#3549,Jacobson 2022,"",""
FedTherapist: Mental Health Monitoring with User-Generated Linguistic Expressions on Smartphones via Federated Learning,"Shin, Jaemin; Yoon, Hyungjun; Lee, Seungjoo; Park, Sungjoon; Liu, Yunxin; Choi, Jinho D.; Lee, Sung-Ju","Psychiatrists diagnose mental disorders via the linguistic use of patients. Still, due to data privacy, existing passive mental health monitoring systems use alternative features such as activity, app usage, and location via mobile devices. We propose FedTherapist, a mobile mental health monitoring system that utilizes continuous speech and keyboard input in a privacy-preserving way via federated learning. We explore multiple model designs by comparing their performance and overhead for FedTherapist to overcome the complex nature of on-device language model training on smartphones. We further propose a Context-Aware Language Learning (CALL) methodology to effectively utilize smartphones' large and noisy text for mental health signal sensing. Our IRB-approved evaluation of the prediction of selfreported depression, stress, anxiety, and mood from 46 participants shows higher accuracy of FedTherapist compared with the performance with non-language features, achieving 0.15 AUROC improvement and 8.21% MAE reduction.",2023,,2023 CONFERENCE ON EMPIRICAL METHODS IN NATURAL LANGUAGE PROCESSING (EMNLP 2023),,,11971-11988,WOS:001378237103036,,,#3578,Shin 2023,"",""
Group-Personalized Regression Models for Predicting Mental Health Scores From Objective Mobile Phone Data Streams: Observational Study,"Palmius, Niclas; Saunders, Kate E. A.; Carr, Oliver; Geddes, John R.; Goodwin, Guy M.; De Vos, Maarten","Background: Objective behavioral markers of mental illness, often recorded through smartphones or wearable devices, have the potential to transform how mental health services are delivered and to help users monitor their own health. Linking objective markers to illness is commonly performed using population-level models, which assume that everyone is the same. The reality is that there are large levels of natural interindividual variability, both in terms of response to illness and in usual behavioral patterns, as well as intraindividual variability that these models do not consider.Objective: The objective of this study was to demonstrate the utility of splitting the population into subsets of individuals that exhibit similar relationships between their objective markers and their mental states. Using these subsets, ""group-personalized"" models can be built for individuals based on other individuals to whom they are most similar.Methods: We collected geolocation data from 59 participants who were part of the Automated Monitoring of Symptom Severity study at the University of Oxford. This was an observational data collection study. Participants were diagnosed with bipolar disorder (n=20); borderline personality disorder (n=17); or were healthy controls (n=22). Geolocation data were collected using a custom Android app installed on participants' smartphones, and participants weekly reported their symptoms of depression using the 16-item quick inventory of depressive symptomatology questionnaire. Population-level models were built to estimate levels of depression using features derived from the geolocation data recorded from participants, and it was hypothesized that results could be improved by splitting individuals into subgroups with similar relationships between their behavioral features and depressive symptoms. We developed a new model using a Dirichlet process prior for splitting individuals into groups, with a Bayesian Lasso model in each group to link behavioral features with mental illness. The result is a model for each individual that incorporates information from other similar individuals to augment the limited training data available.Results: The new group-personalized regression model showed a significant improvement over population-level models in predicting mental health severity (P<.001). Analysis of subgroups showed that different groups were characterized by different features derived from raw geolocation data.Conclusions: This study demonstrates the importance of handling interindividual variability when developing models of mental illness. Population-level models do not capture nuances in how different individuals respond to illness, and the group-personalized model demonstrates a potential way to overcome these limitations when estimating mental state from objective behavioral features.",2018,,JOURNAL OF MEDICAL INTERNET RESEARCH,20,10,,WOS:000447978700001,10.2196/10194,,#3610,Palmius 2018,"",""
Fairness in Mobile Phone-Based Mental Health Assessment Algorithms: Exploratory Study,"Park, Jinkyung; Arunachalam, Ramanathan; Silenzio, Vincent; Singh, Vivek K.","Background: Approximately 1 in 5 American adults experience mental illness every year. Thus, mobile phone-based mental health prediction apps that use phone data and artificial intelligence techniques for mental health assessment have become increasingly important and are being rapidly developed. At the same time, multiple artificial intelligence-related technologies (eg, face recognition and search results) have recently been reported to be biased regarding age, gender, and race. This study moves this discussion to a new domain: phone-based mental health assessment algorithms. It is important to ensure that such algorithms do not contribute to gender disparities through biased predictions across gender groups.Objective: This research aimed to analyze the susceptibility of multiple commonly used machine learning approaches for gender bias in mobile mental health assessment and explore the use of an algorithmic disparate impact remover (DIR) approach to reduce bias levels while maintaining high accuracy.Methods: First, we performed preprocessing and model training using the data set (N=55) obtained from a previous study. Accuracy levels and differences in accuracy across genders were computed using 5 different machine learning models. We selected the random forest model, which yielded the highest accuracy, for a more detailed audit and computed multiple metrics that are commonly used for fairness in the machine learning literature. Finally, we applied the DIR approach to reduce bias in the mental health assessment algorithm.Results: The highest observed accuracy for the mental health assessment was 78.57%. Although this accuracy level raises optimism, the audit based on gender revealed that the performance of the algorithm was statistically significantly different between the male and female groups (eg, difference in accuracy across genders was 15.85%; P<.001). Similar trends were obtained for other fairness metrics. This disparity in performance was found to reduce significantly after the application of the DIR approach by adapting the data used for modeling (eg, the difference in accuracy across genders was 1.66%, and the reduction is statistically significant with P<.001).Conclusions: This study grounds the need for algorithmic auditing in phone-based mental health assessment algorithms and the use of gender as a protected attribute to study fairness in such settings. Such audits and remedial steps are the building blocks for the widespread adoption of fair and accurate mental health assessment algorithms in the future.",2022,,JMIR FORMATIVE RESEARCH,6,6,,WOS:000854080300027,10.2196/34366,,#3633,Park 2022,"",""
Differential temporal utility of passively sensed smartphone features for depression and anxiety symptom prediction: a longitudinal cohort study.,"Stamatis, Caitlin A; Meyerhoff, Jonah; Meng, Yixuan; Lin, Zhi Chong Chris; Cho, Young Min; Liu, Tony; Karr, Chris J; Liu, Tingting; Curtis, Brenda L; Ungar, Lyle H; Mohr, David C","While studies show links between smartphone data and affective symptoms, we lack clarity on the temporal scale, specificity (e.g., to depression vs. anxiety), and person-specific (vs. group-level) nature of these associations. We conducted a large-scale (n=1013) smartphone-based passive sensing study to identify within- and between-person digital markers of depression and anxiety symptoms over time. Participants (74.6% female; M age=40.9) downloaded the LifeSense app, which facilitated continuous passive data collection (e.g., GPS, app and device use, communication) across 16 weeks. Hierarchical linear regression models tested the within- and between-person associations of 2-week windows of passively sensed data with depression (PHQ-8) or generalized anxiety (GAD-7). We used a shifting window to understand the time scale at which sensed features relate to mental health symptoms, predicting symptoms 2 weeks in the future (distal prediction), 1 week in the future (medial prediction), and 0 weeks in the future (proximal prediction). Spending more time at home relative to one's average was an early signal of PHQ-8 severity (distal beta=0.219, p=0.012) and continued to relate to PHQ-8 at medial (beta=0.198, p=0.022) and proximal (beta=0.183, p=0.045) windows. In contrast, circadian movement was proximally related to (beta=-0.131, p=0.035) but did not predict (distal beta=0.034, p=0.577; medial beta=-0.089, p=0.138) PHQ-8. Distinct communication features (i.e., call/text or app-based messaging) related to PHQ-8 and GAD-7. Findings have implications for identifying novel treatment targets, personalizing digital mental health interventions, and enhancing traditional patient-provider interactions. Certain features (e.g., circadian movement) may represent correlates but not true prospective indicators of affective symptoms. Conversely, other features like home duration may be such early signals of intra-individual symptom change, indicating the potential utility of prophylactic intervention (e.g., behavioral activation) in response to person-specific increases in these signals.",2024,,Npj mental health research,3,1,1-1,MEDLINE:38609548,10.1038/s44184-023-00041-y,,#3763,Stamatis 2024,"",""
"Capturing Rest-Activity Profiles in Schizophrenia Using Wearable and Mobile Technologies: Development, Implementation, Feasibility, and Acceptability of a Remote Monitoring Platform","Meyer, Nicholas; Kerz, Maximilian; Folarin, Amos; Joyce, Dan W.; Jackson, Richard; Karr, Chris; Dobson, Richard; MacCabe, James","Background: There is growing interest in the potential for wearable and mobile devices to deliver clinically relevant information in real-world contexts. However, there is limited information on their acceptability and barriers to long-term use in people living with psychosis.Objective: This study aimed to describe the development, implementation, feasibility, acceptability, and user experiences of the Sleepsight platform, which harnesses consumer wearable devices and smartphones for the passive and unobtrusive capture of sleep and rest-activity profiles in people with schizophrenia living in their homes.Methods: A total of 15 outpatients with a diagnosis of schizophrenia used a consumer wrist-worn device and smartphone to continuously and remotely gather rest-activity profiles over 2 months. Once-daily sleep and self-rated symptom diaries were also collected via a smartphone app. Adherence with the devices and smartphone app, end-of-study user experiences, and agreement between subjective and objective sleep measures were analyzed. Thresholds for acceptability were set at a wear time or diary response rate of 70% or greater.Results: Overall, 14 out of 15 participants completed the study. In individuals with a mild to moderate symptom severity at baseline (mean total Positive and Negative Syndrome Scale score 58.4 [SD 14.4]), we demonstrated high rates of engagement with the wearable device (all participants meeting acceptability criteria), sleep diary, and symptom diary (93% and 86% meeting criteria, respectively), with negative symptoms being associated with lower diary completion rate. The end-of-study usability and acceptability questionnaire and qualitative analysis identified facilitators and barriers to long-term use, and paranoia with study devices was not a significant barrier to engagement. Comparison between sleep diary and wearable estimated sleep times showed good correspondence (rho= 0.50, P<. 001).Conclusions: Extended use of wearable and mobile technologies are acceptable to people with schizophrenia living in a community setting. In the future, these technologies may allow predictive, objective markers of clinical status, including early markers of impending relapse.",2018,,JMIR MHEALTH AND UHEALTH,6,10,,WOS:000448789200001,10.2196/mhealth.8292,,#3765,Meyer 2018,"",""
Links between self-monitoring data collected through smartphones and smartwatches and the individual disease trajectories of adult patients with depressive disorders: Study protocol of a one-year observational trial,"MONDY Consortium; Reich, Hanna; Schreynemackers, Simon; Amin, Rebeka; Ludwig, Sascha; Zippelius, Jil; Leimhofer, Johannes; Dunker, Tobias; Schriewer, Elisabeth; Carell, Angela; Weber, Yvonne; Hegerl, Ulrich","Depression is highly recurrent and heterogenous in its individual course, requiring a personalized treatment approach. Patients today can collect large volumes of personal data via smartphones and smartwatches and may utilize them for their treatment and self-management. We aim to provide proof-of-concept that these data can (i) serve as an objective marker of and (ii) predict the daily and weekly self-reported depression severity within individuals with depressive disorders. In this exploratory study, 15 adult patients with depressive disorders will collect self-report and biosensor data over the course of one year. Participants will (a) attend three in-person appointments (at baseline, 6 months, and 12 months), (b) self-report daily and weekly depressive symptoms, (c) continuously collect sensor data via the ""iTrackDepression"" app on their Android smartphone (app usage, phone calls, phonetic parameters from voice recordings), and (d) wear a Samsung Galaxy Watch 5 (R) to record data from the accelerometer, step sensor, light sensor, and heart rate sensor. We will apply multilevel correlations, vector-autoregressive models, and Machine Learning approaches to identify individual patterns in the data, particularly in the relationships between biosensor data and self-reported depressive symptoms. Enhancing the understanding of individual disease trajectories through data from smartphones and smartwatches could allow for classical, digital, and self-management interventions for depression to be delivered in a manner and at a time specifically tailored to the individual's needs. Clinical trial registration number: DRKS00032618 (https://drks.de/search/en/trial/DRKS00032618)",2025,,CONTEMPORARY CLINICAL TRIALS COMMUNICATIONS,45,,,WOS:001502688700002,10.1016/j.conctc.2025.101492,,#3769,MONDYConsortium 2025,"",""
Predicting Symptoms of Depression and Anxiety Using Smartphone and Wearable Data,"Moshe, Isaac; Terhorst, Yannik; Asare, Kennedy Opoku; Sander, Lasse Bosse; Ferreira, Denzil; Baumeister, Harald; Mohr, David C.; Pulkki-Raback, Laura","Background: Depression and anxiety are leading causes of disability worldwide but often remain undetected and untreated. Smartphone and wearable devices may offer a unique source of data to detect moment by moment changes in risk factors associated with mental disorders that overcome many of the limitations of traditional screening methods.Objective: The current study aimed to explore the extent to which data from smartphone and wearable devices could predict symptoms of depression and anxiety.Methods: A total of N = 60 adults (ages 24-68) who owned an Apple iPhone and Oura Ring were recruited online over a 2-week period. At the beginning of the study, participants installed the Delphi data acquisition app on their smartphone. The app continuously monitored participants' location (using GPS) and smartphone usage behavior (total usage time and frequency of use). The Oura Ring provided measures related to activity (step count and metabolic equivalent for task), sleep (total sleep time, sleep onset latency, wake after sleep onset and time in bed) and heart rate variability (HRV). In addition, participants were prompted to report their daily mood (valence and arousal). Participants completed self-reported assessments of depression, anxiety and stress (DASS-21) at baseline, midpoint and the end of the study.Results: Multilevel models demonstrated a significant negative association between the variability of locations visited and symptoms of depression (beta = -0.21, p = 0.037) and significant positive associations between total sleep time and depression (beta = 0.24, p = 0.023), time in bed and depression (beta = 0.26, p = 0.020), wake after sleep onset and anxiety (beta = 0.23, p = 0.035) and HRV and anxiety (beta = 0.26, p = 0.035). A combined model of smartphone and wearable features and self-reported mood provided the strongest prediction of depression.Conclusion: The current findings demonstrate that wearable devices may provide valuable sources of data in predicting symptoms of depression and anxiety, most notably data related to common measures of sleep.",2021,,FRONTIERS IN PSYCHIATRY,12,,,WOS:000616831400001,10.3389/fpsyt.2021.625247,,#3775,Moshe 2021,"",""
The association between outdoor ambient temperature and depression and mania: An ecological momentary assessment study,"Clery, P.; Hayes, J. F.; Launders, N.; Thompson, R.; Kandola, A.; Osborn, D. P. J.; Lawrance, E. L.; Jeffery, A.; Dykxhoorn, J.","Background: Environmental heat exposure can negatively impact mental health. Evidence for its effect on mood disorder symptoms is inconsistent. Current studies are limited by poor temporal and geographical resolution. Methods: We used ecological momentary assessment (EMA) data from the smartphone app juli to investigate the association between real-time mean and maximum ambient temperature collected from smartphone geolocation, and depressive and manic symptom scales, every two weeks, in adults with depression and bipolar disorder. We used negative binomial mixed-effects regression models, controlled for demographic and weather variables, and stratified by season. Results: We analysed data from 4000 participants with depressive symptom scores and 2132 with manic symptom scores, between 2021 and 2023. We found that each 1 °C increase in mean daily temperature in the preceding two weeks was associated with a 0.2 % reduction in depressive symptom scores (coeff 0.998, 95%CI 0.997–0.999) and a 0.4 % increase in manic symptom scores (coeff 1.004, 95%CI 1.001–1.007). Associations between maximum temperature and symptom scores followed a similar pattern. These findings were context dependent, based on season and individual's normal heat exposure. Limitations: We were unable to capture several socio-demographic covariates, had limited geographical information due to privacy regulations, and included a non-random sample. Conclusions: We found evidence that higher temperatures were associated with increased manic symptoms and decreased depressive symptoms, indicating an important relationship between temperature and the mood disorder continuum. With global heating, there is a need to understand the impact of temperature on mood symptoms, to provide targeted clinical prevention and support. This study demonstrates potential for EMA methods to inform our understanding of these links. (PsycInfo Database Record (c) 2025 APA, all rights reserved)",2025,,Journal of Affective Disorders,379,,457-466,2026-03913-052,10.1016/j.jad.2025.03.046,2026-03913-052,#3829,Clery 2025,"",""
Digital phenotyping data and anomaly detection methods to assess changes in mood and anxiety symptoms across a transdiagnostic clinical sample,"Cohen, Asher; Naslund, John; Lane, Erlend; Bhan, Anant; Rozatkar, Abhijit; Mehta, Urvakhsh Meherwan; Vaidyam, Aditya; Byun, Andrew (Jin Soo); Barnett, Ian; Torous, John","Introduction: Clinical assessment of mood and anxiety change often relies on clinical assessment or self‐reported scales. Using smartphone digital phenotyping data and resulting markers of behavior (e.g., sleep) to augment clinical symptom scores offers a scalable and potentially more valid method to understand changes in patients' state. This paper explores the potential of using a combination of active and passive sensors in the context of smartphone‐based digital phenotyping to assess mood and anxiety changes in two distinct cohorts of patients to assess the preliminary reliability and validity of this digital phenotyping method. Methods: Participants from two different cohorts, each n = 76, one with diagnoses of depression/anxiety and the other schizophrenia, utilized mindLAMP to collect active data (e.g., surveys on mood/anxiety), along with passive data consisting of smartphone digital phenotyping data (geolocation, accelerometer, and screen state) for at least 1 month. Using anomaly detection algorithms, we assessed if statistical anomalies in the combination of active and passive data could predict changes in mood/anxiety scores as measured via smartphone surveys. Results: The anomaly detection model was reliably able to predict symptom change of 4 points or greater for depression as measured by the PHQ‐9 and anxiety as measured for the GAD‐8 for both patient populations, with an area under the ROC curve of 0.65 and 0.80 for each respectively. For both PHQ‐9 and GAD‐7, these AUCs were maintained when predicting significant symptom change at least 7 days in advance. Active data alone predicted around 52% and 75% of the symptom variability for the depression/anxiety and schizophrenia populations respectively. Conclusion: These results indicate the feasibility of anomaly detection for predicting symptom change in transdiagnostic cohorts. These results across different patient groups, different countries, and different sites (India and the US) suggest anomaly detection of smartphone digital phenotyping data may offer a reliable and valid approach to predicting symptom change. Future work should emphasize prospective application of these statistical methods. (PsycInfo Database Record (c) 2025 APA, all rights reserved)",2025,,Acta Psychiatrica Scandinavica,151,3,388-400,2024-89081-001,10.1111/acps.13712,2024-89081-001,#3842,Cohen 2025,"",""
Digital phenotyping of social functioning and employment in people with schizophrenia: Pilot data from an international sample,"Lane, Erlend; Gray, Lucy; Kimhy, David; Jeste, Dilip; Torous, John","Aim Individuals living with schizophrenia experience significant impairments in social functioning. As a major clinical outcome, social functioning requires appropriate measurement tools that can capture its dynamic nature. Digital phenotyping, using smartphone technology to collect high volume ecologically valid data, can potentially capture these facets. We investigated the viability of digital data, such as GPS, Accelerometer, and screen activation as a proxy for common social functioning measurements. Methods We used an ordinary least squares linear regression approach to compare the performance of digital signals with the performance of past social functioning scale (SFS) scores for predicting current SFS scores and subdomain values in 62 individuals with schizophrenia using smartphone and clinical assessments over the course of a year. The outcome of interest was the current SFS, for which we compared the capacity of the digital data (active and passive), and prior SFS scores to predict SFS scores. Results Overall, the sub‐scale models in order of performance (measured by RMSE score) were: (i) employment, (ii) social engagement, (iii) interpersonal behavior, (iv) recreation, (v) prosocial activities, (vii) performance, and (vii) competence. Digital data were particularly capable of predicting subdomain scores for employment (R2 = 0.746, Mean Squared Error (MSE) = 1.663) and social engagement (R2 = 0.710, MSE = 2.318). Conclusions Digital phenotyping may have the capacity to operate as a proxy for certain social functioning measures. Future research should expand on this pilot data by focusing on establishing the reliability and validity of digital phenotyping to measure social functioning, and exploring which subdomains of social functioning are best measured digitally. (PsycInfo Database Record (c) 2025 APA, all rights reserved)",2025,,Psychiatry and Clinical Neurosciences,,,,2025-73141-001,10.1111/pcn.13786,2025-73141-001,#3852,Lane 2025,"",""
Investigating smartphone-based sensing features for depression severity prediction: Observation study,"Terhorst, Yannik; Messner, Eva-Maria; Asare, Kennedy Opoku; Montag, Christian; Kannen, Christopher; Baumeister, Harald","Background: Unobtrusively collected objective sensor data from everyday devices like smartphones provide a novel paradigm to infer mental health symptoms. This process, called smart sensing, allows a fine-grained assessment of various features (eg, time spent at home based on the GPS sensor). Based on its prevalence and impact, depression is a promising target for smart sensing. However, currently, it is unclear which sensor-based features should be used in depression severity prediction and if they hold an incremental benefit over established fine-grained assessments like the ecological momentary assessment (EMA). Objective: The aim of this study was to investigate various features based on the smartphone screen, app usage, and call sensor alongside EMA to infer depression severity. Bivariate, cluster-wise, and cluster-combined analyses were conducted to determine the incremental benefit of smart sensing features compared to each other and EMA in parsimonious regression models for depression severity. Methods: In this exploratory observational study, participants were recruited from the general population. Participants needed to be 18 years of age, provide written informed consent, and own an Android-based smartphone. Sensor data and EMA were collected via the INSIGHTS app. Depression severity was assessed using the 8-item Patient Health Questionnaire. Missing data were handled by multiple imputations. Correlation analyses were conducted for bivariate associations; stepwise linear regression analyses were used to find the best prediction models for depression severity. Models were compared by adjusted R². All analyses were pooled across the imputed datasets according to Rubin’s rule. Results: A total of 107 participants were included in the study. Ages ranged from 18 to 56 (mean 22.81, SD 7.32) years, and 78% of the participants identified as female. Depression severity was subclinical on average (mean 5.82, SD 4.44; Patient Health Questionnaire score ≥10: 18.7%). Small to medium correlations were found for depression severity and EMA (eg, valence: r = –0.55, 95% CI –0.67 to –0.41), and there were small correlations with sensing features (eg, screen duration: r = 0.37, 95% CI 0.20 to 0.53). EMA features could explain 35.28% (95% CI 20.73% to 49.64%) of variance and sensing features (adjusted R² = 20.45%, 95% CI 7.81% to 35.59%). The best regression model contained EMA and sensing features (R² = 45.15%, 95% CI 30.39% to 58.53%). Conclusions: Our findings underline the potential of smart sensing and EMA to infer depression severity as isolated paradigms and when combined. Although these could become important parts of clinical decision support systems for depression diagnostics and treatment in the future, confirmatory studies are needed before they can be applied to routine care. Furthermore, privacy, ethical, and acceptance issues need to be addressed. (PsycInfo Database Record (c) 2025 APA, all rights reserved)",2025,,Journal of Medical Internet Research,27,,,2025-77733-001,10.2196/55308,2025-77733-001,#3857,Terhorst 2025,"",""
Acoustic features from speech as markers of depressive and manic symptoms in bipolar disorder: A prospective study,"Kaczmarek‐Majer, Katarzyna; Dominiak, Monika; Antosik, Anna Z.; Hryniewicz, Olgierd; Kamińska, Olga; Opara, Karol; Owsiński, Jan; Radziszewska, Weronika; Sochacka, Małgorzata; Święcicki, Łukasz","Introduction: Voice features could be a sensitive marker of affective state in bipolar disorder (BD). Smartphone apps offer an excellent opportunity to collect voice data in the natural setting and become a useful tool in phase prediction in BD. Aims of the Study: We investigate the relations between the symptoms of BD, evaluated by psychiatrists, and patients' voice characteristics. A smartphone app extracted acoustic parameters from the daily phone calls of n = 51 patients. We show how the prosodic, spectral, and voice quality features correlate with clinically assessed affective states and explore their usefulness in predicting the BD phase. Methods: A smartphone app (BDmon) was developed to collect the voice signal and extract its physical features. BD patients used the application on average for 208 days. Psychiatrists assessed the severity of BD symptoms using the Hamilton depression rating scale −17 and the Young Mania rating scale. We analyze the relations between acoustic features of speech and patients' mental states using linear generalized mixed‐effect models. Results: The prosodic, spectral, and voice quality parameters, are valid markers in assessing the severity of manic and depressive symptoms. The accuracy of the predictive generalized mixed‐effect model is 70.9%–71.4%. Significant differences in the effect sizes and directions are observed between female and male subgroups. The greater the severity of mania in males, the louder (β = 1.6) and higher the tone of voice (β = 0.71), more clearly (β = 1.35), and more sharply they speak (β = 0.95), and their conversations are longer (β = 1.64). For females, the observations are either exactly the opposite—the greater the severity of mania, the quieter (β = −0.27) and lower the tone of voice (β = −0.21) and less clearly (β = −0.25) they speak — or no correlations are found (length of speech). On the other hand, the greater the severity of bipolar depression in males, the quieter (β = −1.07) and less clearly they speak (β = −1.00). In females, no distinct correlations between the severity of depressive symptoms and the change in voice parameters are found. Conclusions: Speech analysis provides physiological markers of affective symptoms in BD and acoustic features extracted from speech are effective in predicting BD phases. This could personalize monitoring and care for BD patients, helping to decide whether a specialist should be consulted. (PsycInfo Database Record (c) 2025 APA, all rights reserved)",2025,,Acta Psychiatrica Scandinavica,151,3,358-374,2025-13828-001,10.1111/acps.13735,2025-13828-001,#3948,Kaczmarek‐Majer 2025,"",""
Digital technologies tracking active and passive data collection in depressive disorders: Lessons learned from a case series,"Gardea-Resendez, Manuel; Breitinger, Scott; Walker, Alex; Harper, Laura; Xiong, Ashley; Stoppel, Cynthia; Volety, Rama M.; Raman, Jeyakumar; Byun, Jin Soo; Langholm, Carsten; Goes, Fernando S.; Zandi, Peter P.; Torous, John; Frye, Mark A.","In this case series, we present several examples from participants (2 patients and 1 healthy control) of a 12-week pilot feasibility study to create a digital phenotype of depression (unipolar or bipolar) through active and passive data collection from a smartphone and a wearable device combined with routine clinical care for mood disorders. The selected cases represent real clinical examples that highlight the intrinsic challenges that should be expected when conducting similar studies, including appropriate health data privacy protection, clinical standardization, and interindividual differences in levels of engagement and acceptability of active and passive data collection (ie, self-reported, behavioral, cognitive, and physiological data), particularly with patient-generated data in mobile apps, digital proficiency habituation, and consistent use of wearable devices. In the context of the rapidly growing use of digital technologies in psychiatry, anticipating challenges for the integration of personal mobile devices and smartphone mental health apps as aides to track specific aspects of depressive disorders is critical for a clinically meaningful digital transformation of mood disorders care. (PsycInfo Database Record (c) 2025 APA, all rights reserved)",2024,,Journal of Psychiatric Practice,30,6,434-439,2025-57430-008,10.1097/PRA.0000000000000820,2025-57430-008,#3963,Gardea-Resendez 2024,"",""
Predicting and monitoring symptoms in patients diagnosed with depression using smartphone data: Observational study,"Ikäheimonen, Arsi; Luong, Nguyen; Baryshnikov, Ilya; Darst, Richard; Heikkilä, Roope; Holmen, Joel; Martikkala, Annasofia; Riihimäki, Kirsi; Saleva, Outi; Isometsä, Erkki; Aledavood, Talayeh","Background: Clinical diagnostic assessments and the outcome monitoring of patients with depression rely predominantly on interviews by professionals and the use of self-report questionnaires. The ubiquity of smartphones and other personal consumer devices has prompted research into the potential of data collected via these devices to serve as digital behavioral markers for indicating the presence and monitoring of the outcome of depression. Objective: This paper explores the potential of using behavioral data collected with smartphones to detect and monitor depression symptoms in patients diagnosed with depression. Specifically, it investigates whether this data can accurately classify the presence of depression, as well as monitor the changes in depressive states over time. Methods: In a prospective cohort study, we collected smartphone behavioral data for up to 1 year. The study consists of observations from 164 participants, including healthy controls (n = 31) and patients diagnosed with various depressive disorders: major depressive disorder (MDD; n = 85), MDD with comorbid borderline personality disorder (n = 27), and major depressive episodes with bipolar disorder (n = 21). Data were labeled based on depression severity using 9-item Patient Health Questionnaire (PHQ-9) scores. We performed statistical analysis and used supervised machine learning on the data to classify the severity of depression and observe changes in the depression state over time. Results: Our correlation analysis revealed 32 behavioral markers associated with the changes in depressive state. Our analysis classified patients who are depressed with an accuracy of 82% (95% CI 80%-84%) and change in the presence of depression with an accuracy of 75% (95% CI 72%-76%). Notably, the most important smartphone features for classifying depression states were screen-off events, battery charge levels, communication patterns, app usage, and location data. Similarly, for predicting changes in depression state, the most important features were related to location, battery level, screen, and accelerometer data patterns. Conclusions: The use of smartphone digital behavioral markers to supplement clinical evaluations may aid in detecting the presence and changes in severity of symptoms of depression, particularly if combined with intermittent use of self-report of symptoms. (PsycInfo Database Record (c) 2025 APA, all rights reserved)",2024,,Journal of Medical Internet Research,26,,,2025-55024-001,10.2196/56874,2025-55024-001,#4014,Ikäheimonen 2024,"",""
Messenger use and video calls as correlates of depressive and anxiety symptoms: Results from the Corona Health App study of German adults during the COVID-19 pandemic,"Edler, Johanna-Sophie; Terhorst, Yannik; Pryss, Rüdiger; Baumeister, Harald; Cohrdes, Caroline","Background: Specialized studies have shown that smartphone-based social interaction data are predictors of depressive and anxiety symptoms. Moreover, at times during the COVID-19 pandemic, social interaction took place primarily remotely. To appropriately test these objective data for their added value for epidemiological research during the pandemic, it is necessary to include established predictors. Objective: Using a comprehensive model, we investigated the extent to which smartphone-based social interaction data contribute to the prediction of depressive and anxiety symptoms, while also taking into account well-established predictors and relevant pandemic-specific factors. Methods: We developed the Corona Health App and obtained participation from 490 Android smartphone users who agreed to allow us to collect smartphone-based social interaction data between July 2020 and February 2021. Using a cross-sectional design, we automatically collected data concerning average app use in terms of the categories video calls and telephony, messenger use, social media use, and SMS text messaging use, as well as pandemic-specific predictors and sociodemographic covariates. We statistically predicted depressive and anxiety symptoms using elastic net regression. To exclude overfitting, we used 10-fold cross-validation. Results: The amount of variance explained (R²) was 0.61 for the prediction of depressive symptoms and 0.57 for the prediction of anxiety symptoms. Of the smartphone-based social interaction data included, only messenger use proved to be a significant negative predictor of depressive and anxiety symptoms. Video calls were negative predictors only for depressive symptoms, and SMS text messaging use was a negative predictor only for anxiety symptoms. Conclusions: The results show the relevance of smartphone-based social interaction data in predicting depressive and anxiety symptoms. However, even taken together in the context of a comprehensive model with well-established predictors, the data only add a small amount of value. (PsycInfo Database Record (c) 2024 APA, all rights reserved)",2024,,Journal of Medical Internet Research,26,,,2025-27511-001,10.2196/45530,2025-27511-001,#4117,Edler 2024,"",""
Objective monitoring of loneliness levels using smart devices: A multi-device approach for mental health applications,"Jafarlou, Salar; Azimi, Iman; Lai, Jocelyn; Wang, Yuning; Labbaf, Sina; Nguyen, Brenda; Qureshi, Hana; Marcotullio, Christopher; Borelli, Jessica L.; Dutt, Nikil D.; Rahmani, Amir M.","Loneliness is linked to wide ranging physical and mental health problems, including increased rates of mortality. Understanding how loneliness manifests is important for targeted public health treatment and intervention. With advances in mobile sending and wearable technologies, it is possible to collect data on human phenomena in a continuous and uninterrupted way. In doing so, such approaches can be used to monitor physiological and behavioral aspects relevant to an individual’s loneliness. In this study, we proposed a method for continuous detection of loneliness using fully objective data from smart devices and passive mobile sensing. We also investigated whether physiological and behavioral features differed in their importance in predicting loneliness across individuals. Finally, we examined how informative data from each device is for loneliness detection tasks. We assessed subjective feelings of loneliness while monitoring behavioral and physiological patterns in 30 college students over a 2-month period. We used smartphones to monitor behavioral patterns (e.g., location changes, type of notifications, in-coming and out-going calls/text messages) and smart watches and rings to monitor physiology and sleep patterns (e.g., heart-rate, heart-rate variability, sleep duration). Participants reported their loneliness feeling multiple times a day through a questionnaire app on their phone. Using the data collected from their devices, we trained a random forest machine learning based model to detect loneliness levels. We found support for loneliness prediction using a multi-device and fully-objective approach. Furthermore, behavioral data collected by smartphones generally were the most important features across all participants. The study provides promising results for using objective data to monitor mental health indicators, which could provide a continuous and uninterrupted source of information in mental healthcare applications. (PsycInfo Database Record (c) 2025 APA, all rights reserved)",2024,,PLoS ONE,19,6,,2024-98997-001,10.1371/journal.pone.0298949,2024-98997-001,#4148,Jafarlou 2024,"",""
Loneliness in the daily lives of people with mood and psychotic disorders,"Moran, Erin K.; Shapiro, Madelyn; Culbreth, Adam J.; Nepal, Subigya; Ben-Zeev, Dror; Campbell, Andrew; Barch, Deanna M.","Background and Hypothesis: Loneliness, the subjective experience of feeling alone, is associated with physical and psychological impairments. While there is an extensive literature linking loneliness to psychopathology, limited work has examined loneliness in daily life in those with serious mental illness. We hypothesized that trait and momentary loneliness would be transdiagnostic and relate to symptoms and measures of daily functioning. Study Design: The current study utilized ecological momentary assessment and passive sensing to examine loneliness in those with schizophrenia (N = 59), bipolar disorder (N = 61), unipolar depression (N = 60), remitted unipolar depression (N = 51), and nonclinical comparisons (N = 82) to examine relationships of both trait and momentary loneliness to symptoms and social functioning in daily life. Study Results: Findings suggest that both trait and momentary loneliness are higher in those with psychopathology (F(4,284) = 28.00, P < .001, ηp² = 0.27), and that loneliness significantly relates to social functioning beyond negative symptoms and depression (β = −0.44, t = 6.40, P < .001). Furthermore, passive sensing measures showed that greater movement (β = −0.56, t = −3.29, P = .02) and phone calls (β = −0.22, t = 12.79, P = .04), but not text messaging, were specifically related to decreased loneliness in daily life. Individuals higher in trait loneliness show stronger relationships between momentary loneliness and social context and emotions in everyday life. Conclusions: These findings provide further evidence pointing to the importance of loneliness transdiagnostically and its strong relation to social functioning. Furthermore, we show that passive sensing technology can be used to measure behaviors related to loneliness in daily life that may point to potential treatment implications or early detection markers of loneliness. (PsycInfo Database Record (c) 2024 APA, all rights reserved)",2024,,Schizophrenia Bulletin,50,3,557-566,2024-86786-008,10.1093/schbul/sbae022,2024-86786-008,#4197,Moran 2024,"",""
Digital phenotyping for mood disorders: Methodology-oriented pilot feasibility study,"Breitinger, Scott; Gardea-Resendez, Manuel; Langholm, Carsten; Xiong, Ashley; Laivell, Joseph; Stoppel, Cynthia; Harper, Laura; Volety, Rama; Walker, Alex; D'Mello, Ryan; Byun, Andrew Jin Soo; Zandi, Peter; Goes, Fernando S.; Frye, Mark; Torous, John","Background: In the burgeoning area of clinical digital phenotyping research, there is a dearth of literature that details methodology, including the key challenges and dilemmas in developing and implementing a successful architecture for technological infrastructure, patient engagement, longitudinal study participation, and successful reporting and analysis of diverse passive and active digital data streams. Objective: This article provides a narrative rationale for our study design in the context of the current evidence base and best practices, with an emphasis on our initial lessons learned from the implementation challenges and successes of this digital phenotyping study. Methods: We describe the design and implementation approach for a digital phenotyping pilot feasibility study with attention to synthesizing key literature and the reasoning for pragmatic adaptations in implementing a multisite study encompassing distinct geographic and population settings. This methodology was used to recruit patients as study participants with a clinician-validated diagnostic history of unipolar depression, bipolar I disorder, or bipolar II disorder, or healthy controls in 2 geographically distinct health care systems for a longitudinal digital phenotyping study of mood disorders. Results: We describe the feasibility of a multisite digital phenotyping pilot study for patients with mood disorders in terms of passively and actively collected phenotyping data quality and enrollment of patients. Overall data quality (assessed as the amount of sensor data obtained vs expected) was high compared to that in related studies. Results were reported on the relevant demographic features of study participants, revealing recruitment properties of age (mean subgroup age ranged from 31 years in the healthy control subgroup to 38 years in the bipolar I disorder subgroup), sex (predominance of female participants, with 7/11, 64% females in the bipolar II disorder subgroup), and smartphone operating system (iOS vs Android; iOS ranged from 7/11, 64% in the bipolar II disorder subgroup to 29/32, 91% in the healthy control subgroup). We also described implementation considerations around digital phenotyping research for mood disorders and other psychiatric conditions. Conclusions: Digital phenotyping in affective disorders is feasible on both Android and iOS smartphones, and the resulting data quality using an open-source platform is higher than that in comparable studies. While the digital phenotyping data quality was independent of gender and race, the reported demographic features of study participants revealed important information on possible selection biases that may result from naturalistic research in this domain. We believe that the methodology described will be readily reproducible and generalizable to other study settings and patient populations given our data on deployment at 2 unique sites. (PsycInfo Database Record (c) 2024 APA, all rights reserved)",2023,,Journal of Medical Internet Research,25,,,2024-42683-001,10.2196/47006,2024-42683-001,#4313,Breitinger 2023,"",""
"Nighttime smartphone use, sleep quality, and mental health: Investigating a complex relationship","Andersen, Thea Otte; Sejling, Christoffer; Jensen, Andreas Kryger; Drews, Henning Johannes; Ritz, Beate; Varga, Tibor V.; Rod, Naja Hulvej","Study Objectives: This study investigated the complex relationship between nighttime smartphone use, sleep, and mental health among adult populations in Denmark. Methods: Data from three interconnected samples (aged 16–89 years) from the SmartSleep Study included 5798 individuals with survey and register data; 4239 individuals also provided high-resolution smartphone tracking data. Logistic regression models and causal discovery algorithms, which suggest possible causal pathways consistent with the underlying data structure, were used to infer the relationship between self-reported and tracked nighttime smartphone use, self-reported sleep quality, mental health indicators, and register-based psychotropic medication use. Results: Frequent self-reported nighttime smartphone use was associated with high perceived stress (OR: 2.24, 95% CI = 1.42 to 3.55) and severe depressive symptoms (OR: 2.96, 95% CI = 2.04 to 4.28). We found no clear associations between tracked nighttime smartphone use and mental health outcomes, except for the cluster that used their smartphones repeatedly during the sleep period, which was associated with severe depressive symptoms (OR = 1.69, 95% CI = 1.24 to 2.31). Poor sleep quality (vs. good sleep quality) was associated with high perceived stress (OR = 5.07, 95% CI = 3.72 to 6.90), severe depressive symptoms (OR = 9.67, 95% CI = 7.09 to 13.19), and psychotropic medication use (OR = 2.13, 95% CI = 1.36 to 3.35). The causal discovery models suggest that nighttime smartphone use affects mental health through both problematic smartphone use and poor sleep quality. Conclusion: The complex relationship between nighttime smartphone use, sleep, and poor mental health may create a vicious circle over time, and nighttime smartphone use may constitute a potential leverage point for public health interventions aimed at improving sleep and mental health. (PsycInfo Database Record (c) 2024 APA, all rights reserved)",2023,,Sleep: Journal of Sleep and Sleep Disorders Research,46,12,1-12,2024-39616-022,10.1093/sleep/zsad256,2024-39616-022,#4479,Andersen 2023,"",""
Predicting states of elevated negative affect in adolescents from smartphone sensors: A novel personalized machine learning approach,"Ren, Boyu; Balkind, Emma G.; Pastro, Brianna; Israel, Elana S.; Pizzagalli, Diego A.; Rahimi-Eichi, Habiballah; Baker, Justin T.; Webb, Christian A.","Background Adolescence is characterized by profound change, including increases in negative emotions. Approximately 84% of American adolescents own a smartphone, which can continuously and unobtrusively track variables potentially predictive of heightened negative emotions (e.g. activity levels, location, pattern of phone usage). The extent to which built-in smartphone sensors can reliably predict states of elevated negative affect in adolescents is an open question. Methods Adolescent participants (n = 22; ages 13–18) with low to high levels of depressive symptoms were followed for 15 weeks using a combination of ecological momentary assessments (EMAs) and continuously collected passive smartphone sensor data. EMAs probed negative emotional states (i.e. anger, sadness and anxiety) 2–3 times per day every other week throughout the study (total: 1145 EMA measurements). Smartphone accelerometer, location and device state data were collected to derive 14 discrete estimates of behavior, including activity level, percentage of time spent at home, sleep onset and duration, and phone usage. Results A personalized ensemble machine learning model derived from smartphone sensor data outperformed other statistical approaches (e.g. linear mixed model) and predicted states of elevated anger and anxiety with acceptable discrimination ability (area under the curve (AUC) = 74% and 71%, respectively), but demonstrated more modest discrimination ability for predicting states of high sadness (AUC = 66%). Conclusions To the extent that smartphone data could provide reasonably accurate real-time predictions of states of high negative affect in teens, brief ‘just-in-time’ interventions could be immediately deployed via smartphone notifications or mental health apps to alleviate these states. (PsycInfo Database Record (c) 2024 APA, all rights reserved)",2023,,Psychological Medicine,53,11,5146-5154,2022-86624-001,10.1017/S0033291722002161,2022-86624-001,#4532,Ren 2023,"",""
Acceptability of personal sensing among people with alcohol use disorder: Observational study,"Wyant, Kendra; Moshontz, Hannah; Ward, Stephanie B.; Fronk, Gaylen E.; Curtin, John J.","Background: Personal sensing may improve digital therapeutics for mental health care by facilitating early screening, symptom monitoring, risk prediction, and personalized adaptive interventions. However, further development and the use of personal sensing requires a better understanding of its acceptability to people targeted for these applications. Objective: We aimed to assess the acceptability of active and passive personal sensing methods in a sample of people with moderate to severe alcohol use disorder using both behavioral and self-report measures. This sample was recruited as part of a larger grant-funded project to develop a machine learning algorithm to predict lapses. Methods: Participants (N = 154; n = 77, 50% female; mean age 41, SD 11.9 years; n = 134, 87% White and n = 150, 97% non-Hispanic) in early recovery (1-8 weeks of abstinence) were recruited to participate in a 3-month longitudinal study. Participants were modestly compensated for engaging with active (eg, ecological momentary assessment [EMA], audio check-in, and sleep quality) and passive (eg, geolocation, cellular communication logs, and SMS text message content) sensing methods that were selected to tap into constructs from the Relapse Prevention model by Marlatt. We assessed 3 behavioral indicators of acceptability: participants’ choices about their participation in the study at various stages in the procedure, their choice to opt in to provide data for each sensing method, and their adherence to a subset of the active methods (EMA and audio check-in). We also assessed 3 self-report measures of acceptability (interference, dislike, and willingness to use for 1 year) for each method. Results: Of the 192 eligible individuals screened, 191 consented to personal sensing. Most of these individuals (169/191, 88.5%) also returned 1 week later to formally enroll, and 154 participated through the first month follow-up visit. All participants in our analysis sample opted in to provide data for EMA, sleep quality, geolocation, and cellular communication logs. Out of 154 participants, 1 (0.6%) did not provide SMS text message content and 3 (1.9%) did not provide any audio check-ins. The average adherence rate for the 4 times daily EMA was .80. The adherence rate for the daily audio check-in was .54. Aggregate participant ratings indicated that all personal sensing methods were significantly more acceptable (all P < .001) compared with neutral across subjective measures of interference, dislike, and willingness to use for 1 year. Participants did not significantly differ in their dislike of active methods compared with passive methods (P = .23). However, participants reported a higher willingness to use passive (vs active) methods for 1 year (P = .04). Conclusions: These results suggest that active and passive sensing methods are acceptable for people with alcohol use disorder over a longer period than has previously been assessed. Important individual differences were observed across people and methods, indicating opportunities for future improvement. (PsycInfo Database Record (c) 2024 APA, all rights reserved)",2023,,JMIR mHealth and uHealth,11,,,2024-13790-001,10.2196/41833,2024-13790-001,#4574,Wyant 2023,"",""
Associations between smartphone keystroke metadata and mental health symptoms in adolescents: Findings from the future proofing study,"Braund, Taylor A.; O'Dea, Bridianne; Bal, Debopriyo; Maston, Kate; Larsen, Mark; Werner-Seidler, Aliza; Tillman, Gabriel; Christensen, Helen","Background: Mental disorders are prevalent during adolescence. Among the digital phenotypes currently being developed to monitor mental health symptoms, typing behavior is one promising candidate. However, few studies have directly assessed associations between typing behavior and mental health symptom severity, and whether these relationships differs between genders. Objective: In a cross-sectional analysis of a large cohort, we tested whether various features of typing behavior derived from keystroke metadata were associated with mental health symptoms and whether these relationships differed between genders. Methods: A total of 934 adolescents from the Future Proofing study undertook 2 typing tasks on their smartphones through the Future Proofing app. Common keystroke timing and frequency features were extracted across tasks. Mental health symptoms were assessed using the Patient Health Questionnaire-Adolescent version, the Children’s Anxiety Scale-Short Form, the Distress Questionnaire 5, and the Insomnia Severity Index. Bivariate correlations were used to test whether keystroke features were associated with mental health symptoms. The false discovery rates of P values were adjusted to q values. Machine learning models were trained and tested using independent samples (ie, 80% train 20% test) to identify whether keystroke features could be combined to predict mental health symptoms. Results: Keystroke timing features showed a weak negative association with mental health symptoms across participants. When split by gender, females showed weak negative relationships between keystroke timing features and mental health symptoms, and weak positive relationships between keystroke frequency features and mental health symptoms. The opposite relationships were found for males (except for dwell). Machine learning models using keystroke features alone did not predict mental health symptoms. Conclusions: Increased mental health symptoms are weakly associated with faster typing, with important gender differences. Keystroke metadata should be collected longitudinally and combined with other digital phenotypes to enhance their clinical relevance. (PsycInfo Database Record (c) 2024 APA, all rights reserved)",2023,,JMIR Mental Health,10,,,2024-64657-001,10.2196/44986,2024-64657-001,#4576,Braund 2023,"",""
One-week suicide risk prediction using real-time smartphone monitoring: Prospective cohort study,"Barrigon, Maria Luisa; Romero-Medrano, Lorena; Moreno-Muñoz, Pablo; Porras-Segovia, Alejandro; Lopez-Castroman, Jorge; Courtet, Philippe; Artés-Rodríguez, Antonio; Baca-Garcia, Enrique","Background: Suicide is a major global public health issue that is becoming increasingly common despite preventive efforts. Though current methods for predicting suicide risk are not sufficiently accurate, technological advances provide invaluable tools with which we may evolve toward a personalized, predictive approach. Objective: We aim to predict the short-term (1-week) risk of suicide by identifying changes in behavioral patterns characterized through real-time smartphone monitoring in a cohort of patients with suicidal ideation. Methods: We recruited 225 patients between February 2018 and March 2020 with a history of suicidal thoughts and behavior as part of the multicenter SmartCrisis study. Throughout 6 months of follow-up, we collected information on the risk of suicide or mental health crises. All participants underwent voluntary passive monitoring using data generated by their own smartphones, including distance walked and steps taken, time spent at home, and app usage. The algorithm constructs daily activity profiles for each patient according to these data and detects changes in the distribution of these profiles over time. Such changes are considered critical periods, and their relationship with suicide-risk events was tested. Results: During follow-up, 18 (8%) participants attempted suicide, and 14 (6.2%) presented to the emergency department for psychiatric care. The behavioral changes identified by the algorithm predicted suicide risk in a time frame of 1 week with an area under the curve of 0.78, indicating good accuracy. Conclusions: We describe an innovative method to identify mental health crises based on passively collected information from patients’ smartphones. This technology could be applied to homogeneous groups of patients to identify different types of crises. (PsycInfo Database Record (c) 2025 APA, all rights reserved)",2023,,Journal of Medical Internet Research,25,,,2024-06537-001,10.2196/43719,2024-06537-001,#4640,Barrigon 2023,"",""
Smartphone-tracked digital markers of momentary subjective stress in college students: Idiographic machine learning analysis,"Aalbers, George; Hendrickson, Andrew T.; Vanden Abeele, Mariek M. P.; Keijsers, Loes","Background: Stress is an important predictor of mental health problems such as burnout and depression. Acute stress is considered adaptive, whereas chronic stress is viewed as detrimental to well-being. To aid in the early detection of chronic stress, machine learning models are increasingly trained to learn the quantitative relation from digital footprints to self-reported stress. Prior studies have investigated general principles in population-wide studies, but the extent to which the findings apply to individuals is understudied. Objective: We aimed to explore to what extent machine learning models can leverage features of smartphone app use log data to recognize momentary subjective stress in individuals, which of these features are most important for predicting stress and represent potential digital markers of stress, the nature of the relations between these digital markers and stress, and the degree to which these relations differ across people. Methods: Student participants (N = 224) self-reported momentary subjective stress 5 times per day up to 60 days in total (44,381 observations); in parallel, dedicated smartphone software continuously logged their smartphone app use. We extracted features from the log data (eg, time spent on app categories such as messenger apps and proxies for sleep duration and onset) and trained machine learning models to predict momentary subjective stress from these features using 2 approaches: modeling general relations at the group level (nomothetic approach) and modeling relations for each person separately (idiographic approach). To identify potential digital markers of momentary subjective stress, we applied explainable artificial intelligence methodology (ie, Shapley additive explanations). We evaluated model accuracy on a person-to-person basis in out-of-sample observations. Results: We identified prolonged use of messenger and social network site apps and proxies for sleep duration and onset as the most important features across modeling approaches (nomothetic vs idiographic). The relations of these digital markers with momentary subjective stress differed from person to person, as did model accuracy. Sleep proxies, messenger, and social network use were heterogeneously related to stress (ie, negative in some and positive or zero in others). Model predictions correlated positively and statistically significantly with self-reported stress in most individuals (median person-specific correlation = 0.15-0.19 for nomothetic models and median person-specific correlation = 0.00-0.09 for idiographic models). Conclusions: Our findings indicate that smartphone log data can be used for identifying digital markers of stress and also show that the relation between specific digital markers and stress differs from person to person. These findings warrant follow-up studies in other populations (eg, professionals and clinical populations) and pave the way for similar research using physiological measures of stress. (PsycInfo Database Record (c) 2024 APA, all rights reserved)",2023,,JMIR mHealth and uHealth,11,,,2023-90186-001,10.2196/37469,2023-90186-001,#4746,Aalbers 2023,"",""
The feasibility of implementing remote measurement technologies in psychological treatment for depression: Mixed methods study on engagement,"de Angel, Valeria; Adeleye, Fadekemi; Zhang, Yuezhou; Cummins, Nicholas; Munir, Sara; Lewis, Serena; Puyal, Estela Laporta; Matcham, Faith; Sun, Shaoxiong; Folarin, Amos A.; Ranjan, Yatharth; Conde, Pauline; Rashid, Zulqarnain; Dobson, Richard; Hotopf, Matthew","Background: Remote measurement technologies (RMTs) such as smartphones and wearables can help improve treatment for depression by providing objective, continuous, and ecologically valid insights into mood and behavior. Engagement with RMTs is varied and highly context dependent; however, few studies have investigated their feasibility in the context of treatment. Objective: A mixed methods design was used to evaluate engagement with active and passive data collection via RMT in people with depression undergoing psychotherapy. We evaluated the effects of treatment on 2 different types of engagement: study attrition (engagement with study protocol) and patterns of missing data (engagement with digital devices), which we termed data availability. Qualitative interviews were conducted to help interpret the differences in engagement. Methods: A total of 66 people undergoing psychological therapy for depression were followed up for 7 months. Active data were gathered from weekly questionnaires and speech and cognitive tasks, and passive data were gathered from smartphone sensors and a Fitbit (Fitbit Inc) wearable device. Results: The overall retention rate was 60%. Higher-intensity treatment (χ² 1 = 4.6; P = .03) and higher baseline anxiety (t56.28 = −2.80, 2-tailed; P = .007) were associated with attrition, but depression severity was not (t50.4 = −0.18; P = .86). A trend toward significance was found for the association between longer treatments and increased attrition (U = 339.5; P = .05). Data availability was higher for active data than for passive data initially but declined at a sharper rate (90%-30% drop in 7 months). As for passive data, wearable data availability fell from a maximum of 80% to 45% at 7 months but showed higher overall data availability than smartphone-based data, which remained stable at the range of 20%-40% throughout. Missing data were more prevalent among GPS location data, followed by among Bluetooth data, then among accelerometry data. As for active data, speech and cognitive tasks had lower completion rates than clinical questionnaires. The participants in treatment provided less Fitbit data but more active data than those on the waiting list. Conclusions: Different data streams showed varied patterns of missing data, despite being gathered from the same device. Longer and more complex treatments and clinical characteristics such as higher baseline anxiety may reduce long-term engagement with RMTs, and different devices may show opposite patterns of missingness during treatment. This has implications for the scalability and uptake of RMTs in health care settings, the generalizability and accuracy of the data collected by these methods, feature construction, and the appropriateness of RMT use in the long term. (PsycInfo Database Record (c) 2025 APA, all rights reserved)",2023,,JMIR Mental Health,10,,,2023-89810-001,10.2196/42866,2023-89810-001,#4768,deAngel 2023,"",""
Digital phenotyping correlations in larger mental health samples: Analysis and replication,"Currey, Danielle; Torous, John","Background: Smartphones can facilitate patients completing surveys and collecting sensor data to gain insight into their mental health conditions. However, the utility of sensor data is still being explored. Prior studies have reported a wide range of correlations between passive data and survey scores. Aims: To explore correlations in a large data-set collected with the mindLAMP app. Additionally, we explored whether passive data features could be used in models to predict survey results. Method: Participants were asked to complete daily and weekly mental health surveys. After screening for data quality, our sample included 147 college student participants and 270 weeks of data. We examined correlations between six weekly surveys and 13 metrics derived from passive data features. Finally, we trained logistic regression models to predict survey scores from passive data with and without daily surveys. Results: Similar to other large studies, our correlations were lower than prior reports from smaller studies. We found that the most useful features came from GPS, call, and sleep duration data. Logistic regression models performed poorly with only passive data, but when daily survey scores were included, performance greatly increased. Conclusions: Although passive data alone may not provide enough information to predict survey scores, augmenting this data with short daily surveys can improve performance. Therefore, it may be that passive data can be used to refine survey score predictions and clinical utility may be derived from the combination of active and passive data. (PsycInfo Database Record (c) 2022 APA, all rights reserved)",2022,,BJPsych Open,8,,,2022-70100-001,10.1192/bjo.2022.507,2022-70100-001,#4977,Currey 2022,"",""
The relationship between text message sentiment and self-reported depression,"Liu, Tony; Meyerhoff, Jonah; Eichstaedt, Johannes C.; Karr, Chris J.; Kaiser, Susan M.; Kording, Konrad P.; Mohr, David C.; Ungar, Lyle H.","Background: Personal sensing has shown promise for detecting behavioral correlates of depression, but there is little work examining personal sensing of cognitive and affective states. Digital language, particularly through personal text messages, is one source that can measure these markers. Methods: We correlated privacy-preserving sentiment analysis of text messages with self-reported depression symptom severity. We enrolled 219 U.S. adults in a 16 week longitudinal observational study. Participants installed a personal sensing app on their phones, which administered self-report PHQ-8 assessments of their depression severity, collected phone sensor data, and computed anonymized language sentiment scores from their text messages. We also trained machine learning models for predicting end-of-study self-reported depression status using on blocks of phone sensor and text features. Results: In correlation analyses, we find that degrees of depression, emotional, and personal pronoun language categories correlate most strongly with self-reported depression, validating prior literature. Our classification models which predict binary depression status achieve a leave-one-out AUC of 0.72 when only considering text features and 0.76 when combining text with other networked smartphone sensors. Limitations: Participants were recruited from a panel that over-represented women, caucasians, and individuals with self-reported depression at baseline. As language use differs across demographic factors, generalizability beyond this population may be limited. The study period also coincided with the initial COVID-19 outbreak in the United States, which may have affected smartphone sensor data quality. Conclusions: Effective depression prediction through text message sentiment, especially when combined with other personal sensors, could enable comprehensive mental health monitoring and intervention. (PsycInfo Database Record (c) 2022 APA, all rights reserved)",2022,,Journal of Affective Disorders,302,,7-14,2022-35007-003,10.1016/j.jad.2021.12.048,2022-35007-003,#5034,Liu 2022,"",""
Geolocation features differentiate healthy from remitted depressed adults,"Auerbach, Randy P.; Srinivasan, Apoorva; Kirshenbaum, Jaclyn S.; Mann, J. John; Shankman, Stewart A.","Depression recurrence is debilitating, and there is a pressing need to develop clinical tools that detect the reemergence of symptoms with the aim of bridging patients to treatment before recurrences. At baseline, remitted depressed adults (n = 22) and healthy controls (n = 24) were administered clinical interviews and completed self-report symptom measures. Then, smartphone apps were installed on personal smartphones to acquire geolocation data over 21 days and ecological momentary assessment of positive and negative affect during the initial 14-day period. Compared with healthy controls, remitted depressed adults exhibited reduced circadian routine (regularity of one’s daily routine) and lower average daily distance traveled. Further, reduced distance traveled associated with greater daily negative affect after controlling for depression severity; however, this effect was not more pronounced among remitted adults. A least absolute shrinkage and selection operator (LASSO) regression indicated that a linear combination of circadian routine, average distance traveled, and baseline depression severity classified remitted depressed individuals with 72% accuracy; outperforming models restricted to either geolocation or clinical measures alone. Mobile sensing approaches hold enormous promise to improve clinical care for depressive disorders. Although barriers remain, leveraging technological advancements related to real-time monitoring can improve treatment for depressed patients and potentially, reduce high rates of recurrence. (PsycInfo Database Record (c) 2022 APA, all rights reserved)Given that major depressive disorder (MDD) frequently recurs, there is a critical need to develop clinical tools that detect the reemergence of depressive symptoms. Our findings suggest that diminished activity levels—assessed continuously through smartphone-based mobile sensor approaches—continue into remission among depressed adults. Specifically, remitted depressed adults were characterized by reduced circadian routine (i.e., regularity of one’s daily routine) and lower average daily distance traveled over a 3-week period. (PsycInfo Database Record (c) 2022 APA, all rights reserved)",2022,,Journal of Psychopathology and Clinical Science,131,4,341-349,2022-34228-001,10.1037/abn0000742,2022-34228-001,#5132,Auerbach 2022,"",""
Predicting stress and depressive symptoms using high-resolution smartphone data and sleep behavior in Danish adults,"Otte Andersen, Thea; Dissing, Agnete Skovlund; Rosenbek Severinsen, Elin; Kryger Jensen, Andreas; Thanh Pham, Vi; Varga, Tibor V.; Hulvej Rod, Naja","Study Objectives: The early detection of mental disorders is crucial. Patterns of smartphone behavior have been suggested to predict mental disorders. The aim of this study was to develop and compare prediction models using a novel combination of smartphone and sleep behavior to predict early indicators of mental health problems, specifically high perceived stress and depressive symptoms. Methods: The data material included two separate population samples nested within the SmartSleep Study. Prediction models were trained using information from 4522 Danish adults and tested in an independent test set comprising of 1885 adults. The prediction models utilized comprehensive information on subjective smartphone behavior, objective night-time smartphone behavior, and self-reported sleep behavior. Receiver operating characteristics area-under-the-curve (ROC AUC) values obtained in the test set were recorded as the performance metrics for each prediction model. Results: Neither subjective nor objective smartphone behavior was found to add additional predictive information compared to basic sociodemographic factors when forecasting perceived stress or depressive symptoms. Instead, the best performance for predicting poor mental health was found in the sleep prediction model (AUC = 0.75, 95% CI: 0.72–0.78) for perceived stress and (AUC = 0.83, 95%CI: 0.80–0.85) for depressive symptoms, which included self-reported information on sleep quantity, sleep quality and the use of sleep medication. Conclusions: Sleep behavior is an important predictor when forecasting mental health symptoms and it outperforms novel approaches using objective and subjective smartphone behavior. (PsycInfo Database Record (c) 2022 APA, all rights reserved)The detection of early signs of mental disorders is crucial to prevent the progression of these disorders. Using data from two large population samples with similar information, we applied a novel combination of objective high-resolution smartphone tracking data and subjective information on smartphone and sleep behavior to predict perceived stress and depressive symptoms. The best predictive performance was found in a basic model including only survey information on sleep behavior and sociodemographic factors. This indicates that basic information on sleep behavior outperforms novel approaches using smartphone behavior when predicting poor mental health. Monitoring sleep problems may be of clinical relevance in order to prevent and reduce the onset and progression of mental disorders. (PsycInfo Database Record (c) 2022 APA, all rights reserved)",2022,,Sleep: Journal of Sleep and Sleep Disorders Research,45,6,1-8,2022-90458-020,10.1093/sleep/zsac067,2022-90458-020,#5228,OtteAndersen 2022,"",""
"Remote Assessment of Disease and Relapse in Major Depressive Disorder (RADAR-MDD): Recruitment, retention, and data availability in a longitudinal remote measurement study","Matcham, Faith; Leightley, Daniel; Siddi, Sara; Lamers, Femke; White, Katie M.; Annas, Peter; de Girolamo, Giovanni; Difrancesco, Sonia; Haro, Josep Maria; Horsfall, Melany; Ivan, Alina; Lavelle, Grace; Li, Qingqin; Lombardini, Federica; Mohr, David C.; Narayan, Vaibhav A.; Oetzmann, Carolin; Penninx, Brenda W. J. H.; Bruce, Stuart; Nica, Raluca; Simblett, Sara K.; Wykes, Til; Brasen, Jens Christian; Myin-Germeys, Inez; Rintala, Aki; Conde, Pauline; Dobson, Richard J. B.; Folarin, Amos A.; Stewart, Callum; Ranjan, Yatharth; Rashid, Zulqarnain; Cummins, Nick; Manyakov, Nikolay V.; Vairavan, Srinivasan; Hotopf, Matthew","Background: Major Depressive Disorder (MDD) is prevalent, often chronic, and requires ongoing monitoring of symptoms to track response to treatment and identify early indicators of relapse. Remote Measurement Technologies (RMT) provide an opportunity to transform the measurement and management of MDD, via data collected from inbuilt smartphone sensors and wearable devices alongside app-based questionnaires and tasks. A key question for the field is the extent to which participants can adhere to research protocols and the completeness of data collected. We aimed to describe drop out and data completeness in a naturalistic multimodal longitudinal RMT study, in people with a history of recurrent MDD. We further aimed to determine whether those experiencing a depressive relapse at baseline contributed less complete data. Methods: Remote Assessment of Disease and Relapse-Major Depressive Disorder (RADAR-MDD) is a multi-centre, prospective observational cohort study conducted as part of the Remote Assessment of Disease and Relapse-Central Nervous System (RADAR-CNS) program. People with a history of MDD were provided with a wrist-worn wearable device, and smartphone apps designed to: a) collect data from smartphone sensors; and b) deliver questionnaires, speech tasks, and cognitive assessments. Participants were followed-up for a minimum of 11 months and maximum of 24 months. Results: Individuals with a history of MDD (n = 623) were enrolled in the study. We report 80% completion rates for primary outcome assessments across all follow-up timepoints. 79.8% of people participated for the maximum amount of time available and 20.2% withdrew prematurely. We found no evidence of an association between the severity of depression symptoms at baseline and the availability of data. In total, 110 participants had >50% data available across all data types. Conclusions: RADAR-MDD is the largest multimodal RMT study in the feld of mental health. Here, we have shown that collecting RMT data from a clinical population is feasible. We found comparable levels of data availability in active and passive forms of data collection, demonstrating that both are feasible in this patient group. (PsycInfo Database Record (c) 2022 APA, all rights reserved)",2022,,BMC Psychiatry,22,,,2022-35973-001,10.1186/s12888-022-03753-1,2022-35973-001,#5296,Matcham 2022,"",""
Attention control moderates the relationship between social media use and psychological distress,"Mahalingham, Tamsin; Howell, Joel; Clarke, Patrick J. F.","Background: Research has suggested a potential link between social media use and psychological distress, though findings have been somewhat inconsistent. Importantly, relatively few studies have examined potential moderators of this relationship, and the majority have relied upon self-report social media use. The present study examined the potential moderating role of attention control, in the relationship between social media use and anxiety and employed an objective measure of social media use via smartphone data. Methods: Social media use was captured via participants smartphones over a one-week period. Inhibitory attention control was assessed via antisaccade task performance. In addition to a measure of psychological distress that was completed by participants (final n = 69, female = 35, male = 31, did not specify = 3). Results: Attention control, as indexed via total antisaccade accuracy, moderated the relationship between social media use and psychological distress. This relationship was such that those with lower levels of attention control showed a significant positive relationship between social media use and psychological distress, whereas no relationship was observed among those with average or high attention control. Limitations: While capturing objective mobile social media data, future research could also benefit from incorporating usage data from computers and other devices. Conclusions: The findings of this study highlight a potential important factor that may alter the impact of social media use on emotional wellbeing. One possible implication of this finding is that heavy social media use may have problematic mental health consequences specifically for those who experience difficulties with attention control. (PsycInfo Database Record (c) 2024 APA, all rights reserved)",2022,,Journal of Affective Disorders,297,,536-541,2022-13469-067,10.1016/j.jad.2021.10.071,2022-13469-067,#5361,Mahalingham 2022,"",""
"Automated screening for social anxiety, generalized anxiety, and depression from objective smartphone-collected data: Cross-sectional study","Di Matteo, Daniel; Fotinos, Kathryn; Lokuge, Sachinthya; Mason, Geneva; Sternat, Tia; Katzman, Martin A.; Rose, Jonathan","Background: The lack of access to mental health care could be addressed, in part, through the development of automated screening technologies for detecting the most common mental health disorders without the direct involvement of clinicians. Objective smartphone-collected data may contain sufficient information about individuals’ behaviors to infer their mental states and therefore screen for anxiety disorders and depression. Objective: The objective of this study is to compare how a single set of recognized and novel features, extracted from smartphone-collected data, can be used for predicting generalized anxiety disorder (GAD), social anxiety disorder (SAD), and depression. Methods: An Android app was designed, together with a centralized server system, to collect periodic measurements of objective smartphone data. The types of data included samples of ambient audio, GPS location, screen state, and light sensor data. Subjects were recruited into a 2-week observational study in which the app was run on their personal smartphones. The subjects also completed self-report severity measures of SAD, GAD, and depression. The participants were 112 Canadian adults from a nonclinical population. High-level features were extracted from the data of 84 participants, and predictive models of SAD, GAD, and depression were built and evaluated. Results: Models of SAD and depression achieved a significantly greater screening accuracy than uninformative models (area under the receiver operating characteristic means of 0.64, SD 0.13 and 0.72, SD 0.12, respectively), whereas models of GAD failed to be predictive. Investigation of the model coefficients revealed key features that were predictive of SAD and depression. Conclusions: We demonstrate the ability of a common set of features to act as predictors in the models of both SAD and depression. This suggests that the types of behaviors that can be inferred from smartphone-collected data are broad indicators of mental health, which can be used to study, assess, and track psychopathology simultaneously across multiple disorders and diagnostic boundaries. (PsycInfo Database Record (c) 2022 APA, all rights reserved)",2021,,Journal of Medical Internet Research,23,8,,2021-92491-001,10.2196/28918,2021-92491-001,#5364,DiMatteo 2021,"",""
Behavioral and self-reported data collected from smartphones for the assessment of depressive and manic symptoms in patients with bipolar disorder: Prospective observational study,"Dominiak, Monika; Kaczmarek-Majer, Katarzyna; Antosik-Wójcińska, Anna Z.; Opara, Karol R.; Olwert, Anna; Radziszewska, Weronika; Hryniewicz, Olgierd; Święcicki, Łukasz; Wojnar, Marcin; Mierzejewski, Paweł","Background: Smartphones allow for real-time monitoring of patients’ behavioral activities in a naturalistic setting. These data are suggested as markers for the mental state of patients with bipolar disorder (BD). Objective: We assessed the relations between data collected from smartphones and the clinically rated depressive and manic symptoms together with the corresponding affective states in patients with BD. Methods: BDmon, a dedicated mobile app, was developed and installed on patients’smartphones to automatically collect the statistics about their phone calls and text messages as well as their self-assessments of sleep and mood. The final sample for the numerical analyses consisted of 51 eligible patients who participated in at least two psychiatric assessments and used the BDmon app (mean participation time, 208 [SD 132] days). In total, 196 psychiatric assessments were performed using the Hamilton Depression Rating Scale and the Young Mania Rating Scale. Generalized linear mixed-effects models were applied to quantify the strength of the relation between the daily statistics on the behavioral data collected automatically from smartphones and the affective symptoms and mood states in patients with BD. Results: Objective behavioral data collected from smartphones were found to be related with the BD states as follows: (1) depressed patients tended to make phone calls less frequently than euthymic patients (β = −.064, P = .01); (2) the number of incoming answered calls during depression was lower than that during euthymia (β = −.15, P = .01) and, concurrently, missed incoming calls were more frequent and increased as depressive symptoms intensified (β = 4.431, P < .001; β = 4.861, P < .001, respectively); (3) the fraction of outgoing calls was higher in manic states (β = 2.73, P = .03); (4) the fraction of missed calls was higher in manic/mixed states as compared to that in the euthymic state (β = 3.53, P = .01) and positively correlated to the severity of symptoms (β = 2.991, P = .02); (5) the variability of the duration of the outgoing calls was higher in manic/mixed states (β = .0012, P = .045) and positively correlated to the severity of symptoms (β = .0017, P = .02); and (6) the number and length of the sent text messages was higher in manic/mixed states as compared to that in the euthymic state (β = .031, P = .01; β = .015, P = .01; respectively) and positively correlated to the severity of manic symptoms (β = .116, P < .001; β = .022, P < .001; respectively). We also observed that self-assessment of mood was lower in depressive (β = −1.452, P < .001) and higher in manic states (β = .509, P < .001). Conclusions: Smartphone-based behavioral parameters are valid markers for assessing the severity of affective symptoms and discriminating between mood states in patients with BD. This technology opens a way toward early detection of worsening of the mental state and thereby increases the patient’s chance of improving in the course of the illness. (PsycInfo Database Record (c) 2024 APA, all rights reserved)",2022,,Journal of Medical Internet Research,24,1,1-20,2023-84470-041,10.2196/28647,2023-84470-041,#5374,Dominiak 2022,"",""
"Predicting depression from smartphone behavioral markers using machine learning methods, hyperparameter optimization, and feature importance analysis: Exploratory study","Asare, Kennedy Opoku; Terhorst, Yannik; Vega, Julio; Peltonen, Ella; Lagerspetz, Eemil; Ferreira, Denzil","Background: Depression is a prevalent mental health challenge. Current depression assessment methods using self-reported and clinician-administered questionnaires have limitations. Instrumenting smartphones to passively and continuously collect moment-by-moment data sets to quantify human behaviors has the potential to augment current depression assessment methods for early diagnosis, scalable, and longitudinal monitoring of depression. Objective: The objective of this study was to investigate the feasibility of predicting depression with human behaviors quantified from smartphone data sets, and to identify behaviors that can influence depression. Methods: Smartphone data sets and self-reported 8-item Patient Health Questionnaire (PHQ-8) depression assessments were collected from 629 participants in an exploratory longitudinal study over an average of 22.1 days (SD 17.90; range 8-86). We quantified 22 regularity, entropy, and SD behavioral markers from the smartphone data. We explored the relationship between the behavioral features and depression using correlation and bivariate linear mixed models (LMMs). We leveraged 5 supervised machine learning (ML) algorithms with hyperparameter optimization, nested cross-validation, and imbalanced data handling to predict depression. Finally, with the permutation importance method, we identified influential behavioral markers in predicting depression. Results: Of the 629 participants from at least 56 countries, 69 (10.97%) were females, 546 (86.8%) were males, and 14 (2.2%) were nonbinary. Participants’ age distribution is as follows: 73/629 (11.6%) were aged between 18 and 24, 204/629 (32.4%) were aged between 25 and 34, 156/629 (24.8%) were aged between 35 and 44, 166/629 (26.4%) were aged between 45 and 64, and 30/629 (4.8%) were aged 65 years and over. Of the 1374 PHQ-8 assessments, 1143 (83.19%) responses were non-depressed scores (PHQ-8 score <10), while 231 (16.81%) were depressed scores (PHQ-8 score ≥10), as identified based on PHQ-8 cut-off. A significant positive Pearson correlation was found between screen status–normalized entropy and depression (r = 0.14, P < .001). LMM demonstrates an intraclass correlation of 0.7584 and a significant positive association between screen status–normalized entropy and depression (β = .48, P = .03). The best ML algorithms achieved the following metrics: precision, 85.55%-92.51%; recall, 92.19%-95.56%; F1, 88.73%-94.00%; area under the curve receiver operating characteristic, 94.69%-99.06%; Cohen κ, 86.61%-92.90%; and accuracy, 96.44%-98.14%. Including age group and gender as predictors improved the ML performances. Screen and internet connectivity features were the most influential in predicting depression. Conclusions: Our findings demonstrate that behavioral markers indicative of depression can be unobtrusively identified from smartphone sensors’ data. Traditional assessment of depression can be augmented with behavioral markers from smartphones for depression diagnosis and monitoring. (PsycInfo Database Record (c) 2022 APA, all rights reserved)",2021,,JMIR mHealth and uHealth,9,7,1-17,2021-82260-001,,2021-82260-001,#5486,Asare 2021,"",""
mPulse mobile sensing model for passive detection of impulsive behavior: Exploratory prediction study,"Wen, Hongyi; Sobolev, Michael; Vitale, Rachel; Kizer, James; Pollak, J. P.; Muench, Frederick; Estrin, Deborah","Background: Mobile health technology has demonstrated the ability of smartphone apps and sensors to collect data pertaining to patient activity, behavior, and cognition. It also offers the opportunity to understand how everyday passive mobile metrics such as battery life and screen time relate to mental health outcomes through continuous sensing. Impulsivity is an underlying factor in numerous physical and mental health problems. However, few studies have been designed to help us understand how mobile sensors and self-report data can improve our understanding of impulsive behavior. Objective: The objective of this study was to explore the feasibility of using mobile sensor data to detect and monitor self-reported state impulsivity and impulsive behavior passively via a cross-platform mobile sensing application. Methods: We enrolled 26 participants who were part of a larger study of impulsivity to take part in a real-world, continuous mobile sensing study over 21 days on both Apple operating system (iOS) and Android platforms. The mobile sensing system (mPulse) collected data from call logs, battery charging, and screen checking. To validate the model, we used mobile sensing features to predict common self-reported impulsivity traits, objective mobile behavioral and cognitive measures, and ecological momentary assessment (EMA) of state impulsivity and constructs related to impulsive behavior (ie, risk-taking, attention, and affect). Results: Overall, the findings suggested that passive measures of mobile phone use such as call logs, battery charging, and screen checking can predict different facets of trait and state impulsivity and impulsive behavior. For impulsivity traits, the models significantly explained variance in sensation seeking, planning, and lack of perseverance traits but failed to explain motor, urgency, lack of premeditation, and attention traits. Passive sensing features from call logs, battery charging, and screen checking were particularly useful in explaining and predicting trait-based sensation seeking. On a daily level, the model successfully predicted objective behavioral measures such as present bias in delay discounting tasks, commission and omission errors in a cognitive attention task, and total gains in a risk-taking task. Our models also predicted daily EMA questions on positivity, stress, productivity, healthiness, and emotion and affect. Perhaps most intriguingly, the model failed to predict daily EMA designed to measure previous-day impulsivity using face-valid questions. Conclusions: The study demonstrated the potential for developing trait and state impulsivity phenotypes and detecting impulsive behavior from everyday mobile phone sensors. Limitations of the current research and suggestions for building more precise passive sensing models are discussed. (PsycInfo Database Record (c) 2022 APA, all rights reserved)",2021,,JMIR Mental Health,8,1,,2021-14954-001,10.2196/25019,2021-14954-001,#5506,Wen 2021,"",""
Predicting early warning signs of psychotic relapse from passive sensing data: An approach using encoder-decoder neural networks,"Adler, Daniel A.; Ben-Zeev, Dror; Tseng, Vincent W. -S.; Kane, John M.; Brian, Rachel; Campbell, Andrew T.; Hauser, Marta; Scherer, Emily A.; Choudhury, Tanzeem","Background: Schizophrenia spectrum disorders (SSDs) are chronic conditions, but the severity of symptomatic experiences and functional impairments vacillate over the course of illness. Developing unobtrusive remote monitoring systems to detect early warning signs of impending symptomatic relapses would allow clinicians to intervene before the patient's condition worsens. Objective: In this study, we aim to create the first models, exclusively using passive sensing data from a smartphone, to predict behavioral anomalies that could indicate early warning signs of a psychotic relapse. Methods: Data used to train and test the models were collected during the CrossCheck study. Hourly features derived from smartphone passive sensing data were extracted from 60 patients with SSDs (42 nonrelapse and 18 relapse > 1 time throughout the study) and used to train models and test performance. We trained 2 types of encoder-decoder neural network models and a clustering-based local outlier factor model to predict behavioral anomalies that occurred within the 30-day period before a participant's date of relapse (the near relapse period). Models were trained to recreate participant behavior on days of relative health (DRH, outside of the near relapse period), following which a threshold to the recreation error was applied to predict anomalies. The neural network model architecture and the percentage of relapse participant data used to train all models were varied. Results: A total of 20,137 days of collected data were analyzed, with 726 days of data (0.037%) within any 30-day near relapse period. The best performing model used a fully connected neural network autoencoder architecture and achieved a median sensitivity of 0.25 (IQR 0.15-1.00) and specificity of 0.88 (IQR 0.14-0.96; a median 108% increase in behavioral anomalies near relapse). We conducted a post hoc analysis using the best performing model to identify behavioral features that had a medium-to-large effect (Cohen d > 0.5) in distinguishing anomalies near relapse from DRH among 4 participants who relapsed multiple times throughout the study. Qualitative validation using clinical notes collected during the original CrossCheck study showed that the identified features from our analysis were presented to clinicians during relapse events. Conclusions: Our proposed method predicted a higher rate of anomalies in patients with SSDs within the 30-day near relapse period and can be used to uncover individual-level behaviors that change before relapse. This approach will enable technologists and clinicians to build unobtrusive digital mental health tools that can predict incipient relapse in SSDs. (PsycInfo Database Record (c) 2021 APA, all rights reserved)",2020,,JMIR mHealth and uHealth,8,8,,2020-87767-001,10.2196/19962,2020-87767-001,#5553,Adler 2020,"",""
Smartphone-based self-reports of depressive symptoms using the Remote Monitoring Application in Psychiatry (ReMAP): Interformat validation study,"Goltermann, Janik; Emden, Daniel; Leehr, Elisabeth Johanna; Dohm, Katharina; Redlich, Ronny; Dannlowski, Udo; Hahn, Tim; Opel, Nils","Background: Smartphone-based symptom monitoring has gained increased attention in psychiatric research as a cost-efficient tool for prospective and ecologically valid assessments based on participants’ self-reports. However, a meaningful interpretation of smartphone-based assessments requires knowledge about their psychometric properties, especially their validity. Objective: The goal of this study is to systematically investigate the validity of smartphone-administered assessments of self-reported affective symptoms using the Remote Monitoring Application in Psychiatry (ReMAP). Methods: The ReMAP app was distributed to 173 adult participants of ongoing, longitudinal psychiatric phenotyping studies, including healthy control participants, as well as patients with affective disorders and anxiety disorders; the mean age of the sample was 30.14 years (SD 11.92). The Beck Depression Inventory (BDI) and single-item mood and sleep information were assessed via the ReMAP app and validated with non–smartphone-based BDI scores and clinician-rated depression severity using the Hamilton Depression Rating Scale (HDRS). Results: We found overall high comparability between smartphone-based and non–smartphone-based BDI scores (intraclass correlation coefficient = 0.921; P < .001). Smartphone-based BDI scores further correlated with non–smartphone-based HDRS ratings of depression severity in a subsample (r = 0.783; P < .001; n = 51). Higher agreement between smartphone-based and non–smartphone-based assessments was found among affective disorder patients as compared to healthy controls and anxiety disorder patients. Highly comparable agreement between delivery formats was found across age and gender groups. Similarly, smartphone-based single-item self-ratings of mood correlated with BDI sum scores (r = –0.538; P < .001; n = 168), while smartphone-based single-item sleep duration correlated with the sleep item of the BDI (r = –0.310; P < .001; n = 166). Conclusions: These findings demonstrate that smartphone-based monitoring of depressive symptoms via the ReMAP app provides valid assessments of depressive symptomatology and, therefore, represents a useful tool for prospective digital phenotyping in affective disorder patients in clinical and research applications. (PsycInfo Database Record (c) 2022 APA, all rights reserved)",2021,,JMIR Mental Health,8,1,,2021-07681-001,10.2196/24333,2021-07681-001,#5659,Goltermann 2021,"",""
"Digital communication biomarkers of mood and diagnosis in borderline personality disorder, bipolar disorder, and healthy control populations","Gillett, George; McGowan, Niall M.; Palmius, Niclas; Bilderbeck, Amy C.; Goodwin, Guy M.; Saunders, Kate E. A.","Background: Remote monitoring and digital phenotyping harbor potential to aid clinical diagnosis, predict episode course and recognize early signs of mental health crises. Digital communication metrics, such as phone call and short message service (SMS) use may represent novel biomarkers of mood and diagnosis in Bipolar Disorder (BD) and Borderline Personality Disorder (BPD). Materials and Methods: BD (n = 17), BPD (n = 17) and Healthy Control (HC, n = 21) participants used a smartphone application which monitored phone calls and SMS messaging, alongside self-reported mood. Linear mixed-effects regression models were used to assess the association between digital communications and mood symptoms, mood state, trait-impulsivity, diagnosis and the interaction effect between mood and diagnosis. Results: Transdiagnostically, self-rated manic symptoms and manic state were positively associated with total and outgoing call frequency and cumulative total, incoming and outgoing call duration. Manic symptoms were also associated with total and outgoing SMS frequency. Transdiagnostic depressive symptoms were associated with increased mean incoming call duration. For the different diagnostic groups, BD was associated with increased total call frequency and BPD with increased total and outgoing SMS frequency and length compared to HC. Depression in BD, but not BPD, was associated with decreased total and outgoing call frequency, mean total and outgoing call duration and total and outgoing SMS frequency. Finally, trait-impulsivity was positively associated with total call frequency, total and outgoing SMS frequency and cumulative total and outgoing SMS length. Conclusion: These results identify a general increase in phone call and SMS communications associated with self-reported manic symptoms and a diagnosis-moderated decrease in communications associated with depression in BD, but not BPD, participants. These findings may inform the development of clinical tools to aid diagnosis and remote symptom monitoring, as well as informing understanding of differential psychopathologies in BD and BPD. (PsycInfo Database Record (c) 2022 APA, all rights reserved)",2021,,Frontiers in Psychiatry,12,,,2021-39769-001,10.3389/fpsyt.2021.610457,2021-39769-001,#5744,Gillett 2021,"",""
Investigating associations between screen time and symptomatology in individuals with serious mental illness: Longitudinal observational study,"Henson, Philip; Rodriguez-Villa, Elena; Torous, John","Background: Increasing screen time exposure from digital devices like smartphones has shown a variety of mixed associations with cognition, behavior, and well-being in adults and children but little is known about its associations with symptomatology in individuals with serious mental illness. Objective: To determine the range of associations between screen time and symptoms of individuals with mental illness, we utilized a method called specification curve analysis. Methods: In this observational study, we recruited smartphone-owning adults (≥18 years old) with schizophrenia and healthy controls. We installed 2 research-source smartphone apps, mindLAMP and Beiwe, to collect survey results, cognitive test results, and screen time metrics over a period of 3 months. Surveys were scheduled for twice a week, but participants were instructed to take the surveys naturally as much or as little as they wanted. Screen time was collected continuously in the background. A total of 140 participants was recruited from the outpatient clinic population as well as through general public advertising. Age-matched, smartphone-owning healthy controls were also part of the recruitment pool. A specification curve analysis was a priori designed to explore the relationship between every combination of independent variable and dependent variable in order to demonstrate to what degree screen time relates to symptoms in individuals with serious mental illness. Results: The sample consisted of 88 participants (54 with schizophrenia and 34 healthy controls) who completed both the initial and follow-up visits, completed at least one self-reported survey, and had a minimum passive data cutoff of 5 consecutive days. While we found an association between smartphone screen time metrics and cognition (adjusted R² = 0.107, P < .001), specification curve analysis revealed a wide range of heterogenous associations with screen time from very negative to very positive. The effects differed based on diagnostic group, age bracket, type of regression model used, and the specific independent and dependent variables selected for analysis. Conclusions: The associations between screen time and mental health in patients with schizophrenia are heterogenous when examined with methods that reduce analytical bias. The heterogeneity in associations suggests that complex and personalized potential effects must be understood in the greater context of an individual. This analysis of longitudinally collected screen time data shows potential for future research that could benefit from high resolution metrics on smartphone use. (PsycInfo Database Record (c) 2021 APA, all rights reserved)",2021,,Journal of Medical Internet Research,23,3,,2021-56715-001,10.2196/23144,2021-56715-001,#5826,Henson 2021,"",""
Ecological momentary assessment of depressive symptoms using the mindme application: Convergence with the Patient Health Questionnaire-9 (PHQ-9),"McIntyre, Roger S.; Lee, Yena; Rong, Carola; Rosenblat, Joshua D.; Brietzke, Elisa; Pan, Zihang; Park, Caroline; Subramaniapillai, Mehala; Ragguett, Renee-Marie; Mansur, Rodrigo B.; Lui, Leanna M. W.; Nasri, Flora; Gill, Hartej; Berriah, Said","Ecological momentary assessment (EMA) for mental disorders, using application-based (app) technology capable of passive and ambient data collection, has been insufficiently evaluated and validated with rigorous, adequately-powered, high-quality studies. Herein, we sought to validate the mind.me application for the assessment of depressive symptoms in adults. Adults (ages 18–65) who self-identified as having clinically significant depressive symptoms [i.e. Patient Health Questionnaire 9 (PHQ-9) ≥ 5] utilized the mind.me app—a mobile phone technology that collects data passively and continuously, and is capable of integrating broad multimodal data [e.g., location variance (e.g. GPS), behavioural (e.g. social network activity), and communication data (e.g. SMS texting, phone calls)]. The primary outcome was predictive accuracy (i.e. convergent validity with depressive symptom measurement, as captured by the PHQ-9). 200 subjects were enrolled in the study (mean age 46 ± 12.71). The average PHQ-9 score was 12.8 ± 6.9. The predictive accuracy of the mind.me app was 0.91 ± 0.06. The sensitivity was 0.98 and the specificity was 0.93. The mind.me app was rated by 200 users as highly usable and informative to their illness. The mind.me app exhibits robust predictive accuracy in detecting depressive symptoms in adults with clinically relevant depressive symptoms. The mind.me app more specifically demonstrates convergence with the PHQ-9. (PsycInfo Database Record (c) 2024 APA, all rights reserved)",2021,,Journal of Psychiatric Research,135,,311-317,2021-21897-041,10.1016/j.jpsychires.2021.01.012,2021-21897-041,#5905,McIntyre 2021,"",""
"Association of smartphone use with depression, anxiety, stress, sleep quality, and Internet addiction Empirical evidence from a smartphone application","Stanković, Miloš; Nešić, Milkica; Čičević, Svetlana; Shi, Zhuanghua","A growing body of evidence has demonstrated an association between problematic smartphone use and psychopathological behavior (e.g., Internet addiction, depression, anxiety, stress, and sleep quality). However, little is yet known whether problematic and general smartphone use co-occur with depression and whether internet use, stress, anxiety and sleep quality moderate this relationship. The aim of this study was to examine the psychological mechanisms underlying extensive smartphone use and depression using multiple regression and path analysis (PROCESS macro) in a sample of university students. Our findings demonstrated a negative correlation of smartphone use with anxiety, stress, and sleep quality. Extensive smartphone use is related to depression through the mediation of stress; increased smartphone use tends to reduce stress. Moreover, depression leads to higher levels of smartphone use revealing a bi-directional pathway. Taken together, our findings provide solid evidence for a bi-directional hybrid view considering the association between extensive smartphone use and depression mediated by stress. The present study results may help national health authorities to improve the prevention of depression related to modern technology use. (PsycInfo Database Record (c) 2022 APA, all rights reserved)",2021,,Personality and Individual Differences,168,,,2020-80269-001,10.1016/j.paid.2020.110342,2020-80269-001,#6056,Stanković 2021,"",""
High perceived stress and social interaction behaviour among young adults A study based on objective measures of face-to-face and smartphone interactions,"Dissing, Agnete Skovlund; Jørgensen, Tobias Bornakke; Gerds, Thomas Alexander; Rod, Naja Hulvej; Lund, Rikke","Stress and mental health problems impede social functioning and may also complicate relationship formation with peers. The aim was to investigate whether high perceived stress among young adults is associated with social interaction behaviour both via face-to-face interaction and via smartphone interaction. The data was derived from the Copenhagen Network Study, where 535 first-year students (mean age 21.3, 77% male) self-reported on perceived stress at baseline and were subsequently followed for three months with continuous Bluetooth recordings of face-to-face interactions and smartphone interactions (calls and texts) measuring the network size, frequency, and duration of interactions. Logistic regression was used to assess associations between perceived stress (high/low) and social interactions adjusting for sex, age, and personality traits. Participants with high perceived stress were more likely to engage in a larger call and text network and have a higher call and text frequency compared to individuals with low perceived stress. We found a non-statistically significant tendency that participants with a high perceived stress level spend less time meeting face to face with peers. Stressed students engage in frequent smartphone interaction which may be explained by a social support seeking behaviour, or it may be that accommodating a large network via the smartphone is stress-inducing. (PsycInfo Database Record (c) 2021 APA, all rights reserved)",2019,,PLoS ONE,14,7,,2019-44311-001,10.1371/journal.pone.0218429,2019-44311-001,#6464,Dissing 2019,"",""
Batching smartphone notifications can improve well-being,"Fitz, Nicholas; Kushlev, Kostadin; Jagannathan, Ranjan; Lewis, Terrel; Paliwal, Devang; Ariely, Dan","Every day, billions of us receive smartphone notifications. Designed to distract, these interruptions capture and monetize our time and attention. Though smartphones are incredibly helpful, their current notification systems impose underappreciated, yet considerable, mental costs; like a slot machine, they exploit our inherent psychological bias for variable rewards. With an app that we developed, we conducted a randomized field experiment (n = 237) to test whether batching notifications—delivering notifications in predictable intervals throughout the day—could improve psychological well-being. Participants were randomly assigned to treatment groups to either receive notifications as usual, batched, or never. Using daily diary surveys, we measured a range of psychological and health outcomes, and through our app system, we collected data on phone use behaviors. Compared to those in the control condition, participants whose notifications were batched three-times-a-day felt more attentive, productive, in a better mood, and in greater control of their phones. Participants in the batched group also reported lower stress, lower productivity, and fewer phone interruptions. In contrast, participants who did not receive notifications at all reaped few of those benefits, but experienced higher levels of anxiety and “fear of missing out” (FoMO). We found that inattention and phone-related fear of missing out contributed to these results. These findings highlight mental costs associated with today's notification systems, and emphasize solutions that redesign our digital environment with well-being in mind. (PsycInfo Database Record (c) 2023 APA, all rights reserved)",2019,,Computers in Human Behavior,101,,84-94,2019-56597-011,10.1016/j.chb.2019.07.016,2019-56597-011,#6588,Fitz 2019,"",""
Predicting mood disturbance severity with mobile phone keystroke metadata: A biaffect digital phenotyping study,"Zulueta, John; Piscitello, Andrea; Rasic, Mladen; Easter, Rebecca; Babu, Pallavi; Langenecker, Scott A.; McInnis, Melvin; Ajilore, Olusola; Nelson, Peter C.; Ryan, Kelly; Leow, Alex","Background: Mood disorders are common and associated with significant morbidity and mortality. Better tools are needed for their diagnosis and treatment. Deeper phenotypic understanding of these disorders is integral to the development of such tools. This study is the first effort to use passively collected mobile phone keyboard activity to build deep digital phenotypes of depression and mania. Objective: The objective of our study was to investigate the relationship between mobile phone keyboard activity and mood disturbance in subjects with bipolar disorders and to demonstrate the feasibility of using passively collected mobile phone keyboard metadata features to predict manic and depressive signs and symptoms as measured via clinician-administered rating scales. Methods: Using a within-subject design of 8 weeks, subjects were provided a mobile phone loaded with a customized keyboard that passively collected keystroke metadata. Subjects were administered the Hamilton Depression Rating Scale (HDRS) and Young Mania Rating Scale (YMRS) weekly. Linear mixed-effects models were created to predict HDRS and YMRS scores. The total number of keystrokes was 626,641, with a weekly average of 9791 (7861), and that of accelerometer readings was 6,660,890, with a weekly average 104,076 (68,912). Results: A statistically significant mixed-effects regression model for the prediction of HDRS-17 item scores was created: conditional R² = .63, P = .01. A mixed-effects regression model for YMRS scores showed the variance accounted for by random effect was zero, and so an ordinary least squares linear regression model was created: R² =.34, P = .001. Multiple significant variables were demonstrated for each measure. Conclusions: Mood states in bipolar disorder appear to correlate with specific changes in mobile phone usage. The creation of these models provides evidence for the feasibility of using passively collected keyboard metadata to detect and monitor mood disturbances. (PsycInfo Database Record (c) 2021 APA, all rights reserved)",2018,,Journal of Medical Internet Research,20,7,,2018-57192-001,10.2196/jmir.9775,2018-57192-001,#6644,Zulueta 2018,"",""
"CrossCheck: Integrating self-report, behavioral sensing, and smartphone use to identify digital indicators of psychotic relapse","Ben-Zeev, Dror; Brian, Rachel; Wang, Rui; Wang, Weichen; Campbell, Andrew T.; Aung, Min S. H.; Merrill, Michael; Tseng, Vincent W. S.; Choudhury, Tanzeem; Hauser, Marta; Kane, John M.; Scherer, Emily A.","Objective: This purpose of this study was to describe and demonstrate CrossCheck, a multimodal data collection system designed to aid in continuous remote monitoring and identification of subjective and objective indicators of psychotic relapse. Method: Individuals with schizophrenia-spectrum disorders received a smartphone with the monitoring system installed along with unlimited data plan for 12 months. Participants were instructed to carry the device with them and to complete brief self-reports multiple times a week. Multimodal behavioral sensing (i.e., physical activity, geospatials activity, speech frequency, and duration) and device use data (i.e., call and text activity, app use) were captured automatically. Five individuals who experienced psychiatric hospitalization were selected and described for instructive purposes. Results: Participants had unique digital indicators of their psychotic relapse. For some, self-reports provided clear and potentially actionable description of symptom exacerbation prior to hospitalization. Others had behavioral sensing data trends (e.g., shifts in geolocation patterns, declines in physical activity) or device use patterns (e.g., increased nighttime app use, discontinuation of all smartphone use) that reflected the changes they experienced more effectively. Conclusion: Advancements in mobile technology are enabling collection of an abundance of information that until recently was largely inaccessible to clinical research and practice. However, remote monitoring and relapse detection is in its nascence. Development and evaluation of innovative data management, modeling, and signal-detection techniques that can identify changes within an individual over time (i.e., unique relapse signatures) will be essential if we are to capitalize on these data to improve treatment and prevention. (PsycInfo Database Record (c) 2021 APA, all rights reserved)",2017,,Psychiatric Rehabilitation Journal,40,3,266-275,2017-14914-001,10.1037/prj0000243,2017-14914-001,#7009,Ben-Zeev 2017,"",""
Next-generation psychiatric assessment: Using smartphone sensors to monitor behavior and mental health,"Ben-Zeev, Dror; Scherer, Emily A.; Wang, Rui; Xie, Haiyi; Campbell, Andrew T.","[Correction Notice: An Erratum for this article was reported in Vol 38(4) of Psychiatric Rehabilitation Journal (see record [rid]2015-56834-002[/rid]). Model fit statistics in Table 1 are reported as a row for Model 2, but not for Model 1, due to a production error. Model 1 fit statistics should appear as a row with the following information: 2LL 1490.0, AIC 1498.0 & BIC 1505.3.] Objective: Optimal mental health care is dependent upon sensitive and early detection of mental health problems. We have introduced a state-of-the-art method for the current study for remote behavioral monitoring that transports assessment out of the clinic and into the environments in which individuals negotiate their daily lives. The objective of this study was to examine whether the information captured with multimodal smartphone sensors can serve as behavioral markers for one’s mental health. We hypothesized that (a) unobtrusively collected smartphone sensor data would be associated with individuals’ daily levels of stress, and (b) sensor data would be associated with changes in depression, stress, and subjective loneliness over time. Method: A total of 47 young adults (age range: 19–30 years) were recruited for the study. Individuals were enrolled as a single cohort and participated in the study over a 10-week period. Participants were provided with smartphones embedded with a range of sensors and software that enabled continuous tracking of their geospatial activity (using the Global Positioning System and wireless fidelity), kinesthetic activity (using multiaxial accelerometers), sleep duration (modeled using device-usage data, accelerometer inferences, ambient sound features, and ambient light levels), and time spent proximal to human speech (i.e., speech duration using microphone and speech detection algorithms). Participants completed daily ratings of stress, as well as pre- and postmeasures of depression (Patient Health Questionnaire-9; Spitzer, Kroenke, & Williams, 1999), stress (Perceived Stress Scale; Cohen et al., 1983), and loneliness (Revised UCLA Loneliness Scale; Russell, Peplau, & Cutrona, 1980). Results: Mixed-effects linear modeling showed that sensor-derived geospatial activity (p < .05), sleep duration (p < .05), and variability in geospatial activity (p < .05), were associated with daily stress levels. Penalized functional regression showed associations between changes in depression and sensor-derived speech duration (p < .05), geospatial activity (p < .05), and sleep duration (p < .05). Changes in loneliness were associated with sensor-derived kinesthetic activity (p < .01). Conclusions and Implications for Practice: Smartphones can be harnessed as instruments for unobtrusive monitoring of several behavioral indicators of mental health. Creative leveraging of smartphone sensing could provide novel opportunities for close-to-invisible psychiatric assessment at a scale and efficiency that far exceeds what is currently feasible with existing assessment technologies. (PsycInfo Database Record (c) 2021 APA, all rights reserved)",2015,,Psychiatric Rehabilitation Journal,38,3,218-226,2015-14736-001,10.1037/prj0000130,2015-14736-001,#7359,Ben-Zeev 2015,"",""
Mobile phone sensor correlates of depressive symptom severity in daily-life behavior: An exploratory study,"Saeb, Sohrab; Zhang, Mi; Karr, Christopher J.; Schueller, Stephen M.; Corden, Marya E.; Kording, Konrad P.; Mohr, David C.","Background: Depression is a common, burdensome, often recurring mental health disorder that frequently goes undetected and untreated. Mobile phones are ubiquitous and have an increasingly large complement of sensors that can potentially be useful in monitoring behavioral patterns that might be indicative of depressive symptoms. Objective: The objective of this study was to explore the detection of daily-life behavioral markers using mobile phone global positioning systems (GPS) and usage sensors, and their use in identifying depressive symptom severity. Methods: A total of 40 adult participants were recruited from the general community to carry a mobile phone with a sensor data acquisition app (Purple Robot) for 2 weeks. Of these participants, 28 had sufficient sensor data received to conduct analysis. At the beginning of the 2-week period, participants completed a self-reported depression survey (PHQ-9). Behavioral features were developed and extracted from GPS location and phone usage data. Results: A number of features from GPS data were related to depressive symptom severity, including circadian movement (regularity in 24-hour rhythm; r = -.63, P = .005), normalized entropy (mobility between favorite locations; r = -.58, P = .012), and location variance (GPS mobility independent of location; r = -.58, P = .012). Phone usage features, usage duration, and usage frequency were also correlated (r = .54, P = .011, and r = .52, P = .015, respectively). Using the normalized entropy feature and a classifier that distinguished participants with depressive symptoms (PHQ-9 score ≥ 5) from those without (PHQ-9 score < 5), we achieved an accuracy of 86.5%. Furthermore, a regression model that used the same feature to estimate the participants’ PHQ-9 scores obtained an average error of 23.5%. Conclusions: Features extracted from mobile phone sensor data, including GPS and phone usage, provided behavioral markers that were strongly related to depressive symptom severity. While these findings must be replicated in a larger study among participants with confirmed clinical symptoms, they suggest that phone sensors offer numerous clinical opportunities, including continuous monitoring of at-risk populations with little patient burden and interventions that can provide just-in-time outreach. (PsycInfo Database Record (c) 2021 APA, all rights reserved)",2015,,Journal of Medical Internet Research,17,7,,2016-42462-028,10.2196/jmir.4273,2016-42462-028,#7661,Saeb 2015,"",""
Digital behavioural signatures reveal trans-diagnostic clusters of Schizophrenia and Alzheimer's disease patients: Trans-diagnostic clustering of digital biotypes,Kas M.J.H.; Jongs N.; Mennes M.; Penninx B.W.J.H.; Arango C.; van der Wee N.; Winter-van Rossum I.; Ayuso-Mateos J.L.; Bilderbeck A.C.; l'Hostis P.; Beckmann C.F.; Dawson G.R.; Sommer B.; Marston H.M.,"The current neuropsychiatric nosological categories underlie pragmatic treatment choice, regulation and clinical research but does not encompass biological rationale. However, subgroups of patients suffering from schizophrenia or Alzheimer's disease have more in common than the neuropsychiatric nature of their condition, such as the expression of social dysfunction. The PRISM project presents here initial quantitative biological insights allowing the first steps toward a novel trans-diagnostic classification of psychiatric and neurological symptomatology intended to reinvigorate drug discovery in this area. In this study, we applied spectral clustering on digital behavioural endpoints derived from passive smartphone monitoring data in a subgroup of Schizophrenia and Alzheimer's disease patients, as well as age matched healthy controls, as part of the PRISM clinical study. This analysis provided an objective social functioning characterization with three differential clusters that transcended initial diagnostic classification and was shown to be linked to quantitative neurobiological parameters assessed. This emerging quantitative framework will both offer new ways to classify individuals in biologically homogenous clusters irrespective of their initial diagnosis, and also offer insights into the pathophysiological mechanisms underlying these clusters.Copyright © 2023 The Author(s)",2024,/,European Neuropsychopharmacology,78,"(Kas, Jongs) Groningen Institute for Evolutionary Life Sciences, University of Groningen, Groningen, Netherlands(Mennes, Beckmann) SBGneuro Ltd, Oxford, United Kingdom(Penninx) Department of Psychiatry and Amsterdam Neuroscience, Amsterdam UMC, Vrije Univ",3EP  - 12,2027880573,https://dx.doi.org/10.1016/j.euroneuro.2023.09.010,37864982,#10584,Kas 2024,"",""
Leveraging LLMs to Predict Affective States via Smartphone Sensor Features,"Zhang, Tianyi; Teng, Songyan; Jia, Hong; D'Alfonso, Simon","As mental health issues for young adults present a pressing public health concern, daily digital mood monitoring for early detection has become an important prospect. An active research area, digital phenotyping, involves collecting and analysing data from personal digital devices such as smartphones (usage and sensors) and wearables to infer behaviours and mental health. Whilst this data is standardly analysed using statistical and machine learning approaches, the emergence of large language models (LLMs) offers a new approach to make sense of smartphone sensing data. Despite their effectiveness across various domains, LLMs remain relatively unexplored in digital mental health, particularly in integrating mobile sensor data. Our study aims to bridge this gap by employing LLMs to predict affect outcomes based on smartphone sensing data from university students. We demonstrate the efficacy of zero-shot and few-shot embedding LLMs in inferring general wellbeing. Our findings reveal that LLMs can make promising predictions of affect measures using solely smartphone sensing data. This research sheds light on the potential of LLMs for affective state prediction, emphasizing the intricate link between smartphone behavioral patterns and affective states. To our knowledge, this is the first work to leverage LLMs for affective state prediction and digital phenotyping tasks.",2024,,,,,709-716,,10.1145/3675094.3678420,,#11995,Zhang 2024,"",""
Passive mobile sensing and psychological traits for large scale mood prediction,"Spathis, Dimitris; Servia-Rodriguez, Sandra; Farrahi, Katayoun; Mascolo, Cecilia; Rentfrow, Jason","Experience sampling has long been the established method to sample people's mood in order to assess their mental state. Smartphones start to be used as experience sampling tools for mental health state as they accompany individuals during their day and can therefore gather in-the-moment data. However, the granularity of the data needs to be traded off with the level of interruption these tools introduce. As a consequence the data collected with this technique is often sparse. This has been obviated by the use of passive sensing in addition to mood reports, however, this adds additional noise.In this paper we show that psychological traits collected through one-off questionnaires combined with passively collected sensing data (movement from the accelerometer and noise levels from the microphone) can be used to detect individuals whose general mood deviates from the common relaxed characteristic of the general population. By using the reported mood as a classification target we show how to design models that depend only on passive sensors and one-off questionnaires, without bothering users with tedious experience sampling. We validate our approach by using a large dataset of mood reports and passive sensing data collected in the wild with tens of thousands of participants, finding that the combination of these modalities achieves the best classification performance, and that passive sensing yields a +5% boost in accuracy. We also show that sensor data collected for a week performs better than single days for this task. We discuss feature extraction techniques and appropriate classifiers for this kind of multimodal data, as well as overfitting shortcomings of using deep learning to handle static and dynamic features. We believe these findings have significant implications for mobile health applications that can benefit from the correct modeling of passive sensing along with extra user metadata.",2019,,,,,272-281,,10.1145/3329189.3329213,,#12012,Spathis 2019,"",""
A multimodal analysis of environmental stress experienced by older adults during outdoor walking trips: Implications for designing new intelligent technologies to enhance walkability in low-income Latino communities,"Yupanqui, Raquel; Sohn, John; Kim, Yoojun; Flores, Raquel; Lee, Hanwool; Kim, Jinwoo; Lee, SangHyun; Ham, Youngjib; Lee, Chanam; Chaspari, Theodora","Neighborhood walkability has a significant influence on older adults’ physical and mental health. These effects are amplified in underserved communities (e.g., low-income groups, ethnic minorities) which are often associated with worsening pedestrian infrastructure and safety concerns. This paper investigates environmental stressors linked with decreased walkability of older adults from a low-income Latino community, and how these are associated with physiological, physical, environmental, and sociological variables. 68 older adults were recruited from a primarily Hispanic neighborhood, and each collected two-weeks of multimodal data using wearable and smartphone devices. The data included location, acceleration, and physiological data, such as heart rate and electrodermal activity, from participants’ outdoor walking trips. Environmental stressors participants encountered during each walking trip were self-reported through a mobile application. The first part of this paper discusses unique challenges faced when working with this under-studied population and strategies used to address these challenges while maintaining scientific rigor. The second part of the paper describes results from the preliminary analysis employing linear mixed models (LMM) and machine learning classifiers to examine potential associations between self-reported and objectively-measured stress levels among participants, as well as the effect of environmental, sociological, and individual variables on physiological stress responses while walking. Findings from this study support new avenues for engaging with and gaining deeper insights into a unique and often overlooked population while laying the groundwork for developing new computational models for quantifying environmental stress using wearable and smartphone devices.",2024,,,,,302-311,,10.1145/3678957.3685703,,#12015,Yupanqui 2024,"",""
GLOBEM: Cross-Dataset Generalization of Longitudinal Human Behavior Modeling,"Xu, Xuhai (Orson); Liu, Xin; Zhang, Han; Wang, Weichen; Nepal, Subigya; Sefidgar, Yasaman S.; Seo, Woosuk; Kuehn, Kevin S.; Huckins, Jeremy F.; Morris, Margaret E.; Nurius, Paula S.; Riskin, Eve A.; Patel, Shwetak; Althoff, Tim; Campbell, Andrew T.; Dey, Anind K.; Mankoff, Jennifer","Ubiquitous computing, the seamless integration of sensing, analytics, and feedback into daily life envisioned by Weiser [12], has come closer to reality with the broad adoption of smartphones and wearable devices. These devices, integral to users' daily routines, passively collect massive amounts of data on human behavior, offering unprecedented insights into personal health and well-being [7]. For example, passive sensing can continuously monitor subtle changes in behavior indicative of depression or other shifts in mental health status [10,14,15].",2024,,GetMobile: Mobile Comp. and Comm.,28,2,23-30,,10.1145/3686138.3686147,,#12017,Xu 2024,"",""
First-Gen Lens: Assessing Mental Health of First-Generation Students across Their First Year at College Using Mobile Sensing,"Wang, Weichen; Nepal, Subigya; Huckins, Jeremy F.; Hernandez, Lessley; Vojdanovski, Vlado; Mack, Dante; Plomp, Jane; Pillai, Arvind; Obuchi, Mikio; daSilva, Alex; Murphy, Eilis; Hedlund, Elin; Rogers, Courtney; Meyer, Meghan; Campbell, Andrew","The transition from high school to college is a taxing time for young adults. New students arriving on campus navigate a myriad of challenges centered around adapting to new living situations, financial needs, academic pressures and social demands. First-year students need to gain new skills and strategies to cope with these new demands in order to make good decisions, ease their transition to independent living and ultimately succeed. In general, first-generation students are less prepared when they enter college in comparison to non-first-generation students. This presents additional challenges for first-generation students to overcome and be successful during their college years. We study first-year students through the lens of mobile phone sensing across their first year at college, including all academic terms and breaks. We collect longitudinal mobile sensing data for N=180 first-year college students, where 27 of the students are first-generation, representing 15% of the study cohort and representative of the number of first-generation students admitted each year at the study institution, Dartmouth College. We discuss risk factors, behavioral patterns and mental health of first-generation and non-first-generation students. We propose a deep learning model that accurately predicts the mental health of first-generation students by taking into account important distinguishing behavioral factors of first-generation students. Our study, which uses the StudentLife app, offers data-informed insights that could be used to identify struggling students and provide new forms of phone-based interventions with the goal of keeping students on track.",2022,,Proc. ACM Interact. Mob. Wearable Ubiquitous Technol.,6,2,,,10.1145/3543194,,#12029,Wang 2022,"",""
Toward Detecting Student-Athletes' Condition Using Passive Mobile and Wearable Sensing,"Wang, Zhenbo; Taya, Akihito; Kato, Takaaki; Sezaki, Kaoru; Nishiyama, Yuuki","Student-athletes (SAs) face stress from balancing athletic and academic demands; therefore, monitoring their physical and mental stress is crucial to ensure better well-being. Questionnaires and dedicated measurement equipment have been used to assess the mental and physical status of SAs. However, these methods are not scalable and are difficult to use continuously. In this paper, we propose a method for monitoring the physical and mental state of SAs using passive mobile and wearable sensing technology to minimize the burden associated with monitoring. First, we developed a platform for collecting daily, training, and resetting behavior data from smartphones and wearable devices. Second, as a preliminary study, we collected the behavior and Stress and Recovery States Scale (SRSS) data for four weeks from 19 SAs and analyzed the collected data to understand their unique behavior patterns and living environments. The results demonstrate that wearable devices and smartphones can automatically collect data on ""exercise intensity during competitions"" and ""lifestyle patterns,"" specifically tailored to the mental and physical states of SAs. Furthermore, this preliminary research establishes a foundation for future efforts using machine learning to predict the physical and mental states of SAs.",2024,,,,,51-55,,10.1145/3675094.3677583,,#12033,Wang 2024,"",extraction completed
CrossCheck: toward passive sensing and detection of mental health changes in people with schizophrenia,"Wang, Rui; Aung, Min S. H.; Abdullah, Saeed; Brian, Rachel; Campbell, Andrew T.; Choudhury, Tanzeem; Hauser, Marta; Kane, John; Merrill, Michael; Scherer, Emily A.; Tseng, Vincent W. S.; Ben-Zeev, Dror","Early detection of mental health changes in individuals with serious mental illness is critical for effective intervention. CrossCheck is the first step towards the passive monitoring of mental health indicators in patients with schizophrenia and paves the way towards relapse prediction and early intervention. In this paper, we present initial results from an ongoing randomized control trial, where passive smartphone sensor data is collected from 21 outpatients with schizophrenia recently discharged from hospital over a period ranging from 2-8.5 months. Our results indicate that there are statistically significant associations between automatically tracked behavioral features related to sleep, mobility, conversations, smart-phone usage and self-reported indicators of mental health in schizophrenia. Using these features we build inference models capable of accurately predicting aggregated scores of mental health indicators in schizophrenia with a mean error of 7.6% of the score range. Finally, we discuss results on the level of personalization that is needed to account for the known variations within people. We show that by leveraging knowledge from a population with schizophrenia, it is possible to train accurate personalized models that require fewer individual-specific data to quickly adapt to new users.",2016,,,,,886-897,,10.1145/2971648.2971740,,#12040,Wang 2016,"",""
Challenging the Standards of Mental Care: An Analysis of Self-Rating with respect to Sensor based State Detection,"Gruenerbl, Agnes; Bahle, Gernot; Lukowicz, Paul","Despite all the developments in AI and Ubiquitous computing, man- agement of mental health and mental disorders mainly relies on human assessments, like daily self-reporting and standard psy- chological questionnaires. Self-reporting however, in addition to compliance issues, comes with the drawback of being subjective and thus often inaccurate. In a depressive episode, it is hard to recall the manic phase of the last weeks. Thus, mainly experienced and self-aware patients can use self-reports effectively. Even though, in the last 15 years, sensor-based objective algorithms to monitor mental disorders showed promising results [3 ],[1], such systems are not established in psychiatric care. We believe it would help psychi- atrists and patients greatly to consider using objective sensor-based support systems if it would be possible to visualize the drawbacks of self-reporting and the abilities of sensor-based analysis. Our work provides a direct comparison of the performance of sensor-based analysis, self-reporting, and psychological diagnosis. It is based on a real-life data set collected with psychiatric patients. It consists of smartphone sensor data, respective daily self-reporting ques- tionnaires, and a ground truth of standardized psychiatric scale tests. As a highlight of this work, in the evaluation, we can provide evidence that observations of deferred self-perception of patients concerning their mental states, as doctors reported to us, can be measured in the sensor data.",2024,,,,,761-765,,10.1145/3675094.3678428,,#12046,Gruenerbl 2024,Sharon Sunny (2025-09-30 16:00:26)(Select): Demonstrates how effective sensor data over self reported data; ,""
Left on Read: Reply Latency for Anxiety &amp; Depression Screening,"Tlachac, ML; Ogden, Samuel S.","Mental health is a critical societal issue and early screening is vital to enabling timely treatment. The rise of text-based communications provides new modalities that can be used to passively screen for mental illnesses. In this paper we present an approach to screen for anxiety and depression through reply latency of text messages. We demonstrate that by constructing machine learning models with reply latency features. Our models screen for anxiety with a balanced accuracy of 0.62 and F1 of 0.73, a notable improvement over prior approaches. With the same participants, our models likewise screen for depression with a balanced accuracy of 0.70 and F1 of 0.80. We additionally compare these results to those of models trained on data collected prior to the COVID-19 pandemic. Finally, we demonstrate generalizability for screening by combining datasets which results in comparable accuracy. Latency features could thus be useful in multimodal mobile mental illness screening.",2023,,,,,500-502,,10.1145/3544793.3563429,,#12050,Tlachac 2023,"",""
Tracking Depression Dynamics in College Students Using Mobile Phone and Wearable Sensing,"Wang, Rui; Wang, Weichen; daSilva, Alex; Huckins, Jeremy F.; Kelley, William M.; Heatherton, Todd F.; Campbell, Andrew T.","There are rising rates of depression on college campuses. Mental health services on our campuses are working at full stretch. In response researchers have proposed using mobile sensing for continuous mental health assessment. Existing work on understanding the relationship between mobile sensing and depression, however, focuses on generic behavioral features that do not map to major depressive disorder symptoms defined in the standard mental disorders diagnostic manual (DSM-5). We propose a new approach to predicting depression using passive sensing data from students' smartphones and wearables. We propose a set of symptom features that proxy the DSM-5 defined depression symptoms specifically designed for college students. We present results from a study of 83 undergraduate students at Dartmouth College across two 9-week terms during the winter and spring terms in 2016. We identify a number of important new associations between symptom features and student self reported PHQ-8 and PHQ-4 depression scores. The study captures depression dynamics of the students at the beginning and end of term using a pre-post PHQ-8 and week by week changes using a weekly administered PHQ-4. Importantly, we show that symptom features derived from phone and wearable sensors can predict whether or not a student is depressed on a week by week basis with 81.5% recall and 69.1% precision.",2018,,Proc. ACM Interact. Mob. Wearable Ubiquitous Technol.,2,1,,,10.1145/3191775,,#12052,Wang 2018,"",""
COVID Student Study: A Year in the Life of College Students during the COVID-19 Pandemic Through the Lens of Mobile Phone Sensing,"Nepal, Subigya; Wang, Weichen; Vojdanovski, Vlado; Huckins, Jeremy F; daSilva, Alex; Meyer, Meghan; Campbell, Andrew","The COVID-19 pandemic continues to affect the daily life of college students, impacting their social life, education, stress levels and overall mental well-being. We study and assess behavioral changes of N=180 undergraduate college students one year prior to the pandemic as a baseline and then during the first year of the pandemic using mobile phone sensing and behavioral inference. We observe that certain groups of students experience the pandemic very differently. Furthermore, we explore the association of self-reported COVID-19 concern with students’ behavior and mental health. We find that heightened COVID-19 concern is correlated with increased depression, anxiety and stress. We evaluate the performance of different deep learning models to classify student COVID-19 concerns with an AUROC and F1 score of 0.70 and 0.71, respectively. Our study spans a two-year period and provides a number of important insights into the life of college students during this period.",2022,,,,,,,10.1145/3491102.3502043,,#12053,Nepal 2022,"",""
Heterogeneous Network Approach to Predict Individuals’ Mental Health,"Liu, Shikang; Vahedian, Fatemeh; Hachen, David; Lizardo, Omar; Poellabauer, Christian; Striegel, Aaron; Milenković, Tijana","Depression and anxiety are critical public health issues affecting millions of people around the world. To identify individuals who are vulnerable to depression and anxiety, predictive models have been built that typically utilize data from one source. Unlike these traditional models, in this study, we leverage a rich heterogeneous dataset from the University of Notre Dame’s NetHealth study that collected individuals’ (student participants’) social interaction data via smartphones, health-related behavioral data via wearables (Fitbit), and trait data from surveys. To integrate the different types of information, we model the NetHealth data as a heterogeneous information network (HIN). Then, we redefine the problem of predicting individuals’ mental health conditions (depression or anxiety) in a novel manner, as applying to our HIN a popular paradigm of a recommender system (RS), which is typically used to predict the preference that a person would give to an item (e.g., a movie or book). In our case, the items are the individuals’ different mental health states. We evaluate four state-of-the-art RS approaches. Also, we model the prediction of individuals’ mental health as another problem type—that of node classification (NC) in our HIN, evaluating in the process four node features under logistic regression as a proof-of-concept classifier. We find that our RS and NC network methods produce more accurate predictions than a logistic regression model using the same NetHealth data in the traditional non-network fashion as well as a random-approach. Also, we find that the best of the considered RS approaches outperforms all considered NC approaches. This is the first study to integrate smartphone, wearable sensor, and survey data in a HIN manner and use RS or NC on the HIN to predict individuals’ mental health conditions.",2021,,ACM Trans. Knowl. Discov. Data,15,2,,,10.1145/3429446,,#12054,Liu 2021,"",""
Leveraging Collaborative-Filtering for Personalized Behavior Modeling: A Case Study of Depression Detection among College Students,"Xu, Xuhai; Chikersal, Prerna; Dutcher, Janine M.; Sefidgar, Yasaman S.; Seo, Woosuk; Tumminia, Michael J.; Villalba, Daniella K.; Cohen, Sheldon; Creswell, Kasey G.; Creswell, J. David; Doryab, Afsaneh; Nurius, Paula S.; Riskin, Eve; Dey, Anind K.; Mankoff, Jennifer","The prevalence of mobile phones and wearable devices enables the passive capturing and modeling of human behavior at an unprecedented resolution and scale. Past research has demonstrated the capability of mobile sensing to model aspects of physical health, mental health, education, and work performance, etc. However, most of the algorithms and models proposed in previous work follow a one-size-fits-all (i.e., population modeling) approach that looks for common behaviors amongst all users, disregarding the fact that individuals can behave very differently, resulting in reduced model performance. Further, black-box models are often used that do not allow for interpretability and human behavior understanding. We present a new method to address the problems of personalized behavior classification and interpretability, and apply it to depression detection among college students. Inspired by the idea of collaborative-filtering, our method is a type of memory-based learning algorithm. It leverages the relevance of mobile-sensed behavior features among individuals to calculate personalized relevance weights, which are used to impute missing data and select features according to a specific modeling goal (e.g., whether the student has depressive symptoms) in different time epochs, i.e., times of the day and days of the week. It then compiles features from epochs using majority voting to obtain the final prediction. We apply our algorithm on a depression detection dataset collected from first-year college students with low data-missing rates and show that our method outperforms the state-of-the-art machine learning model by 5.1% in accuracy and 5.5% in F1 score. We further verify the pipeline-level generalizability of our approach by achieving similar results on a second dataset, with an average improvement of 3.4% across performance metrics. Beyond achieving better classification performance, our novel approach is further able to generate personalized interpretations of the models for each individual. These interpretations are supported by existing depression-related literature and can potentially inspire automated and personalized depression intervention design in the future.",2021,,Proc. ACM Interact. Mob. Wearable Ubiquitous Technol.,5,1,,,10.1145/3448107,,#12064,Xu 2021,"",""
Inferring Mood Instability via Smartphone Sensing: A Multi-View Learning Approach,"Zhang, Xiao; Zhuang, Fuzhen; Li, Wenzhong; Ying, Haochao; Xiong, Hui; Lu, Sanglu","A high correlation between mood instability (MI), the rapid and constant fluctuation in mood, and mental health has been demonstrated. However, conventional approaches to measure MI are limited owing to the high manpower and time cost required. In this paper, we propose a smartphone-based MI detection that can automatically and passively detect MI with minimal human involvement. The proposed method trains a multi-view learning classification model using features extracted from the smartphone sensing data of volunteers and their self-reported moods. The trained classifier is then used to detect the MI of unseen users efficiently, thereby reducing the human involvement and time cost significantly. Based on extensive experiments conducted with the dataset collected from 68 volunteers, we demonstrate that the proposed multi-view learning model outperforms the baseline classifiers.",2019,,,,,1401-1409,,10.1145/3343031.3350957,,#12067,Zhang 2019,"",""
Designing Effective Movement Digital Biomarkers for Unobtrusive Emotional State Mobile Monitoring,"Mehrotra, Abhinav; Musolesi, Mirco","Mobile sensing technologies and machine learning techniques have been successfully exploited to build effective systems for mental health monitoring and intervention. Various approaches have recently been proposed to effectively exploit contextual information such as mobility, communication and mobile usage patterns for quantifying users' emotional states and wellbeing. In particular, it has been shown that location information collected by means of smartphones can be successfully used to monitor and predict depression levels, as measured by means of standard scores such as PHQ-8. In this paper, we investigate the design of novel digital biomarkers based on the fine-grained characterization of the mobility patterns of a user, also considering the temporal dimension of their movements (e.g., sequence of places visited by them). We show that the proposed biomarkers have a statistically significant association with emotional states. We also demonstrate that emotional states have a stronger relationship with mobility patterns of weekdays compared to all days of a week. Finally, we discuss the challenges in using these biomarkers in the implementation of ""emotion-aware"" systems for digital health.",2017,,,,,3-8,,10.1145/3089341.3089342,,#12068,Mehrotra 2017,"",""
Vector Space Representation of Bluetooth Encounters for Mental Health Inference,"Wu, Congyu; Cai, Lihua; Gerber, Matthew S.; Boukhechba, Mehdi; Barnes, Laura E.","Social interactions have multifaceted effects on individuals' mental health statuses, including mood and stress. As a proxy for the social environment, Bluetooth encounters detected by personal mobile devices have been used to improve mental health prediction and have shown preliminary success. In this paper, we propose a vector space model representation of Bluetooth encounters in which we convert encounters into spatiotemporal tokens within a multidimensional feature space. We discuss multiple token designs and feature value schemes and evaluate the predictive power of the resulting features for stress recognition tasks using the StudentLife and Friends &amp; Family datasets. Our findings motivate further discussion and research on bag-of-words approaches for representing raw mobile sensing signals for health outcome inference.",2018,,,,,1691-1699,,10.1145/3267305.3267535,,#12070,Wu 2018,"",""
Discovery of Behavioral Markers of Social Anxiety from Smartphone Sensor Data,"Huang, Yu; Gong, Jiaqi; Rucker, Mark; Chow, Philip; Fua, Karl; Gerber, Matthew S.; Teachman, Bethany; Barnes, Laura E.","Better understanding of an individual's smartphone use can help researchers to understand the relationship between behaviors and mental health, and ultimately improve methods for early detection, evaluation, and intervention. This relationship may be particularly significant for individuals with social anxiety, for whom stress from social interactions may arise repeatedly and unexpectedly over the course of a day. For this reason, we present an exploratory study of behavioral markers extracted from smartphone data. We examine fine-grained behaviors before and after smartphone communication events across social anxiety levels. To discover behavioral markers, we model the smartphone as a linear dynamical system with the accelerometer data as output. In a two-week study of 52 college students, we find substantially different behavioral markers prior to outgoing phone calls when comparing individuals with high and low social anxiety.",2017,,,,,9-14,,10.1145/3089341.3089343,,#12089,Huang 2017,"",""
State affect recognition using smartphone sensing data,"Cai, Lihua; Boukhechba, Mehdi; Wu, Congyu; Chow, Philip I.; Teachman, Bethany A.; Barnes, Laura E.; Gerber, Matthew S.","Momentary experiences of positive and negative emotionality— also referred to as state affect—are core components of well-being and performance. The ability to unobtrusively monitor state affect could raise individuals' awareness of their mental health status and enable healthcare providers to deliver targeted, just-in-time mental health interventions. In this work, we investigate whether passively sensed smartphone data can be used to recognize individuals' state affect. Our exploratory analysis uses data generated from 220 participants in a two-week study, and our results indicate that fluctuations in participants' negative state affect are associated with various aspects of context including current physical state, geographic location, and time. We also test algorithms that predict participants' negative state affect given contextual features, comparing the impact of historical contextual features on prediction performance.",2020,,,,,120-125,,10.1145/3278576.3284386,,#12096,Cai 2020,"",""
DeepMood: Modeling Mobile Phone Typing Dynamics for Mood Detection,"Cao, Bokai; Zheng, Lei; Zhang, Chenwei; Yu, Philip S.; Piscitello, Andrea; Zulueta, John; Ajilore, Olu; Ryan, Kelly; Leow, Alex D.","The increasing use of electronic forms of communication presents new opportunities in the study of mental health, including the ability to investigate the manifestations of psychiatric diseases unobtrusively and in the setting of patients' daily lives. A pilot study to explore the possible connections between bipolar affective disorder and mobile phone usage was conducted. In this study, participants were provided a mobile phone to use as their primary phone. This phone was loaded with a custom keyboard that collected metadata consisting of keypress entry time and accelerometer movement. Individual character data with the exceptions of the backspace key and space bar were not collected due to privacy concerns. We propose an end-to-end deep architecture based on late fusion, named DeepMood, to model the multi-view metadata for the prediction of mood scores. Experimental results show that 90.31% prediction accuracy on the depression score can be achieved based on session-level mobile phone typing dynamics which is typically less than one minute. It demonstrates the feasibility of using mobile phone metadata to infer mood disturbance and severity.",2017,,,,,747-755,,10.1145/3097983.3098086,,#12112,Cao 2017,"",""
Semi-supervised Graph Instance Transformer for Mental Health Inference,G. Dong; M. Tang; L. Cai; L. E. Barnes; M. Boukhechba,"Mental health disorders, such as generalized anxiety disorder and depression, are prevalent in modern society. Early detection of mental illness is essential to minimize the negative consequences of long-term psychological discomfort and behavioral dysfunction. As a diverse set of embedded sensors in smart mobile devices becomes commonplace, passively and continuously collected mobile sensing data are increasingly being used to develop machine learning based tools for early-stage disease diagnosis. In the training process of machine learning models, self-reported results from ecological momentary assessments (EMAs) are usually employed to provide supervisions. However, complete responses of these high-frequency surveys in the wild are impractical due to heavy user burden and low user engagement. Without the availability of EMA responses in low level of label granularity, the annotations in the high level can only provide weak supervisions. To leverage the vast majority of unannotated data in different levels of granularity, in this paper, we propose an end-to-end graph neural network algorithm called semi-supervised Graph Instance Transformer (SS-GIT) based on multiple instance learning and contrastive self-supervised learning to predict early signs of generalized anxiety disorder and depression under the weak supervisions. Using a mobile sensing dataset that we collected from around 1,300 participants in the wild, our empirical results demonstrate improved performance when compared to the existing state-of-the-art baseline graph neural networks for mental health inference. On average, our proposed model outperforms the best baseline model by 8.8% on Fl-score, 6.7% on ROC-AUC, and 7.2% on PR-AUC.",2021,,2021 20th IEEE International Conference on Machine Learning and Applications (ICMLA),,,1221-1228,,10.1109/ICMLA52953.2021.00198,,#12124,G 2021,"",""
AI-Based Mental Health Assessment for Adolescents Using Their Daily Digital Activities,D. H. Kim; J. Lee; T. Lee; S. Baek; S. Jin; H. Yoo; Y. Cho; S. Park; K. Cho; C. -G. Lee,"Adolescents and their parents hesitate to acknowledge mental health issues until symptoms severely worsen, making timely treatment challenging. Moreover, infrequent psychiatric consultations often fail to adjust treatments to the dynamic nature of mental health states. To address these issues, our paper proposes an AI-based mental health assessment framework for adolescent mental health through non-invasively collected data from daily digital activities on their mobile devices, including tablets and smartphones. For this, we collect fifteen different types of passive sensor data across three primary categories of activities: studying, smartphone using, and metaverse gaming. Additionally, each adolescent completes self-survey reports on eight different disorders which are used as labels. Then, feature extraction is conducted based on this dataset, which yields 1,523 features that could function as potential digital biomarkers of mental health conditions in adolescents. Utilizing these features, our algorithm named CAMP: Customizable Automated Machine learning Process incorporates simulated annealing for feature selection. This approach enables the construction of AI models for mental health assessment that are finely tuned to domain specific strategies. Our experiments show that our proposed framework can significantly improve models' performance.",2024,,2024 IEEE 11th International Conference on Data Science and Advanced Analytics (DSAA),,,1-10,,10.1109/DSAA61799.2024.10722823,,#12130,D 2024,"",""
Depressive Disorder Remote Detection through Touchscreen Typing Behaviour,R. Fadul; H. Alfalahi; A. A. Shehhi; L. Hadjileontiadis,"Depressive Disorder (DD) is a leading cause of disability worldwide. Passive tools for screening the symptoms of DD are essential in monitoring and limiting the spread of the disease. From an alternative perspective, individuals’ kinetic expression and activities, including smartphone interaction, reflect their mental status. Such widely available data in everyday life form a promising source of information on keystroke dynamics and their characteristics. This work explores how keystroke dynamics derived from touchscreen typing patterns have revealed the diagnosis of mental disorders, particularly depressive disorders. Different deep learning approaches were established to detect patients’ depressive tendencies denoted by the self-reported Patient Health Questionnaire-9 (PHQ-9) score based on keystroke digital biomarkers. In particular, Convolutional Neural Networks (CNN), Long-Short-Term-Memory (LSTM), and CNN-LSTM models were examined and compared. The keystroke sequences are captured unobtrusively during routine interaction with touchscreen smartphones in a non-clinical setting. This study used 23,264 typing sessions provided by 10 DD patients and 14 healthy controls (HC). The proposed approach was investigated under two keystroke feature combinations and validated utilizing a leave-one-subject-out (LOSO) cross-validation scheme. The best-performing LSTM-with-hold-time (LSTM-HT) model achieved an Area Under Curve (AUC) of 0.86 with the correlated probabilities for subjects’ status [95% confidence interval (CI):0.66–1.00, sensitivity/specificity (SE/SP) of 0.8/0.93].Clinical relevance— The findings of this research have the potential to contribute to improving digital tools for objectively screening mental disorders in the wild. Moreover, they would potentially provide the users and their attending psychiatrists with information regarding the evolution of their mental health.",2023,,2023 45th Annual International Conference of the IEEE Engineering in Medicine & Biology Society (EMBC),,,1-4,,10.1109/EMBC40787.2023.10340393,,#12134,R 2023,"",""
EmoKey: An Emotion-aware Smartphone Keyboard for Mental Health Monitoring,S. Ghosh; S. Sahu; N. Ganguly; B. Mitra; P. De,"The rate of mental health disorders is rising across the globe. While it significantly affects the quality of life, an early detection can prevent the fatal consequences. Existing literature suggests that mobile based sensing technology can be used to determine different mental health conditions like stress, bipolar disorder. In today's smartphone based communication, a significant portion is based on instant messaging apps like WhatsApp; thus providing the opportunity to unobtrusively monitor the text input interaction pattern to track mental state. We, in this paper, leverage on the text entry pattern to track multiple emotion states. We design, develop and implement an Android based smartphone keyboard EmoKey, which monitors user's typing pattern and determines four emotion states (happy, sad, stressed, relaxed) by developing an on-device, personalized machine learning model. We evaluate EmoKey with 22 participants in a 3-week in-the-wild study, which reveals that it can detect the emotions with an average accuracy (AUCROC) of 78%.",2019,,2019 11th International Conference on Communication Systems & Networks (COMSNETS),,,496-499,,10.1109/COMSNETS.2019.8711078,,#12138,S 2019,"",""
Automatic Bipolar Disorder Assessment Using Machine Learning With Smartphone-Based Digital Phenotyping,C. -H. Wu; J. -H. Hsu; C. -R. Liou; H. -Y. Su; E. C. -L. Lin; P. -S. Chen,"Bipolar disorder (BD) is one of the most common mental illnesses worldwide. In this study, a smartphone application was developed to collect digital phenotyping data of users, and an ensemble method combining the results from a model pool was established through heterogeneous digital phenotyping. The aim was to predict the severity of bipolar symptoms by using two clinician-administered scales, the Hamilton Depression Rating Scale (HAM-D) and the Young Mania Rating Scale (YMRS). The collected digital phenotype data included the user’s location information (GPS), self-report scales, daily mood, sleep patterns, and multimedia records (text, speech, and video). Each category of digital phenotype data was used for training models and predicting the rating scale scores (HAM-D and YMRS). Seven models were tested and compared, and different combinations of feature types were used to evaluate the performance of heterogeneous data. To address missing data, an ensemble approach was employed to increase flexibility in rating scale score prediction. This study collected heterogeneous digital phenotype data from 84 individuals with BD and 11 healthy controls. Five-fold cross-validation was employed for evaluation. The experimental results revealed that the Lasso and ElasticNet regression models were the most effective in predicting rating scale scores, and heterogeneous data performed better than homogeneous data, with a mean absolute error of 1.36 and 0.55 for HAM-D and YMRS, respectively; this margin of error meets medical requirements.",2023,,IEEE Access,11,,121845-121858,,10.1109/ACCESS.2023.3328342,,#12149,C 2023,"",""
Temporal and Type Correlation in Digital Phenotyping for Bipolar Disorder State Prediction Using Multitask Self-Supervised Learning,J. -H. Hsu; H. -W. Tseng; C. -H. Wu; E. C. -L. Lin; P. See Chen,"Bipolar disorder is a prevalent mental illness characterized by a high relapse rate. In this study, we propose an early warning system that utilizes digital phenotyping to collect various data points from bipolar patients, including location information, self-assessment scales, daily mood reports, sleep patterns, and multimedia records, through a mobile application. These collected data are utilized to develop a predictive model for assessing the risk state of bipolar disorder. Compared to traditional recurrence prediction methods, this study incorporates medical records, medication data, and emergency records, as suggested by medical professionals, to define the five states of bipolar disorder, leading to enhanced accuracy. To account for data type correlation and temporal correlation, we employ a multitask self-supervised learning mechanism. The proposed method is trained on a Gated recurrent unit and demonstrates an improved prediction accuracy of 88.2% on the collected test data, as compared to the baseline accuracy of 85.1%. These findings highlight the significant importance of considering data type and temporal correlations in digital phenotyping for predicting the state of bipolar disorder.",2023,,2023 Asia Pacific Signal and Information Processing Association Annual Summit and Conference (APSIPA ASC),,,2189-2195,,10.1109/APSIPAASC58517.2023.10317215,,#12151,J 2023,"",""
Classifying Depression in Imbalanced Datasets Using an Autoencoder- Based Anomaly Detection Approach,W. Gerych; E. Agu; E. Rundensteiner,"Depression is the most prevalent mental health ailment in the United States, affecting 15% of the population. Untreated depression can significantly decrease quality of life, physical health, and has significant economic and societal costs. The traditional method of diagnosing depression requires the patient to respond to medical questionnaires and is subjective. Passive methods to autonomously detect depression are desirable. Prior work on smartphone sensing of depression has utilized machine learning classification of smartphone sensor data. However, as with many ailments, the percentage of afflicted users in most populations is small compared with those unaffected, leading to severe class imbalance. In this work, we explore anomaly detection methods as a method for mitigating class imbalance for depression detection. Our approach adopts a multi-stage machine learning pipeline. First, using autoen-coders, we project the mobility features of the majority class (undepressed users). Thereafter, the trained autoencoder then classifies a test set of users as either depressed (anomalous) or not depressed (inliers) using a One Class SVM algorithm. Our method, when applied to the real-world StudentLife data set shows that even with an extremely imbalanced dataset, our method is able to detect individuals with depression symptoms with an AUC-ROC of 0.92, significantly outperforming traditional machine learning classification approaches.",2019,,2019 IEEE 13th International Conference on Semantic Computing (ICSC),,,124-127,,10.1109/ICOSC.2019.8665535,,#12167,W 2019,"",""
Privacy Preserving Loneliness Detection: A Federated Learning Approach,M. M. Qirtas; D. Pesch; E. Zafeiridi; E. B. White,"Today's smartphones have sensors that enable monitoring and collecting data on users' daily activities, which may be converted into behavioral indicators of users' health and well-being. Although previous research has used passively sensed data through smartphones to identify users' mental health state, including loneliness, anxiety, depression, and even schizophrenia, the issue of user data privacy in this context has not been well addressed. Here we focus on the feeling of loneliness, which, if persistent, is associated with a number of negative health outcomes. While modern artificial intelligence technology, specifically machine learning, can assist in detecting loneliness or depression, current approaches have applied machine learning to centrally collected user data at a single location with the potential to compromise user data privacy. To address the issue of privacy, we investigated the feasibility of using federated learning on single user data to identify loneliness collected by different smartphone sensors. Federated learning can help protect user privacy by avoiding the transmission of sensitive data from mobile devices to a central server location. To evaluate the federated method's performance in detecting loneliness, we also trained models on all user data using a centralised machine learning approach and compared the results. The results indicate that federated learning has considerable promise for detecting loneliness in a binary classification problem while maintaining user data privacy.",2022,,2022 IEEE International Conference on Digital Health (ICDH),,,157-162,,10.1109/ICDH55609.2022.00032,,#12176,M 2022,"",""
Toward Detecting Maternity Neurosis by Using Passive Mobile Sensing: Preliminary Investigation,X. Gu; A. Taya; Y. Nishiyama; K. Sezaki,"Child-rearing depression, triggered by the chronic stress of parenting, can lead to serious mental health issues if not detected early. This study uses passive mobile sensing to analyze the behavioral and psychological patterns of households with preschool children. By collecting data from 131 participants (including 18 parents of preschoolers), we aim to differentiate child-rearing anxiety and behavior patterns. Our focus includes step counts, location data, call frequency, and psychological states. Results indicate that parents of preschoolers have fewer steps, visit fewer locations, and have higher call activity. They also show higher stress and anxiety but lower depression levels, suggesting that family support may mitigate depressive symptoms. These insights could aid in developing early detection and intervention strategies for child-rearing depression.",2024,,"2024 IEEE International Conference on E-health Networking, Application & Services (HealthCom)",,,1-1,,10.1109/HealthCom60970.2024.10880785,,#12183,X 2024,"",""
Loneliness Forecasting Using Multi-modal Wearable and Mobile Sensing in Everyday Settings,Z. Yang; I. Azimi; S. Jafarlou; S. Labbaf; J. Borelli; N. Dutt; A. M. Rahmani,"The adverse effects of loneliness on both physical and mental well-being are profound. Although previous research has utilized mobile sensing techniques to detect mental health issues, few studies have utilized state-of-the-art wearable devices to forecast loneliness and comprehend the physiological manifestations of loneliness and its predictive nature. The primary objective of this study is to examine the feasibility of forecasting loneliness by employing wearable devices, such as smart rings and watches, to monitor early physiological indicators of loneliness. Furthermore, smartphones are employed to capture initial behavioral signs of loneliness. To accomplish this, we employed personalized machine learning techniques, leveraging a comprehensive dataset comprising physiological and behavioral information obtained during our study involving the monitoring of college students. Through the development of personalized models, we achieved a notable accuracy of 0.82 and an F-1 score of 0.82 in forecasting loneliness levels seven days in advance. Additionally, the application of Shapley values facilitated model explainability. The wealth of data provided by this study, coupled with the forecasting methodology employed, possesses the potential to augment interventions and facilitate the early identification of loneliness within populations at risk.",2023,,2023 IEEE 19th International Conference on Body Sensor Networks (BSN),,,1-4,,10.1109/BSN58485.2023.10331561,,#12184,Z 2023,"",""
Clustering and Feature Analysis of Smartphone Data for Depression Monitoring,B. Nguyen; S. Kolappan; V. Bhat; S. Krishnan,"Modern advancements have allowed society to be at the most innovative stages of technology which involves the possibility of multimodal data collection. Dartmouth dataset is a rich dataset collected over 10 weeks from 60 participants. The dataset includes different types of data but this paper focuses on 10 different smartphone sensor data and a Patient Health Questionnaire (PHQ) 9 survey that monitors the severity of depression. This paper extracts key features from smartphone data to identify depression. A multi-view bi-clustering (MVBC) algorithm is applied to categorize homogeneous behaviour subgroups. MVBC takes multiple views of sensing data as input. The algorithm inputs three views: average, trend, and location views. MVBC categorizes the subjects to low, medium and high PHQ-9 scores. Real-world data collection may have fewer sensors, allowing for less features to be extracted. This creates a focus on prioritization of features. In this body of work, minimum redundancy maximum relevance (mRMR) is applied to the sensing features to prioritize the features that better distinguish the different groups. The resulting MVBC are compared to literature to support the categorized clusters. Decision Tree (DT) 10-fold cross validation shows that our method can classify individuals into the correct subgroups using a reduced number of features to achieve an overall accuracy of 94.7±1.62%. Achieving high accuracies with reduced features allows for focus on low power analysis and edge computing applications for long-term mental health monitoring using a smartphone.",2021,,2021 43rd Annual International Conference of the IEEE Engineering in Medicine & Biology Society (EMBC),,,113-116,,10.1109/EMBC46164.2021.9629737,,#12215,B 2021,"",""
Physiological Stress Level Estimation Based on Smartphone Logs,N. Yamamoto; K. Ochiai; A. Inagaki; Y. Fukazawa; M. Kimoto; K. Kiriu; K. Kaminishi; J. Ota; T. Okimura; Y. Terasawa; T. Maeda,"Recently, inferring the state of people’s mental health via passive mobile sensing has attracted significant attention. Previous studies have used the self-assessed stress levels as the ground truth; however, these are subjective measures. In this study, we use a physiologically-assessed stress metric to minimize the effect of participant subjectivity and further estimate it using behavioral features based on the smartphone usage logs. We initially requested the study participants (39 participants) to attach heart rate sensors for 8 hours per day and simultaneously collected continuous heart rate data and smartphone logs for 42 days. Further, we divided the participants into four types via clustering using the behavioral features derived from their smartphone sensor logs and trained each model via supervised learning using the heart rate data as the ground truth. Our results exhibit that the proposed method is more accurate (71%) as compared to the baseline method (54%). This demonstrates that physiologically-assessed stress levels can be estimated based on the implicit features that are gathered from the smartphone logs.",2018,,2018 Eleventh International Conference on Mobile Computing and Ubiquitous Network (ICMU),,,1-6,,10.23919/ICMU.2018.8653590,,#12222,N 2018,"",""
An Automated Machine Learning Pipeline for Monitoring and Forecasting Mobile Health Data,A. Bonaquist; M. Grehan; O. Haines; J. Keogh; T. Mullick; N. Singh; S. Shaaban; A. Radovic; A. Doryab,"Mobile sensing and analysis of data streams collected from personal devices such as smartphones and fitness trackers have become useful tools to help health professionals monitor and treat patients outside of clinics. Research in mobile health has largely focused on feasibility studies to detect or predict a health status. Despite the development of tools for collection and processing of mobile data streams, such approaches remain ad hoc and offline. This paper presents an automated machine learning pipeline for continuous collection, processing, and analysis of mobile health data. We test this pipeline in an application for monitoring and predicting adolescents’ mental health. The paper presents system engineering considerations based on an exploratory machine learning analysis followed by the pipeline implementation.",2021,,2021 Systems and Information Engineering Design Symposium (SIEDS),,,1-6,,10.1109/SIEDS52267.2021.9483755,,#12249,A 2021,"",""
Smartphone-Based Recognition of States and State Changes in Bipolar Disorder Patients,A. Grünerbl; A. Muaremi; V. Osmani; G. Bahle; S. Öhler; G. Tröster; O. Mayora; C. Haring; P. Lukowicz,"Today's health care is difficult to imagine without the possibility to objectively measure various physiological parameters related to patients' symptoms (from temperature through blood pressure to complex tomographic procedures). Psychiatric care remains a notable exception that heavily relies on patient interviews and self-assessment. This is due to the fact that mental illnesses manifest themselves mainly in the way patients behave throughout their daily life and, until recently there were no “behavior measurement devices.” This is now changing with the progress in wearable activity recognition and sensor enabled smartphones. In this paper, we introduce a system, which, based on smartphone-sensing is able to recognize depressive and manic states and detect state changes of patients suffering from bipolar disorder. Drawing upon a real-life dataset of ten patients, recorded over a time period of 12 weeks (in total over 800 days of data tracing 17 state changes) by four different sensing modalities, we could extract features corresponding to all disease-relevant aspects in behavior. Using these features, we gain recognition accuracies of 76% by fusing all sensor modalities and state change detection precision and recall of over 97%. This paper furthermore outlines the applicability of this system in the physician–patient relations in order to facilitate the life and treatment of bipolar patients.",2015,,IEEE Journal of Biomedical and Health Informatics,19,1,140-148,,10.1109/JBHI.2014.2343154,,#12258,A 2015,"",""
A Topic-Guided Self-Attention Network for Daily Mental Wellbeing Prediction Using Mobile Devices,Z. Xu; G. Liu; G. Zhao; Z. Zhang; C. Li; C. Wang,"Prediction of daily mental wellbeing holds profound implications for individual healthcare and societal stability. Previous studies have shown the potential of using individual's multimodal behavioral data collected through mobile devices to predict his/her daily mental wellbeing metrics, such as stress, mood, and anxiety. However, effectively capturing long-range dependencies in behavioral time series data while accurately representing the statistical distribution patterns of various behaviors over a certain period is a significant challenge. In this paper, we propose a daily mental wellbeing prediction model based on a Topic-Guided Self-Attention Network (TGSAN). This model utilizes self-attention mechanism to capture long-range dependencies from the behavioral data collected by mobile devices. We utilize a multi-granularity time encoding method to inject time information of different granularities (i.e., day and hour, or week and day) into the behavioral data, thereby enhancing the sensibility of the self-attention network to capture every individual's habitual cyclicality rhythm. Then, we introduce a neural topic model to analyze the statistical distribution characteristics of various behaviors in the monitoring period as behavioral distribution patterns for different individuals, and further propose a topic attention network to enhance the model's classification performance by guiding the weights of long-range dependencies features from the self-attention network with the derived topic information. Compared to state-of-the-art methods, the proposed TGSAN achieved superior performance on datasets that measure different mental health indicators (stress, mood, and anxiety), with F1 scores outperforming by 4.5% and 2.3% on the Crosscheck and StudentLife datasets, respectively, and accuracy outperforming by 3.3% on the GLOBEM dataset. Our study demonstrates the effectiveness and interpretability of combining self-attention mechanisms with neural topic model, for a better understanding of the relationship between different individuals’ behaviors and their mental wellbeing.",2025,,IEEE Transactions on Affective Computing,16,2,783-798,,10.1109/TAFFC.2024.3471654,,#12271,Z 2025,"",""
Monintoring Student Depression by Mobile Devices with Autoencoder Networks,X. Ge; Z. Chen; L. Li; Q. Long; Z. Yuan,"The timely assessment of mental health is difficult since we lack the objective measurements of symptoms, especially for the Covid-19 pandemic quarantined students. Fortunately, smart phones can capture the real-world data such as the GPS traces and the phone active time et.al that link the behavioral patterns to the mental health. However, recent studies are based on a very small size of participants and only collect fewer phone features, which means that the effective predicting models which require various features are hardly adopted. In this paper, we develop an android application to record multidimensional data of users as well as a PHQ-9 and a SAS questionary, and we distribute it to 176 college students to collect larger scale data when in quarantine period. To address the unprecise problem of handcrafted feature extraction, we design an autoencoder machine learning model to monitor the student mental health. Extensive experiments indicate that the performance of the proposed method improves its F-1 score for PHQ-9 and SAS by 5% and 6% to the state of the current studies, respectively.",2023,,"2023 3rd International Conference on Neural Networks, Information and Communication Engineering (NNICE)",,,342-346,,10.1109/NNICE58320.2023.10105715,,#12274,X 2023,"",""
Sequence Modeling of Passive Sensing Data for Treatment Response Prediction in Major Depressive Disorder,B. Zou; X. Zhang; L. Xiao; R. Bai; X. Li; H. Liang; H. Ma; G. Wang,"Major depressive disorder (MDD) is a prevalent mental health condition and has become a pressing societal challenge. Early prediction of treatment response may aid in the rehabilitation engineering of depression, which is of great practical significance for the relief of suffering and burden of MDD. In this paper, we present a sequence modeling approach that uses data collected by passive sensing techniques to predict patients with an outcome of treatment responded defined by the reduction in clinical administrated scales. Hundreds of patients with MDD have been recruited from outpatient clinics at 4 psychiatric sites. Each has been delivered with a self-developed app to passively record their daily phone usage and physical data with minimal human action. An unavoidable dilemma in passive sensing is missing values. To overcome that, the proposed approach combined feature extraction and sequence modeling methods to fully utilize the pattern of missing values from longitudinal data. With no treatment constraints, it enables us to predict the treatment response of MDD 8–10 weeks before the completion of the treatment course, leaving time for preventative measures. Our work explored the feasibility of treatment response prediction using longitudinal passive sensing data and sparse ground truth, and also has the potential for preventing depression by forecasting treatment outcomes weeks in advance.",2023,,IEEE Transactions on Neural Systems and Rehabilitation Engineering,31,,1786-1795,,10.1109/TNSRE.2023.3260301,,#12325,B 2023,"",""
"COTIDIANA Dataset – Smartphone-Collected Data on the Mobility, Finger Dexterity, and Mental Health of People With Rheumatic and Musculoskeletal Diseases",P. Matias; R. Araújo; R. Graça; A. R. Henriques; D. Belo; M. Valada; N. N. Lotfi; E. F. Mateus; H. Radner; A. M. Rodrigues; P. Studenic; F. Nunes,"Rheumatic and Musculoskeletal Diseases (RMDs) are very common and can negatively impact patients' quality of life. The current care of patients with RMDs is episodic, based on a few yearly doctor visits, which may not provide an adequate picture of the patient's condition. Researchers have hypothesized that RMDs could be passively monitored using smartphones or sensors, however, there are no datasets to support this development. We introduce the COTIDIANA Dataset: a holistic, multimodal, multidimensional, and open-access resource that gathers data on mobility and physical activity, finger dexterity, and mental health, key dimensions affected by RMDs. We gathered smartphone and self-reported data from 31 patients and 28 age-matched controls, including inertial sensors, keyboard metrics, communication logs, and reference tests/scales. A preliminary analysis showed the potential for extracted metrics to predict RMD diagnosis and condition characteristics. Our dataset shall enable the community to create mobile and wearable-based solutions for patients with RMDs.",2024,,IEEE Journal of Biomedical and Health Informatics,28,11,6538-6547,,10.1109/JBHI.2024.3456069,,#12382,P 2024,"",""
Towards Privacy-Preserving Depression Detection: Experiments on Passive Sensor Signal Data,A. Yuan; M. Xu; H. Zhu; S. Samtani; E. Garcia,"Mental health such as depression issues are on an unfortunate rise. Analyzing signals generated from sensors using machine learning (ML) techniques has shown promise as an objective, holistic, and cost-effective tool for assessing human mental conditions. However, many sensors often expose individuals’ Personally Identifiable Information (PII). In this work-in-progress study, we explore the performance of ML-based models for depression detection using only non-PII-releasing sensors. We compared the performance of prevailing ML models on the StudentLife dataset, which contains sensor signal data from smartphones for 48 students across 65 days. Our findings suggest that Decision Tree, Gradient Boosting, and Logistic Regression show higher predictive power even with limited non-PII-releasing sensor data. Additionally, we found that certain combinations of non-PII releasing sensors, such as surrounding conversation and phone lock frequency, help ML classifiers attain almost perfect performance across accuracy, recall, precision, and F1. This study has implications for a privacy-preserving approach for detecting depression.",2023,,2023 IEEE International Conference on Digital Health (ICDH),,,115-117,,10.1109/ICDH60066.2023.00025,,#12393,A 2023,"",""
Tree-based Ensemble Learning for Stress Detection by Typing Behavior on Smartphones,A. Sukma Darmawan; F. Ernawan; I. Benawan; Z. Akbar Andriawan; A. Wibowo; A. Sugiharto; E. Adi Sarwoko; M. Kusuma,"Stress is an emotional feeling that arises in a person in response to unpleasant external pressures or demands. Stress can be obtained from environmental, work, academic, economic, and other problems. The COVID-19 pandemic, which is changing people’s lifestyles, has a major impact on people’s mental health. The experiments used 1522 respondents that related to stress problems due to the COVID-19 pandemic from the Indonesian Association of Mental Medicine Specialists (PSDKJI), the prevalence reached 64.3%. There are many different ways to detect stress, but most of them require special tools to identify it. This paper presents a prediction based on machine learning for identifying the stress levels by typing behavior data on a smartphone keyboard. This study uses tree-based ensemble learning to make predictions. Based on the experimental results, the Random Forest model produces the best accuracy with a value of 94.77%. The most influential feature of the model is the standard deviation feature of the gravity sensor on the Z-axis.",2021,,2021 International Conference on Software Engineering & Computer Systems and 4th International Conference on Computational Science and Information Management (ICSECS-ICOCSIM),,,394-398,,10.1109/ICSECS52883.2021.00078,,#12426,A 2021,"",""
Automatic Stress Detection in Working Environments From Smartphones’ Accelerometer Data: A First Step,E. Garcia-Ceja; V. Osmani; O. Mayora,"Increase in workload across many organizations and consequent increase in occupational stress are negatively affecting the health of the workforce. Measuring stress and other human psychological dynamics is difficult due to subjective nature of selfreporting and variability between and within individuals. With the advent of smartphones, it is now possible to monitor diverse aspects of human behavior, including objectively measured behavior related to psychological state and consequently stress. We have used data from the smartphone's built-in accelerometer to detect behavior that correlates with subjects stress levels. Accelerometer sensor was chosen because it raises fewer privacy concerns (e.g., in comparison to location, video, or audio recording), and because its low-power consumption makes it suitable to be embedded in smaller wearable devices, such as fitness trackers. About 30 subjects from two different organizations were provided with smartphones. The study lasted for eight weeks and was conducted in real working environments, with no constraints whatsoever placed upon smartphone usage. The subjects reported their perceived stress levels three times during their working hours. Using combination of statistical models to classify selfreported stress levels, we achieved a maximum overall accuracy of 71% for user-specific models and an accuracy of 60% for the use of similar-users models, relying solely on data from a single accelerometer.",2016,,IEEE Journal of Biomedical and Health Informatics,20,4,1053-1060,,10.1109/JBHI.2015.2446195,,#12467,E 2016,"",""
ALOE: Active Learning based Opportunistic Experience Sampling for Smartphone Keyboard driven Emotion Self-report Collection,S. Ghosh; B. Mitra; P. de,"Smartphone keyboard interaction based emotion detection systems are used widely to provide value-added services such as mental health monitoring, keyboard layout optimization, guided response generation. At the core of these services lie a machine learning model, which automatically infers emotion based on keyboard interaction pattern. To train these models, the emotion ground truth labels are typically collected as emotion self-report by conducting an Experience Sampling Method (ESM) based study. However, as responding to repetitive self-report probes is time-consuming and fatigue-inducing, efficient self-report collection approaches are essential that avoid probing at inopportune moments and reduce survey fatigue. To address this problem, we propose an active learning based framework, ALOE (Active Learning based Opportunistic Experience Sampling for Emotion Self-report Collection) that automatically decides to avoid probing at the unfavorable moments based on the typing signatures captured from smartphone keyboard interaction sessions. We bootstrap the framework with a few labeled instances (typing session) and allow the learner to probe (or query) the user only when it is least confident about an instance (typing session) and retrain accordingly. This way, we reduce the number of probes required (and therefore user engagement) and yet probe at the opportune moments. We evaluate ALOE in a 3-week in-the-wild study involving 18 participants, who record their smartphone keyboard interaction patterns and emotion self-reports during this period. The experimental results demonstrate that ALOE requires 56% less inopportune self-reports to train the probing moment detection learning model and yet detects the probing moments accurately with an average F-score of 93%.",2022,,2022 10th International Conference on Affective Computing and Intelligent Interaction (ACII),,,1-8,,10.1109/ACII55700.2022.9953819,,#12504,S 2022,"",""
Underbagging-Based Ensemble Learning approach to Detection of Depression from Smartphone Logs,K. Sakaguchi; T. Sakuma; S. Kato,"Depression requires early diagnosis and appropriate treatment at psychiatry and psychosomatic medicine. However many patients hesitate to receive a treatment because of resistance to medical institutions. Healthcare support systems have been developed to detect depression from lifelog data and encourage medical consultation. In this paper, we propose a model to detect depression based on a dataset containing smartphone logs and answers to questionnaires. We analyze 14 days of dataset from 38 university students and discriminate whether the user is depressed or not by a daily smartphone log. We propose a underbagging-based depression detection model using ensemble learning combined with undersampling. We confirmed that our method can detect depression with sensivity of 0.84 and g-mean of 0.70.",2023,,2023 IEEE 12th Global Conference on Consumer Electronics (GCCE),,,1026-1027,,10.1109/GCCE59613.2023.10315432,,#12542,K 2023,"",""
dpMood: Exploiting Local and Periodic Typing Dynamics for Personalized Mood Prediction,H. Huang; B. Cao; P. S. Yu; C. -D. Wang; A. D. Leow,"Mood disorders are common and associated with significant morbidity and mortality. Early diagnosis has the potential to greatly alleviate the burden of mental illness and the ever increasing costs to families and society. Mobile devices provide us a promising opportunity to detect the users' mood in an unobtrusive manner. In this study, we use a custom keyboard which collects keystrokes' meta-data and accelerometer values. Based on the collected time series data in multiple modalities, we propose a deep personalized mood prediction approach, called dpMood, by integrating convolutional and recurrent deep architectures as well as exploring each individual's circadian rhythm. Experimental results not only demonstrate the feasibility and effectiveness of using smart-phone meta-data to predict the presence and severity of mood disturbances in bipolar subjects, but also show the potential of personalized medical treatment for mood disorders.",2018,,2018 IEEE International Conference on Data Mining (ICDM),,,157-166,,10.1109/ICDM.2018.00031,,#12548,H 2018,"",""
Behavioral Indicators of Loneliness: Predicting University Students' Loneliness Scores from Smartphone Sensing Data,"Wu, Qianjie; Zhang, Tianyi; Jia, Hong; D'Alfonso, Simon","Loneliness is a critical mental health issue among university students, yet traditional monitoring methods rely primarily on retrospective self-reports and often lack real-time behavioral context. This study explores the use of passive smartphone sensing data to predict loneliness levels, addressing the limitations of existing approaches in capturing its dynamic nature. We integrate smartphone sensing with machine learning and large language models respectively to develop generalized and personalized models. Our Random Forest generalized models achieved mean absolute errors of 3.29 at midterm and 3.98 (out of 32) at the end of semester on the UCLA Loneliness Scale (short form), identifying smartphone screen usage and location mobility to be key predictors. The one-shot approach leveraging large language models reduced prediction errors by up to 42% compared to zero-shot inference. The one-shot results from personalized models highlighted screen usage, application usage, battery, and location transitions as salient behavioral indicators. These findings demonstrate the potential of smartphone sensing data for scalable and interpretable loneliness detection in digital mental health.",2026,,Companion of the 2025 ACM International Joint Conference on Pervasive and Ubiquitous Computing,,,1569-1575,,10.1145/3714394.3756345,,#12600,Wu 2026,"",study_updation_25_26
"Personalization Matters: Benchmarking ML, DL and LLMs for Mental Health Forecasting from Smartphone Sensing Data","Feng, Kaidong; Sun, Zhu; Lee, Roy Ka-Wei; Jiang, Xun; Theng, Yin-Leng; Ding, Yi","Smartphone sensing offers a scalable, unobtrusive window into daily behavioral patterns linked to mental health. While prior work focuses on detection — identifying current conditions — forecasting future mental health states enables proactive, Just-in-Time Adaptive Interventions before crises emerge. We present the first benchmarking study comparing traditional machine learning (ML), deep learning (DL), and large language models (LLMs) for mental health forecasting using the College Experience Sensing dataset — the most extensive longitudinal passive sensing dataset on college student mental health to date. Our evaluation spans modeling paradigm, LLM adaptation strategy, and personalization, yielding three key findings: DL models, particularly Transformer, achieve the strongest overall performance, while LLMs exhibit a reasoning-prediction gap; few-shot consistently outperforms zero-shot and supervised fine-tuning (SFT); and personalization substantially improves forecasting. These findings lay groundwork for next-generation, human-centered adaptive systems supporting early mental health intervention. Our code is available at .",2026,,"Proceedings of the 34th ACM Conference on User Modeling, Adaptation and Personalization",,,528-531,,10.1145/3774935.3812715,,#12601,Feng 2026,"",study_updation_25_26
NarrativeSense: Predicting Affective States in University Students through Smartphone Sensing and Contextual Narratives,"Zhang, Tianyi; Li, Yan; Ding, Yihao; Jia, Hong; Kostakos, Vassilis; D’Alfonso, Simon","Mental health challenges are increasingly prevalent among university students, yet often go undetected due to reliance on traditional assessments that are subjective, infrequent, and lack behavioral context. Digital phenotyping through passively collected smartphone data offers a scalable alternative, but existing approaches often fail to integrate predictive accuracy with narrative-based insights. To overcome these limitations, we present NarrativeSense, a novel framework that combines machine learning models with narrative-based descriptions of daily life events inferred from smartphone sensing data to predict weekly affective states. The system incorporates language model components to transform behavioral patterns into contextualized, human-readable narratives that ground affective predictions in everyday experiences. This narrative layer complements structured prediction by offering intuitive, user-centered insights. Applied to longitudinal data from 58 university students over 119 days, NarrativeSense outperforms baseline machine learning models, standalone LLMs, and ensemble methods, while providing richer insights. Our findings demonstrate the potential of narrative-enhanced digital phenotyping for scalable and explainable mental health monitoring in educational and clinical settings.",2026,,ACM Trans. Comput. Healthcare,7,2,,,10.1145/3788688,,#12602,Zhang 2026,"",study_updation_25_26
The Reports of My Capabilities Are Greatly Exaggerated - Small LLMs for Depression Inference from Mobile Sensing Data,"Kirovska, Ilina; Pejović, Veljko","Modern large language models (LLMs) trained on huge amounts of textual data excel in a number of tasks related to generation and analysis of textual and even multimodal input. Automated inferences related to mental health status are crucial as humanity faces an epidemic of mental illness. The potential of LLMs to tackle this problem given texts written by target participants has already been documented. However, the ability of LLMs to infer a user's health status from mobile sensing data alone has received only limited attention, while the practical feasibility of such LLMs running directly on end-user devices has not been addressed. In this paper, we conduct a preliminary analysis of the potential of a state-of-the-art mobile-ready LLM to infer a user's depression level from mobile sensing traces. Our investigation reveals that expectations based on the success of LLMs in other tasks are not justified in the case of inferring mental health status from sensor data. We discuss augmentations that could improve LLM-based inference in the future.",2026,,Companion of the 2025 ACM International Joint Conference on Pervasive and Ubiquitous Computing,,,1223-1228,,10.1145/3714394.3756240,,#12609,Kirovska 2026,"",study_updation_25_26
Toward Detecting Postpartum Depression Using Passive Mobile Sensing: Exploratory Analysis,"Tang, Jia; Gu, Xiuwen; Taya, Akihito; Sezaki, Kaoru; Nishiyama, Yuuki","Postpartum depression (PPD) is a prevalent mental health issue with severe consequences, yet its early detection is hampered by limitations in traditional screening methods like self-reported questionnaires. This study explores the potential of passive mobile sensing (PMS) to objectively assess PPD symptoms in postpartum women in Japan. Our iOS application, ZeroPPD, continuously collected sensor-derived behavioral metrics (e.g., mobility, activity, and phone usage) from 21 participants over four weeks. During this period, participants also submitted self-reported data on infant and maternal sleep, along with periodic Edinburgh Postnatal Depression Scale (EPDS) scores. Statistical analyses, including Linear Mixed-effects Models, identified significant correlations between specific behavioral features and EPDS scores. Key findings revealed specific behavioral patterns associated with PPD, including infant-related sleep disruptions and maternal caregiving stress (e.g., increased morning baby crying, longer nighttime stay durations), altered daytime activity and stationary behaviors (e.g., frequent afternoon activity bouts linked to lower EPDS), and potentially stress-related mobility. These results highlight PPD-specific digital biomarkers, suggesting that PMS can offer an effective pathway for continuous, objective monitoring of PPD-related behavioral changes, paving the way for the subsequent development of data-driven early risk identification tools and timely interventions.",2026,,Companion of the 2025 ACM International Joint Conference on Pervasive and Ubiquitous Computing,,,281-285,,10.1145/3714394.3754405,,#12618,Tang 2026,"",study_updation_25_26
A Multimodal AI–IoT Framework for Monitoring Student Well-Being in Hybrid and Transnational Learning Environments,"Zamani, Sanaz; Sinha, Roopak; Nguyen, Minh; Madanian, Samaneh","Problem Statement: International students often face challenges to their well-being as they adjust to new cultural, academic, and social environments. These challenges can be increased in hybrid learning settings, where students must balance on-campus participation with significant online study. Feelings of isolation, academic pressure, disrupted routines, and difficulties in building local support networks are common. Universities typically lack continuous insight into how these stressors appear in students’ daily behaviours. This study examines how everyday digital and physical activity patterns captured through unobtrusive sensing can help institutions better understand and support the well-being of international students.Methods: Using the publicly available StudentLife dataset as a proxy for the behavioural data students naturally produce, we analyse four key streams: physical activity, sleep estimation, phone usage, and online course engagement. These signals are incorporated into a conceptual IoT-enabled smart campus solution based on a novel architecture, where mobile sensing and environmental context form an integrated layer for well-being monitoring. We extract daily behavioural features and link them with PHQ-9 mental health scores to explore how fluctuations in routine behaviours correspond to changes in mood and well-being. Machine learning models, including Random Forest, Gradient Boosting, and Decision Tree, are used to identify behavioural patterns that align with elevated stress.Results: The analysis shows that irregular sleep patterns, reduced physical activity, increased phone usage, and fluctuations in online engagement frequently coincide with higher PHQ-9 scores, indicating a low level of mental health well-being. These behavioural changes reflect patterns commonly reported by international students during periods of adjustment or academic pressure. Significantly, some behavioural shifts occur before increases in PHQ-9 symptoms, indicating potential opportunities for early, supportive intervention before well-being declines become severe.Significance: This work demonstrates how unobtrusive behavioural sensing, embedded within an IoT-enabled innovative campus framework, can provide universities with empathetic, real-time insights into the well-being of students, especially international students who are highly vulnerable. The study emphasises how institutions can use these insights to offer timely check-ins, culturally responsive support, and personalised resources. The findings contribute to a more human-centred approach to supporting the well-being of international students, helping universities create inclusive and supportive learning environments for a diverse global student population.",2026,,Proceedings of the 2026 Australasian Computer Science Week,,,60-63,,10.1145/3793811.3793818,,#12619,Zamani 2026,"",study_updation_25_26
ReflectAI: Promoting Student Wellbeing using LLM-Driven Multimodal Sensing System for Proactive Behavioral Feedback,"Ray, Lala Shakti Swarup; Calatrava-Nicolas, Francisco M","University students today face a growing mental health crisis, yet existing wellbeing technologies often operate in isolation, rely heavily on manual self-tracking, and struggle to detect subtle behavioral changes or provide timely, personalized support. To address these limitations, we present ReflectAI, a proactive digital companion that combines multimodal passive sensing with large language model (LLM) reasoning to deliver context-aware, empathetic wellbeing feedback by integrating two key components: a contextual recognizer that semantically interprets behavioral cues from sensor and schedule data, and an LLM-based reasoning engine that infers user intent and generates psychologically informed responses. Leveraging few-shot prompting and pretrained psychological knowledge, the system interprets behavioral summaries—such as reduced mobility or irregular sleep—and delivers timely, adaptive feedback without requiring manual input or rule-based classifiers. Preliminary evaluation on StudentLife and GLOBEM datasets demonstrate promising output quality, validating the feasibility of LLM-powered behavior-aware feedback generation.",2026,,Companion of the 2025 ACM International Joint Conference on Pervasive and Ubiquitous Computing,,,601-604,,10.1145/3714394.3750596,,#12620,Ray 2026,"",study_updation_25_26
Leveraging Smartphone Human Interaction Routine Behavior Task Mining and Modeling for Daily Stress Monitoring,"Lee, Hansoo; Park, Taehyeon; Koh, Youngji; Lee, Jae-Gil; Lee, Uichin","With advancements in mobile sensing technologies, there is a growing need for scalable and interpretable stress monitoring solutions that remain robust over time. Existing smartphone passive sensing approaches rely on statistical app usage features or multi-modal sensor data, making them susceptible to distribution shift and feature evolution (e.g., schema drift), and adding model complexity. To address these challenges, we propose the Smartphone Human Interaction-based Routine Behavior Task Mining, Modeling, and Feature Extraction (SHIRBT-MMF) framework, which models stress-related behaviors by mining finegrained interaction routine tasks rather than aggregated app usage patterns. SHIRBT-MMF leverages multi-level sequential pattern mining and large language model-based automated task modeling to extract interpretable and stable features from within-app UI state transitions. Unlike traditional methods that require hundreds of apps, SHIRBT focuses on a small, consistent set of routine-based tasks, mitigating covariate shift and feature evolution while improving model robustness. We validated SHIRBT-MMF through one- and four-month in-the-wild datasets with 26 participants, demonstrating that the SHIRBT-based personalized model achieves an average accuracy of 75%, outperforming baseline models by 5% while using only 3-6% of app types. Additionally, SHIRBT features remain stable over time, reducing covariate shift and ensuring reliable performance. With its expandability to other mental health, interpretability, and privacy-conscious design, the SHIRBT-MMF framework lays the foundation for personalized digital mental health monitoring.",2025,,Proc. ACM Interact. Mob. Wearable Ubiquitous Technol.,9,4,,,10.1145/3770644,,#12633,Lee 2025,"",study_updation_25_26
AWARE Narrator and the Utilization of Large Language Models to Extract Behavioral Insights from Smartphone Sensing Data,"Zhang, Tianyi; Kojima, Miu; D'Alfonso, Simon","Smartphones, equipped with an array of sensors, have become valuable tools for personal sensing. Particularly in digital health, smartphones facilitate the tracking of health-related behaviors and contexts, contributing significantly to digital phenotyping, a process where data from digital interactions is analyzed to infer behaviors and assess mental health. Traditional methods process raw sensor data into information features for statistical and machine learning analyses. In this paper, we introduce a novel approach that systematically converts smartphone-collected data into structured, chronological narratives. The AWARE Narrator translates quantitative smartphone sensing data into English language descriptions, forming comprehensive narratives of an individual’s activities. We apply the framework to the data collected from university students over a week, demonstrating the potential of utilizing the narratives to summarize individual behavior, and analyzing psychological states by leveraging large language models.",2025,,Proceedings of the 36th Australasian Conference on Human-Computer Interaction,,,834-843,,10.1145/3726986.3727008,,#12634,Zhang 2025,"",study_updation_25_26
Predicting and Understanding College Student Mental Health with Interpretable Machine Learning,"Chowdhury, Meghna Roy; Xuan, Wei; Sen, Shreyas; Zhao, Yixue; Ding, Yi","Mental health issues among college students have reached critical levels, affecting both academic performance and overall wellbeing. Predicting and understanding mental health status among college students is challenging due to three key barriers: the lack of large-scale longitudinal datasets, the prevalence of black-box machine learning models that offer little transparency, and a reliance on population-level analysis rather than personalized understanding.To tackle these challenges, this paper presents I-HOPE, the first Interpretable Hierarchical mOdel for Personalized mEntal health prediction. I-HOPE is a two-stage hierarchical model that connects raw behavioral features to mental health status through five defined behavioral categories as interaction labels. We evaluate I-HOPE on the College Experience Study, the longest longitudinal mobile sensing dataset. This dataset spans five years and captures data from both pre-pandemic periods and the COVID-19 pandemic. I-HOPE achieves a prediction accuracy of 91%, significantly surpassing the 60–70% accuracy of baseline methods. In addition, I-HOPE distills complex patterns into interpretable and individualized insights, enabling the future development of tailored interventions and improving mental health support.",2025,,"Proceedings of the ACM/IEEE International Conference on Connected Health: Applications, Systems and Engineering Technologies",,,257-268,,10.1145/3721201.3721372,,#12636,Chowdhury 2025,"",study_updation_25_26
Continual Learning Strategies for Personalized Mental Well-being Monitoring from Mobile Sensing Data,"Patanè, Giovanni; Sorrenti, Amelia; Bellitto, Giovanni; Palazzo, Simone","Automatic prediction of psychological stress using mobile sensing data is critical for developing personalized mental health monitoring tools. Traditional approaches typically train static models offline, limiting their applicability in real-world scenarios characterized by evolving user behaviors and data streams. To address these challenges, we formulate stress prediction as a continual learning (CL) regression task, where each user constitutes a distinct sequential task. Within this framework, we evaluate two adaptation strategies: (1) a replay-based approach, leveraging recurrent neural networks combined with an episodic memory buffer; and (2) a prompt-based method, where task-specific prompts are jointly trained with a transformer backbone and combined with the memory buffer to enable task-aware adaptation across users. Experiments conducted on a filtered subset of the StudentLife dataset, comprising multimodal behavioral and contextual data, demonstrate that prompt-based methods achieve competitive predictive performance. Our results underline the potential of continual learning paradigms to enable scalable and adaptive stress prediction systems.",2025,,Proceedings of the International Workshop on Personalized Incremental Learning in Medicine,,,9-17,,10.1145/3746259.3760432,,#12644,Patanè 2025,"",study_updation_25_26
Analysis of Digital Phenotype for Classification of Self-Reported Anxiety,Bonato L.A.B.; Meneses D.A.; Tavares J.J.C.; Lopez L.C.S.,"Digital phenotypes are behavioral patterns inferred from digital data, which have significantly contributed to eHealth research. Machine learning has proven effective in tracking these patterns; however, psychophysiological variables are still underutilized in identifying digital phenotypes. The objective of this study was to test the machine learning algorithms XGBoost, AdaBoost, RFC, and GaussianNB in classifying digital phenotypes of severe anxiety. Data from 360 volunteers, aged between 18 and 68 years of both sexes, were collected through self-report scales via the Neuropesquisa app, which simultaneously captured psychophysiological data, such as response time, accelerometer, and gyroscope readings. Scores from the DAAS-21 scale were used to identify individuals with severe anxiety. The results indicated that all four algorithms detected the digital phenotype with an accuracy greater than 75%. The RFC and GaussianNB classifiers achieved the highest accuracies, 81.48% and 80.56%, respectively, with f1 scores of 44.4% and 60.38%, and AUCs of 79% and 83% on the ROC curves. We conclude that the GaussianNB algorithm was the most effective in predicting the digital phenotype of severe anxiety.",2026,/,Anais da Academia Brasileira de Ciencias,98,2,e20250023,651802199,https://dx.doi.org/10.1590/0001-3765202620250023,42484163,#12647,Bonato 2026,"",study_updation_25_26
Digital Phenotyping for Adolescent Mental Health: Feasibility Study Using Machine Learning to Predict Mental Health Risk From Active and Passive Smartphone Data,Kadirvelu B.; Bel T.B.; Freccero A.; Di Simplico M.; Nicholls D.; Faisal A.A.,"Background: Adolescents are particularly vulnerable to mental disorders, with over 75% of lifetime cases emerging before the age of 25 years. Yet most young people with significant symptoms do not seek support. Digital phenotyping, leveraging active (self-reported) and passive (sensor-based) data from smartphones, offers a scalable, low-burden approach for early risk detection. Despite this potential, its application in school-going adolescents from general (nonclinical) populations remains limited, leaving a critical gap in community-based prevention efforts. Objective(s): This study evaluated the feasibility of using a smartphone app to predict mental health risks in nonclinical adolescents by integrating active and passive data streams within a machine learning (ML) framework. We examined the utility of this approach for identifying risks related to internalizing and externalizing difficulties, eating disorders, insomnia, and suicidal ideation. Method(s): Participants (n=103; mean age 16.1 years, SD 1.0) from 3 UK secondary schools used the Mindcraft app (Brain and Behaviour Lab) for 14 days, providing daily self-reports (eg, mood, sleep, and loneliness) and continuous passive sensor data (eg, location, step count, and app usage). We developed a deep learning model incorporating contrastive pretraining with triplet margin loss to stabilize user-specific behavioral patterns, followed by supervised fine-tuning for binary classification of 4 mental health outcomes, namely, the Strengths and Difficulties Questionnaire (SDQ)-high risk, insomnia, suicidal ideation, and eating disorder. Performance was assessed using leave-one-subject-out cross-validation (LOSO-CV), with balanced accuracy as the primary metric. Comparative analyses were conducted using CatBoost (Yandex) and multilayer perceptron (MLP) models without pretraining. Feature importance was assessed using Shapley Additive Explanations (SHAP) values, and associations between key digital features and clinical scales were analyzed. Result(s): Integration of active and passive data outperformed single-modality models, achieving mean balanced accuracies of 0.71 (0.03) for SDQ-high risk, 0.67 (0.04) for insomnia, 0.77 (0.03) for suicidal ideation, and 0.70 (0.03) for eating disorder. The contrastive learning approach improved representation stability and predictive robustness. SHAP analysis highlighted clinically relevant features, such as negative thinking and location entropy, underscoring the complementary value of combining subjective and objective data. Correlation analyses confirmed meaningful associations between key digital features and mental health outcomes. Performance in an independent external validation cohort (n=45) achieved balanced accuracies of 0.63-0.72 across outcomes, suggesting generalizability to new settings. Conclusion(s): This study demonstrates the feasibility and utility of smartphone-based digital phenotyping for predicting mental health risks in nonclinical, school-going adolescents. By integrating active and passive data with advanced machine modeling techniques, this approach shows promise for early detection and scalable intervention strategies in community settings.Copyright © Balasundaram Kadirvelu, Teresa Bellido Bel, Aglaia Freccero, Martina Di Simplico, Dasha Nicholls, A Aldo Faisal.",2026,/,Journal of Medical Internet Research,28,"(Kadirvelu, Faisal) Brain & Behaviour Lab, Department of Computing, Department of Bioengineering, Imperial College London, London, United Kingdom(Bel, Freccero, Di Simplico, Nicholls) Division of Psychiatry, Department of Brain Sciences, Imperial College ",e72501,2043337080,https://dx.doi.org/10.2196/72501,41637624,#12837,Kadirvelu 2026,"",study_updation_25_26
Smart Smartphones for Mental Health,A. R. Ani; A. Alvi; S. Saheel; T. Ahmed; D. L. Chen; Z. Wahhaj; N. Mbau,"Mental health disorders among university students are a growing concern, particularly in regions with limited access to professional support. This study explores a machine learning-driven approach to predicting mental health status using smartphone sensor data collected via the Beiwe mobile app. Data from 79 university students in Bangladesh, including GPS, power state, Bluetooth, and accelerometer signals, were analyzed to identify behavioral patterns linked to mental well-being. Three regression-based machine learning models, Decision Tree, Support Vector, and Random Forest Regressors, were evaluated, with hyperparameter tuning performed using grid search and 5-fold cross-validation. Results indicate that the Random Forest Regressor achieved the best performance (RMSE = 1.303, R2 = 0.425), demonstrating its potential in capturing meaningful insights from digital phenotyping data. While findings highlight the feasibility of passive mental health monitoring, the modest predictive accuracy underscores the need for incorporating additional behavioral variables and advanced modeling techniques. This research contributes to the growing field of digital mental health diagnostics, paving the way for scalable, ethical, and data-driven intervention strategies.",2026,,2026 IEEE Canadian Conference on Electrical and Computer Engineering (CCECE),,,633-637,,10.1109/CCECE68150.2026.11610416,,#13118,A 2026,"",study_updation_25_26
Explainable Prediction of Daily Stress and Sleep Quality from Passive Smartphone Behavioral Sensing: A SHAP-Based Analysis of the StudentLife Dataset,J. Daniel; C. Ishaya; N. M. Edward; V. Augustine; Y. G. Bello; L. A. Obadiah; S. Wilson; Z. Musa; D. K. Titus,"Chronic stress and poor sleep quality are among the most prevalent mental health concerns in university student populations. While passive smartphone sensing offers a non-intrusive alternative to traditional clinical assessments, it remains unclear which behavioral signals are most predictive of daily stress and sleep outcomes, and whether complex machine learning models provide meaningful advantages over simple baselines in this domain. This study addresses both questions using the StudentLife dataset—a longitudinal passive sensing dataset collected from 48 Dartmouth College undergraduates over a 10-week academic term. Seven daily behavioral features are extracted from activity sensing, conversation sensing, and phone usage logs. Five regression models—Linear Regression, Random Forest, XGBoost, LightGBM, and a Multilayer Perceptron (MLP)—are evaluated under Leave-One-Subject-Out (LOSO) cross-validation, the standard protocol for subject-independent generalization in mobile health research. Results show that Linear Regression achieves competitive performance for both tasks (stress: MAE=1.242, R2=0.008; sleep: MAE=1.416, R2=0.112), while complex ensemble and deep learning models provide no consistent advantage. SHAP explainability analysis reveals that physical activity ratio and conversation duration are the strongest behavioral predictors of daily stress, while week in term and conversation frequency dominate sleep prediction. We position the near-zero R2 values for stress prediction not as a failure but as a rigorous quantification of how much variance in daily stress is explainable by population-level behavioral features alone under subject-independent evaluation—a negative result of methodological value to the mobile health community. These findings contribute a rigorous methodological benchmark and motivate future work on personalized, multimodal sensing frameworks.",2026,,"2026 8th International Congress on Human-Computer Interaction, Optimization and Robotic Applications (ICHORA)",,,1-6,,10.1109/ICHORA69329.2026.11537136,,#13136,J 2026,"",study_updation_25_26
Predicting Daily Depression Scores Using Passive Sensing: A Behaviour-Aware Approach to Missing Value Handling,S. Corbett; N. Rossberg; M. M. Qirtas; A. Visentin,"Depression is a serious mental health issue among college students, yet early detection and continuous monitoring remain challenging due to reliance on infrequent and subjective self-reports. Recent developments in mobile and wearable sensor technologies provide a promising alternative by using passive, real-time monitoring of behavioural patterns. However, such data are often missing, and traditional imputation methods typically assume data are missing (completely) at random. In this study, we introduced a sensor-aware preprocessing pipeline that adjusts specific missing values when the absence of data may reflect meaningful user behaviour rather than sensor failure. The pipeline is applied to longitudinal mobile sensing data and weekly Patient Health Questionnaire-4 (PHQ-4) depression scores from college students over three academic years. By interpolating PHQ-4 scores to generate daily labels, we train and evaluate regression models to predict depression scores. Our sensor-aware adjustment approach improved model performance compared to standard preprocessing methods. These findings show the value of including contextual knowledge in missing data handling and support the feasibility of passive, continuous mental health monitoring in student populations.",2025,,2025 IEEE International Conference on Smart Computing (SMARTCOMP),,,312-317,,10.1109/SMARTCOMP65954.2025.00077,,#13213,S 2025,"",study_updation_25_26
SmartADHDMonitor: A Novel Approach to Automatic ADHD Monitoring Through Smartphone App Usage Data,S. Ware; K. Rijal; L. E. Knouse,"Attention-Deficit Hyperactivity Disorder (ADHD) is a prevalent neurodevelopmental condition affecting both children and adults alike, characterized primarily by problematic inattention and hyperactivity/impulsivity that causes functional impairment in daily life. The current ADHD diagnosis relies on the physician-administered approach and requires significant manual intervention, which in turn could be more prone to human error and may also suffer from recall bias. The ubiquitous nature of smartphones and their rich set of embedded sensors make them an ideal solution for behavior tracking and diagnosis. In this study, we introduce SmartADHDMonitor, a novel approach for predicting weekly ADHD symptom levels and diagnostic status. This approach utilizes passively collected smartphone app usage data from 12 college-age students on the Android platform. We calculated a comprehensive set of features using the smartphone app usage behavioral data and constructed a family of machine-learning models for predicting weekly levels of ADHD symptoms and ADHD diagnostic status. Our results demonstrate that the app usage data could be used for predicting ADHD diagnostic status fairly accurately with F1 scores as high as 0.88. Our preliminary findings offer a promising research direction into machine learning applications for ADHD diagnosis and monitoring through smartphone sensing data. As one of the first studies in this domain, SmartADHDMonitor offers a novel, technology-driven perspective on addressing the growing need for accessible mental health care solutions, further advancing the smart connected health in the field of ADHD monitoring.",2025,,"2025 IEEE 49th Annual Computers, Software, and Applications Conference (COMPSAC)",,,854-865,,10.1109/COMPSAC65507.2025.00113,,#13223,S 2025,"",study_updation_25_26
Affective Disorder Recognition via Smartphone Sensing: A Non-Intrusive Approach on Campus,G. Feng; G. Cheng; Y. Bai; Y. Lin; S. Li; M. Yang,"Early detection of major depressive disorder (MDD) remains challenging due to limitations of self-report assessments. This study proposes a non-intrusive framework for depression recognition using passively collected smartphone sensor data and multivariate time series modeling. Behavioral data from 56 university students over $\mathbf{1 4}$ days were collected via a custom app, MoodSense, covering physical activity, mobility, social interaction, and environmental cues. A total of 603 daily sequences were labeled using PHQ-9 scores. After comprehensive feature engineering and alignment, we benchmarked state-of-the-art time series models across four architectures: RNNs, CNNs, Transformers, and ROCKET. Among them, MultiROCKET achieved the best overall performance, reaching 73.3% accuracy and macro F1-score of 70.3%, while maintaining high computational efficiency. Ablation studies confirmed movement and social features as the most predictive behavioral markers. Spatial-temporal visualization revealed depressive patterns such as reduced mobility and social withdrawal. This work demonstrates the feasibility of unobtrusive, real-world emotion recognition via smartphone sensing, offering practical value for early mental health screening and affective behavior modeling.",2025,,2025 19th International Conference on Complex Medical Engineering (CME),,,367-379,,10.1109/CME67420.2025.11239357,,#13344,G 2025,"",study_updation_25_26
Federated Mental Wellbeing Assessment Using Smartphone Sensors Under Unreliable Participation,G. Martis; R. McConville,"Today’s smartphones are equipped with sensors that can track and collect data about users’ everyday activities, which can then be transformed into behavioural indicators of users’ health and wellbeing. Prior studies were focused on centralised machine learning techniques, which transfers all the data to a central server. With modern smartphones being powerful enough to process data locally on a user’s device, federated learning (FL) has emerged as a promising alternative that addresses privacy concerns inherent in centralised setups. This study explores the feasibility of FL models to predict mental wellbeing in a decentralised setting. We also closely evaluate how FL can be applied in such applications in the wild, i.e., where user participation may be inconsistent due to device limitations or privacy concerns inherent in mental health monitoring. To further alleviate demands on edge clients, we incorporate federated continual learning, allowing for adaptive, timely model updates that enhance robustness in real-world mental health applications. In our experiments, we trained tree-based, fully-connected and recurrent neural networks, comparing each time with the centralised approach and random baselines. We also assess the model’s ability to generalise across different users and adapt to temporal changes, ensuring reliability across diverse real-world contexts. The findings suggested that given the widespread use of such devices, FL holds great potential in mood and depression detection while protecting data privacy. Our continual FL achieves similar performance to standard FL, but with added benefit of faster model updates.",2025,,IEEE Access,13,,131042-131052,,10.1109/ACCESS.2025.3591310,,#13363,G 2025,"",study_updation_25_26
Modeling Short-Term Symptom Changes and Behavioral Subtypes of Depression and Anxiety in the General Population: Observational Study Using Smartphone Data.,Kim SM; Park HG; Shin JW; Park JH; Joo SW; Park S; Jung D; Lee S; Lee SW; Kim H; Jo YT; Ko S; Choi A; Rhim J; Yoo JH; Lee J,"BACKGROUND: Smartphone-based digital phenotyping has emerged as a promising approach for monitoring mental health using passive behavioral data. Prior studies have linked smartphone-derived features to depression and anxiety severity; however, knowledge regarding whether short-term changes in symptoms can be captured using passive smartphone data in general population samples remains limited, as does the understanding of how such findings should be interpreted vis-à-vis behavioral patterns and demographic variability. OBJECTIVE: This study aimed to model short-term changes in depression and anxiety severity using passive smartphone data, examine model performance across demographic subgroups, and identify behavioral patterns associated with symptom changes. METHODS: We collected 2 weeks of smartphone usage data from 95 adults in the general population and assessed depressive and anxiety symptoms using the clinician-rated Hamilton Depression Rating Scale and Hamilton Anxiety Rating Scale, respectively. Behavioral features-including physical activity, app use, and screen usage metrics-were extracted and compressed using an autoencoder and principal component analysis. The resulting features-along with age, sex, and baseline Hamilton scores-were used to train random forest classifiers predicting symptom score changes (increase, decrease, or unchanged). Additionally, we examined whether model performance differed across demographic subgroups and whether models excluding baseline scores retained predictive performance, as baseline severity was expected to be a strong predictor. To add explanatory value beyond prediction, behavioral subtypes associated with symptom changes were identified by applying unsupervised clustering. RESULTS: The model exhibited moderate performance in predicting changes in the Hamilton Depression Rating Scale (mean accuracy=0.70, mean area under the receiver operating characteristic curve=0.74) and Hamilton Anxiety Rating Scale (mean accuracy=0.65, mean area under the receiver operating characteristic curve=0.69) scores. Performance varied according to demographics, with reduced accuracy among younger adults and females, although these differences were not significant in permutation tests. Excluding baseline Hamilton scores diminished performance substantially, suggesting that baseline symptom severity accounted for a substantial proportion of the predictive performance. Clustering revealed 4 distinct behavioral subtypes according to smartphone usage patterns. A cluster characterized by structured, daytime-focused smartphone use and lower temporal entropy demonstrated greater improvement in depressive symptoms, whereas clusters with lower and irregular usage patterns exhibited minimal improvement or worsening. CONCLUSIONS: Passive smartphone-derived behavioral data demonstrated moderate ability to model short-term symptom changes in this predominantly nonclinical sample. However, a substantial proportion of the predictive performance was attributable to baseline symptom severity, underscoring that passive smartphone data may provide modest supplementary information rather than robust stand-alone predictive value. Nevertheless, clustering analyses indicated that passive data may still assist in identifying behaviorally distinct subtypes associated with different depressive symptom trajectories. These findings reflect a practical contribution to digital phenotyping research by elucidating both the potential and constraints of passive smartphone data for short-term symptom monitoring in small general population samples.",2026,Jul,JMIR Form Res,10,,e88083,,10.2196/88083,42447468,#13686,Kim 2026,"",study_updation_25_26
